[{"model": "contenttypes.contenttype", "pk": 1, "fields": {"app_label": "admin", "model": "logentry"}}, {"model": "contenttypes.contenttype", "pk": 2, "fields": {"app_label": "auth", "model": "permission"}}, {"model": "contenttypes.contenttype", "pk": 3, "fields": {"app_label": "auth", "model": "group"}}, {"model": "contenttypes.contenttype", "pk": 4, "fields": {"app_label": "auth", "model": "user"}}, {"model": "contenttypes.contenttype", "pk": 5, "fields": {"app_label": "contenttypes", "model": "contenttype"}}, {"model": "contenttypes.contenttype", "pk": 6, "fields": {"app_label": "sessions", "model": "session"}}, {"model": "contenttypes.contenttype", "pk": 7, "fields": {"app_label": "tour", "model": "type"}}, {"model": "contenttypes.contenttype", "pk": 8, "fields": {"app_label": "organizer", "model": "organizerimage"}}, {"model": "contenttypes.contenttype", "pk": 9, "fields": {"app_label": "organizer", "model": "organizer"}}, {"model": "contenttypes.contenttype", "pk": 10, "fields": {"app_label": "organizer", "model": "organizertype"}}, {"model": "contenttypes.contenttype", "pk": 11, "fields": {"app_label": "organizer", "model": "organizerurl"}}, {"model": "contenttypes.contenttype", "pk": 12, "fields": {"app_label": "tour", "model": "tour"}}, {"model": "contenttypes.contenttype", "pk": 13, "fields": {"app_label": "tour", "model": "tourdetailen"}}, {"model": "contenttypes.contenttype", "pk": 14, "fields": {"app_label": "tour", "model": "tourschedule"}}, {"model": "contenttypes.contenttype", "pk": 15, "fields": {"app_label": "tour", "model": "tourimage"}}, {"model": "contenttypes.contenttype", "pk": 16, "fields": {"app_label": "tour", "model": "toururl"}}, {"model": "contenttypes.contenttype", "pk": 17, "fields": {"app_label": "tour", "model": "tourdetailaz"}}, {"model": "contenttypes.contenttype", "pk": 18, "fields": {"app_label": "tour", "model": "tourdetailru"}}, {"model": "contenttypes.contenttype", "pk": 19, "fields": {"app_label": "activity", "model": "activity"}}, {"model": "contenttypes.contenttype", "pk": 20, "fields": {"app_label": "activity", "model": "activityschedule"}}, {"model": "contenttypes.contenttype", "pk": 21, "fields": {"app_label": "activity", "model": "activityimage"}}, {"model": "contenttypes.contenttype", "pk": 22, "fields": {"app_label": "activity", "model": "activitydetailru"}}, {"model": "contenttypes.contenttype", "pk": 23, "fields": {"app_label": "activity", "model": "activitydetailaz"}}, {"model": "contenttypes.contenttype", "pk": 24, "fields": {"app_label": "activity", "model": "activityurl"}}, {"model": "contenttypes.contenttype", "pk": 25, "fields": {"app_label": "activity", "model": "activitydetailen"}}, {"model": "contenttypes.contenttype", "pk": 26, "fields": {"app_label": "training", "model": "trainingdetailaz"}}, {"model": "contenttypes.contenttype", "pk": 27, "fields": {"app_label": "training", "model": "training"}}, {"model": "contenttypes.contenttype", "pk": 28, "fields": {"app_label": "training", "model": "trainingurl"}}, {"model": "contenttypes.contenttype", "pk": 29, "fields": {"app_label": "training", "model": "trainingdetailen"}}, {"model": "contenttypes.contenttype", "pk": 30, "fields": {"app_label": "training", "model": "trainingdetailru"}}, {"model": "contenttypes.contenttype", "pk": 31, "fields": {"app_label": "training", "model": "trainingimage"}}, {"model": "contenttypes.contenttype", "pk": 32, "fields": {"app_label": "training", "model": "trainingschedule"}}, {"model": "sessions.session", "pk": "8zs1d0gnujeij09t6et81fhtrkl8fs37", "fields": {"session_data": "ODkwZTQ5OWJkZmU5MzQwMmM1MDY2NDI5MGE2OTdhMDlhYzMxYjczNTp7Il9hdXRoX3VzZXJfaWQiOiI5IiwiX2F1dGhfdXNlcl9iYWNrZW5kIjoiZGphbmdvLmNvbnRyaWIuYXV0aC5iYWNrZW5kcy5Nb2RlbEJhY2tlbmQiLCJfYXV0aF91c2VyX2hhc2giOiJjMDA5MjIzYTkyYzMxMjRmNGExOWU5NmY0MDJjNTk2MjJjOGNlZTFkIn0=", "expire_date": "2020-03-29T10:01:57.985Z"}}, {"model": "sessions.session", "pk": "a0rsn55nje5dnv138mq6eg40q0267xld", "fields": {"session_data": "ODkwZTQ5OWJkZmU5MzQwMmM1MDY2NDI5MGE2OTdhMDlhYzMxYjczNTp7Il9hdXRoX3VzZXJfaWQiOiI5IiwiX2F1dGhfdXNlcl9iYWNrZW5kIjoiZGphbmdvLmNvbnRyaWIuYXV0aC5iYWNrZW5kcy5Nb2RlbEJhY2tlbmQiLCJfYXV0aF91c2VyX2hhc2giOiJjMDA5MjIzYTkyYzMxMjRmNGExOWU5NmY0MDJjNTk2MjJjOGNlZTFkIn0=", "expire_date": "2020-03-29T16:40:40.647Z"}}, {"model": "sessions.session", "pk": "jvbp0m70xhq8zmbkpmtwit9n6fhojy4k", "fields": {"session_data": "NmMxNTA0YzgyOTc0OTAyNTJhZTI3Yjk1MTMzOWI2YjBiZjgxN2ViMDp7Il9hdXRoX3VzZXJfaWQiOiIxIiwiX2F1dGhfdXNlcl9iYWNrZW5kIjoiZGphbmdvLmNvbnRyaWIuYXV0aC5iYWNrZW5kcy5Nb2RlbEJhY2tlbmQiLCJfYXV0aF91c2VyX2hhc2giOiJlNTBlZjdkZTJjZjY0YzU0ZjhiNjJkZGNlNDg2ZjNkMWMwZDliM2YwIn0=", "expire_date": "2020-06-05T08:51:00.182Z"}}, {"model": "sessions.session", "pk": "o1yrooyabibkzze882bnd8tki1jlir39", "fields": {"session_data": "YmYzMDkzMTg3NGI0ZTkxNmM0ZTc4MTQ5NzA0NmE3OWFmN2IyOGNmYjp7Il9hdXRoX3VzZXJfaWQiOiI2IiwiX2F1dGhfdXNlcl9iYWNrZW5kIjoiZGphbmdvLmNvbnRyaWIuYXV0aC5iYWNrZW5kcy5Nb2RlbEJhY2tlbmQiLCJfYXV0aF91c2VyX2hhc2giOiIxMWUyYWRhNzBhZjIwNjA2ODc4MThiNDIwYzRhMWQwMGQ5ZDE0OTMwIn0=", "expire_date": "2020-03-24T08:29:38.109Z"}}, {"model": "sessions.session", "pk": "pf7tpde3w7lisvsskpevoc3opcn937mr", "fields": {"session_data": "ODkwZTQ5OWJkZmU5MzQwMmM1MDY2NDI5MGE2OTdhMDlhYzMxYjczNTp7Il9hdXRoX3VzZXJfaWQiOiI5IiwiX2F1dGhfdXNlcl9iYWNrZW5kIjoiZGphbmdvLmNvbnRyaWIuYXV0aC5iYWNrZW5kcy5Nb2RlbEJhY2tlbmQiLCJfYXV0aF91c2VyX2hhc2giOiJjMDA5MjIzYTkyYzMxMjRmNGExOWU5NmY0MDJjNTk2MjJjOGNlZTFkIn0=", "expire_date": "2020-04-07T16:02:49.766Z"}}, {"model": "sessions.session", "pk": "yzmxzz4sytq74j4469as0cq11se82yjs", "fields": {"session_data": "NmMxNTA0YzgyOTc0OTAyNTJhZTI3Yjk1MTMzOWI2YjBiZjgxN2ViMDp7Il9hdXRoX3VzZXJfaWQiOiIxIiwiX2F1dGhfdXNlcl9iYWNrZW5kIjoiZGphbmdvLmNvbnRyaWIuYXV0aC5iYWNrZW5kcy5Nb2RlbEJhY2tlbmQiLCJfYXV0aF91c2VyX2hhc2giOiJlNTBlZjdkZTJjZjY0YzU0ZjhiNjJkZGNlNDg2ZjNkMWMwZDliM2YwIn0=", "expire_date": "2020-04-26T16:20:18.340Z"}}, {"model": "organizer.organizertype", "pk": 1, "fields": {"type": "company"}}, {"model": "organizer.organizerimage", "pk": 23, "fields": {"organizer": 8, "image": "organizer/image/qaranohur2_zgb9Ysk.jpeg"}}, {"model": "organizer.organizerimage", "pk": 24, "fields": {"organizer": 8, "image": "organizer/image/qutb4_JjXxoys.jpeg"}}, {"model": "organizer.organizerimage", "pk": 33, "fields": {"organizer": 10, "image": "organizer/image/shcedule_snowboard2_dj4QdjT.webp"}}, {"model": "organizer.organizerimage", "pk": 34, "fields": {"organizer": 10, "image": "organizer/image/Snowboarding2.jpeg"}}, {"model": "organizer.organizerimage", "pk": 35, "fields": {"organizer": 10, "image": ""}}, {"model": "organizer.organizerimage", "pk": 36, "fields": {"organizer": 10, "image": ""}}, {"model": "organizer.organizerimage", "pk": 37, "fields": {"organizer": 10, "image": ""}}, {"model": "organizer.organizerimage", "pk": 38, "fields": {"organizer": 10, "image": ""}}, {"model": "organizer.organizerimage", "pk": 39, "fields": {"organizer": 10, "image": ""}}, {"model": "organizer.organizerimage", "pk": 40, "fields": {"organizer": 10, "image": ""}}, {"model": "organizer.organizerimage", "pk": 41, "fields": {"organizer": 10, "image": ""}}, {"model": "organizer.organizerimage", "pk": 42, "fields": {"organizer": 10, "image": ""}}, {"model": "organizer.organizerimage", "pk": 43, "fields": {"organizer": 12, "image": "organizer/image/Snowboarding2_ljKhKtN.jpeg"}}, {"model": "organizer.organizerimage", "pk": 44, "fields": {"organizer": 12, "image": "organizer/image/logo_caucauses.png"}}, {"model": "organizer.organizerimage", "pk": 45, "fields": {"organizer": 12, "image": ""}}, {"model": "organizer.organizerimage", "pk": 46, "fields": {"organizer": 12, "image": ""}}, {"model": "organizer.organizerimage", "pk": 47, "fields": {"organizer": 12, "image": ""}}, {"model": "organizer.organizerimage", "pk": 48, "fields": {"organizer": 12, "image": ""}}, {"model": "organizer.organizerimage", "pk": 49, "fields": {"organizer": 12, "image": ""}}, {"model": "organizer.organizerimage", "pk": 50, "fields": {"organizer": 12, "image": ""}}, {"model": "organizer.organizerimage", "pk": 51, "fields": {"organizer": 12, "image": ""}}, {"model": "organizer.organizerimage", "pk": 52, "fields": {"organizer": 12, "image": ""}}, {"model": "organizer.organizerimage", "pk": 53, "fields": {"organizer": 13, "image": "organizer/image/Snowboarding2_iA45WnB.jpeg"}}, {"model": "organizer.organizerimage", "pk": 54, "fields": {"organizer": 13, "image": "organizer/image/logo_caucauses_XyIkQuB.png"}}, {"model": "organizer.organizerimage", "pk": 55, "fields": {"organizer": 1, "image": "organizer/image/qaranohur2_ihp8iUL.jpeg"}}, {"model": "organizer.organizerimage", "pk": 56, "fields": {"organizer": 1, "image": "organizer/image/qaranohur1_LGC5cK1.jpeg"}}, {"model": "organizer.organizerimage", "pk": 57, "fields": {"organizer": 1, "image": "organizer/image/qaranohur_S5rpACJ.webp"}}, {"model": "organizer.organizerimage", "pk": 58, "fields": {"organizer": 16, "image": "organizer/image/shcedule_snowboard3.webp"}}, {"model": "organizer.organizerimage", "pk": 59, "fields": {"organizer": 16, "image": "organizer/image/Snowboarding3_s0CWggm.jpg"}}, {"model": "organizer.organizerimage", "pk": 60, "fields": {"organizer": 18, "image": "organizer/image/shcedule_snowboard.webp"}}, {"model": "organizer.organizerimage", "pk": 61, "fields": {"organizer": 18, "image": "organizer/image/shcedule_snowboard_pGiiJsf.webp"}}, {"model": "organizer.organizerimage", "pk": 62, "fields": {"organizer": 19, "image": "organizer/image/shcedule_snowboard_zZ0YJXc.webp"}}, {"model": "organizer.organizerimage", "pk": 63, "fields": {"organizer": 19, "image": "organizer/image/snowboard_avatar_actvivity.webp"}}, {"model": "organizer.organizerimage", "pk": 64, "fields": {"organizer": 21, "image": "organizer/image/shcedule_snowboard2_m85l3xu.webp"}}, {"model": "organizer.organizerimage", "pk": 65, "fields": {"organizer": 22, "image": "organizer/image/shcedule_snowboard_iHODvck.webp"}}, {"model": "organizer.organizerimage", "pk": 66, "fields": {"organizer": 23, "image": "organizer/image/Shahdag_Mountain_Resort2_9AmENZS.jpeg"}}, {"model": "organizer.organizerimage", "pk": 67, "fields": {"organizer": 23, "image": "organizer/image/logo_caucauses_cT3RPUW.png"}}, {"model": "organizer.organizerimage", "pk": 68, "fields": {"organizer": 24, "image": "organizer/image/Shahdag_Mountain_Resort2_NCYyrp4.jpeg"}}, {"model": "organizer.organizerimage", "pk": 69, "fields": {"organizer": 24, "image": "organizer/image/Shahdag_Mountain_Resort3_gLxDSqW.jpg"}}, {"model": "tour.type", "pk": 2, "fields": {"type": "beach"}}, {"model": "tour.type", "pk": 3, "fields": {"type": "hiking"}}, {"model": "tour.type", "pk": 4, "fields": {"type": "mountain"}}, {"model": "tour.tour", "pk": 8, "fields": {"organizer": 1, "title": "Example Tour", "keyword": "example tour", "descriptionaz": "Azerbaycan dilinde etrafli bolmesi. Azerbaycan dilinde etrafli bolmesi. Azerbaycan dilinde etrafli bolmesi. Azerbaycan dilinde etrafli bolmesi. Azerbaycan dilinde etrafli bolmesi. Azerbaycan dilinde etrafli bolmesi. Azerbaycan dilinde etrafli bolmesi. Azerbaycan dilinde etrafli bolmesi. Azerbaycan dilinde etrafli bolmesi.", "descriptionen": "Description in english language, description in english. Description in english language, description in english. Description in english language, description in english. Description in english language, description in english. Description in english language, description in english. Description in english language, description in english.", "descriptionru": "O\u043f\u0438\u0441\u0430\u043d\u0438\u0435 \u043d\u0430 \u0440\u0443\u0441\u0441\u043a\u043e\u043c,  o\u043f\u0438\u0441\u0430\u043d\u0438\u0435 \u043d\u0430 \u0440\u0443\u0441\u0441\u043a\u043e\u043c. O\u043f\u0438\u0441\u0430\u043d\u0438\u0435 \u043d\u0430 \u0440\u0443\u0441\u0441\u043a\u043e\u043c,  o\u043f\u0438\u0441\u0430\u043d\u0438\u0435 \u043d\u0430 \u0440\u0443\u0441\u0441\u043a\u043e\u043c. O\u043f\u0438\u0441\u0430\u043d\u0438\u0435 \u043d\u0430 \u0440\u0443\u0441\u0441\u043a\u043e\u043c,  o\u043f\u0438\u0441\u0430\u043d\u0438\u0435 \u043d\u0430 \u0440\u0443\u0441\u0441\u043a\u043e\u043c. O\u043f\u0438\u0441\u0430\u043d\u0438\u0435 \u043d\u0430 \u0440\u0443\u0441\u0441\u043a\u043e\u043c,  o\u043f\u0438\u0441\u0430\u043d\u0438\u0435 \u043d\u0430 \u0440\u0443\u0441\u0441\u043a\u043e\u043c. O\u043f\u0438\u0441\u0430\u043d\u0438\u0435 \u043d\u0430 \u0440\u0443\u0441\u0441\u043a\u043e\u043c,  o\u043f\u0438\u0441\u0430\u043d\u0438\u0435 \u043d\u0430 \u0440\u0443\u0441\u0441\u043a\u043e\u043c. O\u043f\u0438\u0441\u0430\u043d\u0438\u0435 \u043d\u0430 \u0440\u0443\u0441\u0441\u043a\u043e\u043c,  o\u043f\u0438\u0441\u0430\u043d\u0438\u0435 \u043d\u0430 \u0440\u0443\u0441\u0441\u043a\u043e\u043c. O\u043f\u0438\u0441\u0430\u043d\u0438\u0435 \u043d\u0430 \u0440\u0443\u0441\u0441\u043a\u043e\u043c,  o\u043f\u0438\u0441\u0430\u043d\u0438\u0435 \u043d\u0430 \u0440\u0443\u0441\u0441\u043a\u043e\u043c.", "type": "3", "country": "Azerbaijan", "city": "Gusar", "adress": null, "price": 51, "pricefor": 1, "currency": "AZN", "discount": null, "distance": null, "durationday": 3, "durationnight": 4, "datefrom": "2020-03-24", "dateto": "2020-03-28", "viewcount": 4, "avatar": "tour/avatar/qaranohur1.jpeg", "cover": "tour/cover/qaranohur2_lpgAW2R.jpeg", "guide": null, "status": 1}}, {"model": "tour.tour", "pk": 9, "fields": {"organizer": 1, "title": "Tour 2", "keyword": null, "descriptionaz": "", "descriptionen": "", "descriptionru": "", "type": "2", "country": "Azerbaijan", "city": null, "adress": null, "price": 121, "pricefor": 1, "currency": "AZN", "discount": null, "distance": null, "durationday": null, "durationnight": null, "datefrom": "2020-03-27", "dateto": null, "viewcount": 3, "avatar": "tour/avatar/mountain_avatar.jpg", "cover": "tour/cover/Snowboarding2.jpeg", "guide": null, "status": 1}}, {"model": "tour.tour", "pk": 10, "fields": {"organizer": 1, "title": "Test tour", "keyword": null, "descriptionaz": "az", "descriptionen": "en", "descriptionru": "ru", "type": "3", "country": "Azerbaijan", "city": null, "adress": null, "price": 50, "pricefor": 1, "currency": "AZN", "discount": null, "distance": null, "durationday": null, "durationnight": null, "datefrom": "2020-03-26", "dateto": null, "viewcount": 1, "avatar": "", "cover": "", "guide": null, "status": 2}}, {"model": "tour.tour", "pk": 12, "fields": {"organizer": 1, "title": "tester", "keyword": null, "descriptionaz": null, "descriptionen": "", "descriptionru": null, "type": "3", "country": "Azerbaijan", "city": null, "adress": null, "price": 20, "pricefor": 1, "currency": "AZN", "discount": null, "distance": null, "durationday": null, "durationnight": null, "datefrom": "2020-03-26", "dateto": null, "viewcount": 1, "avatar": "tour/avatar/Snowboarding3.jpg", "cover": "", "guide": null, "status": 2}}, {"model": "tour.tour", "pk": 13, "fields": {"organizer": 8, "title": "tester", "keyword": null, "descriptionaz": null, "descriptionen": "", "descriptionru": null, "type": "3", "country": "Azerbaijan", "city": null, "adress": null, "price": 77, "pricefor": 1, "currency": "AZN", "discount": null, "distance": null, "durationday": null, "durationnight": null, "datefrom": "2020-02-25", "dateto": null, "viewcount": 0, "avatar": "tour/avatar/Snowboarding2.jpeg", "cover": "tour/cover/qaranohur2_qqSoCwX.jpeg", "guide": null, "status": 2}}, {"model": "tour.tour", "pk": 14, "fields": {"organizer": 8, "title": "test123", "keyword": null, "descriptionaz": null, "descriptionen": "", "descriptionru": null, "type": "1", "country": "Azerbaijan", "city": null, "adress": null, "price": 88, "pricefor": 1, "currency": "AZN", "discount": null, "distance": null, "durationday": null, "durationnight": null, "datefrom": "2020-03-26", "dateto": null, "viewcount": 0, "avatar": "tour/avatar/Shahdag_Mountain_Resort3.jpg", "cover": "tour/cover/Snowboarding1.jpeg", "guide": null, "status": 2}}, {"model": "tour.tour", "pk": 15, "fields": {"organizer": 8, "title": "tester987", "keyword": null, "descriptionaz": null, "descriptionen": "", "descriptionru": null, "type": "", "country": "Azerbaijan", "city": null, "adress": null, "price": 99, "pricefor": 1, "currency": "AZN", "discount": null, "distance": null, "durationday": null, "durationnight": null, "datefrom": "2020-03-26", "dateto": null, "viewcount": 0, "avatar": "", "cover": "", "guide": null, "status": 2}}, {"model": "tour.tour", "pk": 16, "fields": {"organizer": 8, "title": "test9", "keyword": null, "descriptionaz": null, "descriptionen": "", "descriptionru": null, "type": "2", "country": "Azerbaijan", "city": null, "adress": null, "price": 77, "pricefor": 1, "currency": "AZN", "discount": null, "distance": null, "durationday": null, "durationnight": null, "datefrom": "2020-03-26", "dateto": null, "viewcount": 0, "avatar": "", "cover": "", "guide": null, "status": 2}}, {"model": "tour.tour", "pk": 17, "fields": {"organizer": 8, "title": "test9", "keyword": null, "descriptionaz": null, "descriptionen": "", "descriptionru": null, "type": "2", "country": "Azerbaijan", "city": null, "adress": null, "price": 77, "pricefor": 1, "currency": "AZN", "discount": null, "distance": null, "durationday": null, "durationnight": null, "datefrom": "2020-03-26", "dateto": null, "viewcount": 0, "avatar": "", "cover": "", "guide": null, "status": 2}}, {"model": "tour.tour", "pk": 18, "fields": {"organizer": 8, "title": "test8", "keyword": null, "descriptionaz": null, "descriptionen": "", "descriptionru": null, "type": "", "country": "Azerbaijan", "city": null, "adress": null, "price": 75, "pricefor": 1, "currency": "AZN", "discount": null, "distance": null, "durationday": null, "durationnight": null, "datefrom": "2020-03-26", "dateto": null, "viewcount": 0, "avatar": "", "cover": "", "guide": null, "status": 2}}, {"model": "tour.tour", "pk": 19, "fields": {"organizer": 8, "title": "test7", "keyword": null, "descriptionaz": null, "descriptionen": "", "descriptionru": null, "type": "", "country": "Azerbaijan", "city": null, "adress": null, "price": 75, "pricefor": 1, "currency": "AZN", "discount": null, "distance": null, "durationday": null, "durationnight": null, "datefrom": "2020-03-26", "dateto": null, "viewcount": 0, "avatar": "", "cover": "", "guide": null, "status": 2}}, {"model": "tour.tour", "pk": 20, "fields": {"organizer": 8, "title": "test7", "keyword": null, "descriptionaz": null, "descriptionen": "", "descriptionru": null, "type": "", "country": "Azerbaijan", "city": null, "adress": null, "price": 75, "pricefor": 1, "currency": "AZN", "discount": null, "distance": null, "durationday": null, "durationnight": null, "datefrom": "2020-03-26", "dateto": null, "viewcount": 0, "avatar": "", "cover": "", "guide": null, "status": 2}}, {"model": "tour.tour", "pk": 21, "fields": {"organizer": 8, "title": "test7", "keyword": null, "descriptionaz": null, "descriptionen": "", "descriptionru": null, "type": "", "country": "Azerbaijan", "city": null, "adress": null, "price": 75, "pricefor": 1, "currency": "AZN", "discount": null, "distance": null, "durationday": null, "durationnight": null, "datefrom": "2020-03-26", "dateto": null, "viewcount": 0, "avatar": "", "cover": "", "guide": null, "status": 2}}, {"model": "tour.tour", "pk": 22, "fields": {"organizer": 8, "title": "test7", "keyword": null, "descriptionaz": null, "descriptionen": "", "descriptionru": null, "type": "", "country": "Azerbaijan", "city": null, "adress": null, "price": 75, "pricefor": 1, "currency": "AZN", "discount": null, "distance": null, "durationday": null, "durationnight": null, "datefrom": "2020-03-26", "dateto": null, "viewcount": 0, "avatar": "", "cover": "", "guide": null, "status": 2}}, {"model": "tour.tour", "pk": 23, "fields": {"organizer": 8, "title": "test7", "keyword": null, "descriptionaz": null, "descriptionen": "", "descriptionru": null, "type": "", "country": "Azerbaijan", "city": null, "adress": null, "price": 75, "pricefor": 1, "currency": "AZN", "discount": null, "distance": null, "durationday": null, "durationnight": null, "datefrom": "2020-03-26", "dateto": null, "viewcount": 0, "avatar": "", "cover": "", "guide": null, "status": 2}}, {"model": "tour.tour", "pk": 24, "fields": {"organizer": 8, "title": "test7", "keyword": null, "descriptionaz": null, "descriptionen": "", "descriptionru": null, "type": "", "country": "Azerbaijan", "city": null, "adress": null, "price": 75, "pricefor": 1, "currency": "AZN", "discount": null, "distance": null, "durationday": null, "durationnight": null, "datefrom": "2020-03-26", "dateto": null, "viewcount": 0, "avatar": "", "cover": "", "guide": null, "status": 2}}, {"model": "tour.tour", "pk": 25, "fields": {"organizer": 8, "title": "test7", "keyword": null, "descriptionaz": null, "descriptionen": "", "descriptionru": null, "type": "", "country": "Azerbaijan", "city": null, "adress": null, "price": 75, "pricefor": 1, "currency": "AZN", "discount": null, "distance": null, "durationday": null, "durationnight": null, "datefrom": "2020-03-26", "dateto": null, "viewcount": 0, "avatar": "", "cover": "", "guide": null, "status": 2}}, {"model": "tour.tour", "pk": 26, "fields": {"organizer": 8, "title": "test7", "keyword": null, "descriptionaz": null, "descriptionen": "", "descriptionru": null, "type": "", "country": "Azerbaijan", "city": null, "adress": null, "price": 75, "pricefor": 1, "currency": "AZN", "discount": null, "distance": null, "durationday": null, "durationnight": null, "datefrom": "2020-03-26", "dateto": null, "viewcount": 0, "avatar": "", "cover": "", "guide": null, "status": 2}}, {"model": "tour.tour", "pk": 27, "fields": {"organizer": 8, "title": "test7", "keyword": null, "descriptionaz": null, "descriptionen": "", "descriptionru": null, "type": "", "country": "Azerbaijan", "city": null, "adress": null, "price": 75, "pricefor": 1, "currency": "AZN", "discount": null, "distance": null, "durationday": null, "durationnight": null, "datefrom": "2020-03-26", "dateto": null, "viewcount": 0, "avatar": "", "cover": "", "guide": null, "status": 2}}, {"model": "tour.tour", "pk": 28, "fields": {"organizer": 8, "title": "test70", "keyword": null, "descriptionaz": null, "descriptionen": "", "descriptionru": null, "type": "", "country": "Azerbaijan", "city": null, "adress": null, "price": 75, "pricefor": 1, "currency": "AZN", "discount": null, "distance": null, "durationday": null, "durationnight": null, "datefrom": "2020-03-26", "dateto": null, "viewcount": 0, "avatar": "", "cover": "", "guide": null, "status": 2}}, {"model": "tour.tour", "pk": 29, "fields": {"organizer": 8, "title": "test71", "keyword": null, "descriptionaz": null, "descriptionen": "", "descriptionru": null, "type": "", "country": "Azerbaijan", "city": null, "adress": null, "price": 75, "pricefor": 1, "currency": "AZN", "discount": null, "distance": null, "durationday": null, "durationnight": null, "datefrom": "2020-03-26", "dateto": null, "viewcount": 0, "avatar": "", "cover": "", "guide": null, "status": 2}}, {"model": "tour.tour", "pk": 30, "fields": {"organizer": 8, "title": "test71", "keyword": null, "descriptionaz": null, "descriptionen": "", "descriptionru": null, "type": "", "country": "Azerbaijan", "city": null, "adress": null, "price": 75, "pricefor": 1, "currency": "AZN", "discount": null, "distance": null, "durationday": null, "durationnight": null, "datefrom": "2020-03-26", "dateto": null, "viewcount": 0, "avatar": "", "cover": "", "guide": null, "status": 2}}, {"model": "tour.tour", "pk": 31, "fields": {"organizer": 8, "title": "test71", "keyword": null, "descriptionaz": null, "descriptionen": "", "descriptionru": null, "type": "", "country": "Azerbaijan", "city": null, "adress": null, "price": 75, "pricefor": 1, "currency": "AZN", "discount": null, "distance": null, "durationday": null, "durationnight": null, "datefrom": "2020-03-26", "dateto": null, "viewcount": 0, "avatar": "", "cover": "", "guide": null, "status": 2}}, {"model": "tour.tour", "pk": 32, "fields": {"organizer": 8, "title": "test71", "keyword": null, "descriptionaz": null, "descriptionen": "", "descriptionru": null, "type": "", "country": "Azerbaijan", "city": null, "adress": null, "price": 75, "pricefor": 1, "currency": "AZN", "discount": null, "distance": null, "durationday": null, "durationnight": null, "datefrom": "2020-03-26", "dateto": null, "viewcount": 0, "avatar": "", "cover": "", "guide": null, "status": 2}}, {"model": "tour.tour", "pk": 33, "fields": {"organizer": 8, "title": "test71", "keyword": null, "descriptionaz": null, "descriptionen": "", "descriptionru": null, "type": "", "country": "Azerbaijan", "city": null, "adress": null, "price": 75, "pricefor": 1, "currency": "AZN", "discount": null, "distance": null, "durationday": null, "durationnight": null, "datefrom": "2020-03-26", "dateto": null, "viewcount": 0, "avatar": "", "cover": "", "guide": null, "status": 2}}, {"model": "tour.tour", "pk": 34, "fields": {"organizer": 8, "title": "test71", "keyword": null, "descriptionaz": null, "descriptionen": "", "descriptionru": null, "type": "", "country": "Azerbaijan", "city": null, "adress": null, "price": 75, "pricefor": 1, "currency": "AZN", "discount": null, "distance": null, "durationday": null, "durationnight": null, "datefrom": "2020-03-26", "dateto": null, "viewcount": 0, "avatar": "", "cover": "", "guide": null, "status": 2}}, {"model": "tour.tour", "pk": 35, "fields": {"organizer": 8, "title": "test71", "keyword": null, "descriptionaz": null, "descriptionen": "", "descriptionru": null, "type": "", "country": "Azerbaijan", "city": null, "adress": null, "price": 75, "pricefor": 1, "currency": "AZN", "discount": null, "distance": null, "durationday": null, "durationnight": null, "datefrom": "2020-03-26", "dateto": null, "viewcount": 0, "avatar": "", "cover": "", "guide": null, "status": 2}}, {"model": "tour.tour", "pk": 36, "fields": {"organizer": 8, "title": "test71", "keyword": null, "descriptionaz": null, "descriptionen": "", "descriptionru": null, "type": "", "country": "Azerbaijan", "city": null, "adress": null, "price": 75, "pricefor": 1, "currency": "AZN", "discount": null, "distance": null, "durationday": null, "durationnight": null, "datefrom": "2020-03-26", "dateto": null, "viewcount": 0, "avatar": "", "cover": "", "guide": null, "status": 2}}, {"model": "tour.tour", "pk": 37, "fields": {"organizer": 8, "title": "test50", "keyword": null, "descriptionaz": null, "descriptionen": "", "descriptionru": null, "type": "1", "country": "Azerbaijan", "city": null, "adress": null, "price": 50, "pricefor": 1, "currency": "AZN", "discount": null, "distance": null, "durationday": null, "durationnight": null, "datefrom": "2020-03-24", "dateto": null, "viewcount": 0, "avatar": "", "cover": "", "guide": null, "status": 2}}, {"model": "tour.tour", "pk": 38, "fields": {"organizer": 8, "title": "test50", "keyword": null, "descriptionaz": null, "descriptionen": "", "descriptionru": null, "type": "1", "country": "Azerbaijan", "city": null, "adress": null, "price": 50, "pricefor": 1, "currency": "AZN", "discount": null, "distance": null, "durationday": null, "durationnight": null, "datefrom": "2020-03-24", "dateto": null, "viewcount": 0, "avatar": "", "cover": "", "guide": null, "status": 2}}, {"model": "tour.tour", "pk": 39, "fields": {"organizer": 8, "title": "test50", "keyword": null, "descriptionaz": null, "descriptionen": "", "descriptionru": null, "type": "1", "country": "Azerbaijan", "city": null, "adress": null, "price": 50, "pricefor": 1, "currency": "AZN", "discount": null, "distance": null, "durationday": null, "durationnight": null, "datefrom": "2020-03-24", "dateto": null, "viewcount": 0, "avatar": "", "cover": "", "guide": null, "status": 2}}, {"model": "tour.tour", "pk": 40, "fields": {"organizer": 8, "title": "test50", "keyword": null, "descriptionaz": null, "descriptionen": "", "descriptionru": null, "type": "1", "country": "Azerbaijan", "city": null, "adress": null, "price": 50, "pricefor": 1, "currency": "AZN", "discount": null, "distance": null, "durationday": null, "durationnight": null, "datefrom": "2020-03-24", "dateto": null, "viewcount": 0, "avatar": "", "cover": "", "guide": null, "status": 2}}, {"model": "tour.tour", "pk": 41, "fields": {"organizer": 8, "title": "test50", "keyword": null, "descriptionaz": null, "descriptionen": "", "descriptionru": null, "type": "1", "country": "Azerbaijan", "city": null, "adress": null, "price": 50, "pricefor": 1, "currency": "AZN", "discount": null, "distance": null, "durationday": null, "durationnight": null, "datefrom": "2020-03-24", "dateto": null, "viewcount": 0, "avatar": "", "cover": "", "guide": null, "status": 2}}, {"model": "tour.tour", "pk": 42, "fields": {"organizer": 8, "title": "test50", "keyword": null, "descriptionaz": null, "descriptionen": "", "descriptionru": null, "type": "1", "country": "Azerbaijan", "city": null, "adress": null, "price": 50, "pricefor": 1, "currency": "AZN", "discount": null, "distance": null, "durationday": null, "durationnight": null, "datefrom": "2020-03-24", "dateto": null, "viewcount": 0, "avatar": "", "cover": "", "guide": null, "status": 2}}, {"model": "tour.tour", "pk": 43, "fields": {"organizer": 8, "title": "test50", "keyword": null, "descriptionaz": null, "descriptionen": "", "descriptionru": null, "type": "1", "country": "Azerbaijan", "city": null, "adress": null, "price": 50, "pricefor": 1, "currency": "AZN", "discount": null, "distance": null, "durationday": null, "durationnight": null, "datefrom": "2020-03-24", "dateto": null, "viewcount": 0, "avatar": "", "cover": "", "guide": null, "status": 2}}, {"model": "tour.tour", "pk": 44, "fields": {"organizer": 8, "title": "test50", "keyword": null, "descriptionaz": null, "descriptionen": "", "descriptionru": null, "type": "", "country": "Azerbaijan", "city": null, "adress": null, "price": 50, "pricefor": 1, "currency": "AZN", "discount": null, "distance": null, "durationday": null, "durationnight": null, "datefrom": "2020-03-26", "dateto": null, "viewcount": 0, "avatar": "", "cover": "", "guide": null, "status": 2}}, {"model": "tour.tour", "pk": 45, "fields": {"organizer": 8, "title": "test50", "keyword": null, "descriptionaz": null, "descriptionen": "", "descriptionru": null, "type": "", "country": "Azerbaijan", "city": null, "adress": null, "price": 50, "pricefor": 1, "currency": "AZN", "discount": null, "distance": null, "durationday": null, "durationnight": null, "datefrom": "2020-03-26", "dateto": null, "viewcount": 0, "avatar": "", "cover": "", "guide": null, "status": 2}}, {"model": "tour.tour", "pk": 46, "fields": {"organizer": 8, "title": "test50", "keyword": null, "descriptionaz": null, "descriptionen": "", "descriptionru": null, "type": "", "country": "Azerbaijan", "city": null, "adress": null, "price": 50, "pricefor": 1, "currency": "AZN", "discount": null, "distance": null, "durationday": null, "durationnight": null, "datefrom": "2020-03-26", "dateto": null, "viewcount": 0, "avatar": "", "cover": "", "guide": null, "status": 2}}, {"model": "tour.tour", "pk": 47, "fields": {"organizer": 8, "title": "test51", "keyword": null, "descriptionaz": null, "descriptionen": "", "descriptionru": null, "type": "", "country": "Azerbaijan", "city": null, "adress": null, "price": 51, "pricefor": 1, "currency": "AZN", "discount": null, "distance": null, "durationday": null, "durationnight": null, "datefrom": "2020-03-26", "dateto": null, "viewcount": 0, "avatar": "", "cover": "", "guide": null, "status": 2}}, {"model": "tour.tour", "pk": 48, "fields": {"organizer": 8, "title": "test51", "keyword": null, "descriptionaz": null, "descriptionen": "", "descriptionru": null, "type": "", "country": "Azerbaijan", "city": null, "adress": null, "price": 51, "pricefor": 1, "currency": "AZN", "discount": null, "distance": null, "durationday": null, "durationnight": null, "datefrom": "2020-03-26", "dateto": null, "viewcount": 0, "avatar": "", "cover": "", "guide": null, "status": 2}}, {"model": "tour.tour", "pk": 49, "fields": {"organizer": 8, "title": "test51", "keyword": null, "descriptionaz": null, "descriptionen": "", "descriptionru": null, "type": "", "country": "Azerbaijan", "city": null, "adress": null, "price": 51, "pricefor": 1, "currency": "AZN", "discount": null, "distance": null, "durationday": null, "durationnight": null, "datefrom": "2020-03-26", "dateto": null, "viewcount": 0, "avatar": "", "cover": "", "guide": null, "status": 2}}, {"model": "tour.tour", "pk": 50, "fields": {"organizer": 8, "title": "Test100", "keyword": null, "descriptionaz": null, "descriptionen": "", "descriptionru": null, "type": "", "country": "Azerbaijan", "city": null, "adress": null, "price": 100, "pricefor": 1, "currency": "AZN", "discount": null, "distance": null, "durationday": null, "durationnight": null, "datefrom": "2020-03-26", "dateto": null, "viewcount": 0, "avatar": "", "cover": "", "guide": null, "status": 2}}, {"model": "tour.tour", "pk": 51, "fields": {"organizer": 8, "title": "Test100", "keyword": null, "descriptionaz": null, "descriptionen": "", "descriptionru": null, "type": "", "country": "Azerbaijan", "city": null, "adress": null, "price": 100, "pricefor": 1, "currency": "AZN", "discount": null, "distance": null, "durationday": null, "durationnight": null, "datefrom": "2020-03-26", "dateto": null, "viewcount": 0, "avatar": "", "cover": "", "guide": null, "status": 2}}, {"model": "tour.tour", "pk": 52, "fields": {"organizer": 8, "title": "Test100", "keyword": null, "descriptionaz": null, "descriptionen": "", "descriptionru": null, "type": "", "country": "Azerbaijan", "city": null, "adress": null, "price": 100, "pricefor": 1, "currency": "AZN", "discount": null, "distance": null, "durationday": null, "durationnight": null, "datefrom": "2020-03-26", "dateto": null, "viewcount": 0, "avatar": "", "cover": "", "guide": null, "status": 2}}, {"model": "tour.tour", "pk": 53, "fields": {"organizer": 8, "title": "Test100", "keyword": null, "descriptionaz": null, "descriptionen": "", "descriptionru": null, "type": "", "country": "Azerbaijan", "city": null, "adress": null, "price": 100, "pricefor": 1, "currency": "AZN", "discount": null, "distance": null, "durationday": null, "durationnight": null, "datefrom": "2020-03-26", "dateto": null, "viewcount": 0, "avatar": "", "cover": "", "guide": null, "status": 2}}, {"model": "tour.tour", "pk": 54, "fields": {"organizer": 8, "title": "Test100", "keyword": null, "descriptionaz": null, "descriptionen": "", "descriptionru": null, "type": "", "country": "Azerbaijan", "city": null, "adress": null, "price": 100, "pricefor": 1, "currency": "AZN", "discount": null, "distance": null, "durationday": null, "durationnight": null, "datefrom": "2020-03-26", "dateto": null, "viewcount": 0, "avatar": "", "cover": "", "guide": null, "status": 2}}, {"model": "tour.tour", "pk": 55, "fields": {"organizer": 8, "title": "Test100", "keyword": null, "descriptionaz": null, "descriptionen": "", "descriptionru": null, "type": "", "country": "Azerbaijan", "city": null, "adress": null, "price": 100, "pricefor": 1, "currency": "AZN", "discount": null, "distance": null, "durationday": null, "durationnight": null, "datefrom": "2020-03-26", "dateto": null, "viewcount": 0, "avatar": "", "cover": "", "guide": null, "status": 2}}, {"model": "tour.tour", "pk": 56, "fields": {"organizer": 8, "title": "Test101", "keyword": null, "descriptionaz": null, "descriptionen": "", "descriptionru": null, "type": "", "country": "Azerbaijan", "city": null, "adress": null, "price": 101, "pricefor": 1, "currency": "AZN", "discount": null, "distance": null, "durationday": null, "durationnight": null, "datefrom": "2020-03-26", "dateto": null, "viewcount": 0, "avatar": "", "cover": "", "guide": null, "status": 2}}, {"model": "tour.tour", "pk": 57, "fields": {"organizer": 8, "title": "Test101", "keyword": null, "descriptionaz": null, "descriptionen": "", "descriptionru": null, "type": "", "country": "Azerbaijan", "city": null, "adress": null, "price": 101, "pricefor": 1, "currency": "AZN", "discount": null, "distance": null, "durationday": null, "durationnight": null, "datefrom": "2020-03-26", "dateto": null, "viewcount": 0, "avatar": "", "cover": "", "guide": null, "status": 2}}, {"model": "tour.tour", "pk": 58, "fields": {"organizer": 8, "title": "Test101", "keyword": null, "descriptionaz": null, "descriptionen": "", "descriptionru": null, "type": "", "country": "Azerbaijan", "city": null, "adress": null, "price": 101, "pricefor": 1, "currency": "AZN", "discount": null, "distance": null, "durationday": null, "durationnight": null, "datefrom": "2020-03-26", "dateto": null, "viewcount": 0, "avatar": "", "cover": "", "guide": null, "status": 2}}, {"model": "tour.tour", "pk": 59, "fields": {"organizer": 8, "title": "Test101", "keyword": null, "descriptionaz": null, "descriptionen": "", "descriptionru": null, "type": "", "country": "Azerbaijan", "city": null, "adress": null, "price": 101, "pricefor": 1, "currency": "AZN", "discount": null, "distance": null, "durationday": null, "durationnight": null, "datefrom": "2020-03-26", "dateto": null, "viewcount": 0, "avatar": "", "cover": "", "guide": null, "status": 2}}, {"model": "tour.tour", "pk": 60, "fields": {"organizer": 8, "title": "Test101", "keyword": null, "descriptionaz": null, "descriptionen": "", "descriptionru": null, "type": "", "country": "Azerbaijan", "city": null, "adress": null, "price": 101, "pricefor": 1, "currency": "AZN", "discount": null, "distance": null, "durationday": null, "durationnight": null, "datefrom": "2020-03-26", "dateto": null, "viewcount": 0, "avatar": "", "cover": "", "guide": null, "status": 2}}, {"model": "tour.tour", "pk": 61, "fields": {"organizer": 8, "title": "Title 102", "keyword": null, "descriptionaz": null, "descriptionen": "", "descriptionru": null, "type": "", "country": "Azerbaijan", "city": null, "adress": null, "price": 102, "pricefor": 1, "currency": "AZN", "discount": null, "distance": null, "durationday": null, "durationnight": null, "datefrom": "2020-03-26", "dateto": null, "viewcount": 0, "avatar": "", "cover": "", "guide": null, "status": 2}}, {"model": "tour.tour", "pk": 62, "fields": {"organizer": 8, "title": "Title 102", "keyword": null, "descriptionaz": null, "descriptionen": "", "descriptionru": null, "type": "", "country": "Azerbaijan", "city": null, "adress": null, "price": 102, "pricefor": 1, "currency": "AZN", "discount": null, "distance": null, "durationday": null, "durationnight": null, "datefrom": "2020-03-26", "dateto": null, "viewcount": 0, "avatar": "", "cover": "", "guide": null, "status": 2}}, {"model": "tour.tour", "pk": 63, "fields": {"organizer": 8, "title": "Title 102", "keyword": null, "descriptionaz": null, "descriptionen": "", "descriptionru": null, "type": "", "country": "Azerbaijan", "city": null, "adress": null, "price": 102, "pricefor": 1, "currency": "AZN", "discount": null, "distance": null, "durationday": null, "durationnight": null, "datefrom": "2020-03-26", "dateto": null, "viewcount": 0, "avatar": "", "cover": "", "guide": null, "status": 2}}, {"model": "tour.tour", "pk": 64, "fields": {"organizer": 8, "title": "Title 102", "keyword": null, "descriptionaz": null, "descriptionen": "", "descriptionru": null, "type": "", "country": "Azerbaijan", "city": null, "adress": null, "price": 102, "pricefor": 1, "currency": "AZN", "discount": null, "distance": null, "durationday": null, "durationnight": null, "datefrom": "2020-03-26", "dateto": null, "viewcount": 0, "avatar": "", "cover": "", "guide": null, "status": 2}}, {"model": "tour.tour", "pk": 65, "fields": {"organizer": 8, "title": "Title 102", "keyword": null, "descriptionaz": null, "descriptionen": "", "descriptionru": null, "type": "", "country": "Azerbaijan", "city": null, "adress": null, "price": 102, "pricefor": 1, "currency": "AZN", "discount": null, "distance": null, "durationday": null, "durationnight": null, "datefrom": "2020-03-26", "dateto": null, "viewcount": 0, "avatar": "", "cover": "", "guide": null, "status": 2}}, {"model": "tour.tour", "pk": 66, "fields": {"organizer": 8, "title": "Title 102", "keyword": null, "descriptionaz": null, "descriptionen": "", "descriptionru": null, "type": "", "country": "Azerbaijan", "city": null, "adress": null, "price": 102, "pricefor": 1, "currency": "AZN", "discount": null, "distance": null, "durationday": null, "durationnight": null, "datefrom": "2020-03-26", "dateto": null, "viewcount": 0, "avatar": "", "cover": "", "guide": null, "status": 2}}, {"model": "tour.tour", "pk": 67, "fields": {"organizer": 8, "title": "Title 103", "keyword": null, "descriptionaz": null, "descriptionen": "", "descriptionru": null, "type": "", "country": "Azerbaijan", "city": null, "adress": null, "price": 103, "pricefor": 1, "currency": "AZN", "discount": null, "distance": null, "durationday": null, "durationnight": null, "datefrom": "2020-03-26", "dateto": null, "viewcount": 0, "avatar": "", "cover": "", "guide": null, "status": 2}}, {"model": "tour.tour", "pk": 68, "fields": {"organizer": 8, "title": "Title 103", "keyword": null, "descriptionaz": null, "descriptionen": "", "descriptionru": null, "type": "", "country": "Azerbaijan", "city": null, "adress": null, "price": 103, "pricefor": 1, "currency": "AZN", "discount": null, "distance": null, "durationday": null, "durationnight": null, "datefrom": "2020-03-26", "dateto": null, "viewcount": 0, "avatar": "", "cover": "", "guide": null, "status": 2}}, {"model": "tour.tour", "pk": 69, "fields": {"organizer": 8, "title": "Title 103", "keyword": null, "descriptionaz": null, "descriptionen": "", "descriptionru": null, "type": "", "country": "Azerbaijan", "city": null, "adress": null, "price": 103, "pricefor": 1, "currency": "AZN", "discount": null, "distance": null, "durationday": null, "durationnight": null, "datefrom": "2020-03-26", "dateto": null, "viewcount": 0, "avatar": "", "cover": "", "guide": null, "status": 2}}, {"model": "tour.tour", "pk": 70, "fields": {"organizer": 8, "title": "Title 104", "keyword": null, "descriptionaz": null, "descriptionen": "", "descriptionru": null, "type": "", "country": "Azerbaijan", "city": null, "adress": null, "price": 104, "pricefor": 1, "currency": "AZN", "discount": null, "distance": null, "durationday": null, "durationnight": null, "datefrom": "2020-03-26", "dateto": null, "viewcount": 0, "avatar": "", "cover": "", "guide": null, "status": 2}}, {"model": "tour.tour", "pk": 71, "fields": {"organizer": 8, "title": "tester", "keyword": null, "descriptionaz": null, "descriptionen": "", "descriptionru": null, "type": "", "country": "Azerbaijan", "city": null, "adress": null, "price": 12, "pricefor": 1, "currency": "AZN", "discount": null, "distance": null, "durationday": null, "durationnight": null, "datefrom": "2020-03-26", "dateto": null, "viewcount": 0, "avatar": "", "cover": "", "guide": null, "status": 2}}, {"model": "tour.tour", "pk": 72, "fields": {"organizer": 8, "title": "tester", "keyword": null, "descriptionaz": null, "descriptionen": "", "descriptionru": null, "type": "", "country": "Azerbaijan", "city": null, "adress": null, "price": 12, "pricefor": 1, "currency": "AZN", "discount": null, "distance": null, "durationday": null, "durationnight": null, "datefrom": "2020-03-26", "dateto": null, "viewcount": 0, "avatar": "", "cover": "", "guide": null, "status": 2}}, {"model": "tour.tour", "pk": 73, "fields": {"organizer": 8, "title": "test", "keyword": null, "descriptionaz": null, "descriptionen": "", "descriptionru": null, "type": "", "country": "Azerbaijan", "city": null, "adress": null, "price": 12, "pricefor": 1, "currency": "AZN", "discount": null, "distance": null, "durationday": null, "durationnight": null, "datefrom": "2020-03-26", "dateto": null, "viewcount": 0, "avatar": "", "cover": "", "guide": null, "status": 2}}, {"model": "tour.tour", "pk": 74, "fields": {"organizer": 8, "title": "test", "keyword": null, "descriptionaz": null, "descriptionen": "", "descriptionru": null, "type": "", "country": "Azerbaijan", "city": null, "adress": null, "price": 12, "pricefor": 1, "currency": "AZN", "discount": null, "distance": null, "durationday": null, "durationnight": null, "datefrom": "2020-03-26", "dateto": null, "viewcount": 0, "avatar": "", "cover": "", "guide": null, "status": 2}}, {"model": "tour.tour", "pk": 75, "fields": {"organizer": 8, "title": "test", "keyword": null, "descriptionaz": null, "descriptionen": "", "descriptionru": null, "type": "", "country": "Azerbaijan", "city": null, "adress": null, "price": 12, "pricefor": 1, "currency": "AZN", "discount": null, "distance": null, "durationday": null, "durationnight": null, "datefrom": "2020-03-26", "dateto": null, "viewcount": 0, "avatar": "", "cover": "", "guide": null, "status": 2}}, {"model": "tour.tour", "pk": 76, "fields": {"organizer": 8, "title": "test", "keyword": null, "descriptionaz": null, "descriptionen": "", "descriptionru": null, "type": "", "country": "Azerbaijan", "city": null, "adress": null, "price": 12, "pricefor": 1, "currency": "AZN", "discount": null, "distance": null, "durationday": null, "durationnight": null, "datefrom": "2020-03-26", "dateto": null, "viewcount": 0, "avatar": "", "cover": "", "guide": null, "status": 2}}, {"model": "tour.tour", "pk": 77, "fields": {"organizer": 8, "title": "test", "keyword": null, "descriptionaz": null, "descriptionen": "", "descriptionru": null, "type": "", "country": "Azerbaijan", "city": null, "adress": null, "price": 12, "pricefor": 1, "currency": "AZN", "discount": null, "distance": null, "durationday": null, "durationnight": null, "datefrom": "2020-03-26", "dateto": null, "viewcount": 0, "avatar": "", "cover": "", "guide": null, "status": 2}}, {"model": "tour.tour", "pk": 78, "fields": {"organizer": 8, "title": "test", "keyword": null, "descriptionaz": null, "descriptionen": "", "descriptionru": null, "type": "", "country": "Azerbaijan", "city": null, "adress": null, "price": 12, "pricefor": 1, "currency": "AZN", "discount": null, "distance": null, "durationday": null, "durationnight": null, "datefrom": "2020-03-24", "dateto": null, "viewcount": 0, "avatar": "tour/avatar/Shahdag_Mountain_Resort2.jpeg", "cover": "tour/cover/shcedule_snowboard2.webp", "guide": null, "status": 2}}, {"model": "tour.tour", "pk": 79, "fields": {"organizer": 8, "title": "test123", "keyword": null, "descriptionaz": null, "descriptionen": "", "descriptionru": null, "type": "", "country": "Azerbaijan", "city": null, "adress": null, "price": 10, "pricefor": 1, "currency": "AZN", "discount": null, "distance": null, "durationday": null, "durationnight": null, "datefrom": "2020-02-24", "dateto": null, "viewcount": 0, "avatar": "", "cover": "", "guide": null, "status": 2}}, {"model": "tour.tour", "pk": 80, "fields": {"organizer": 8, "title": "test 125", "keyword": null, "descriptionaz": null, "descriptionen": "", "descriptionru": null, "type": "", "country": "Azerbaijan", "city": null, "adress": null, "price": 125, "pricefor": 1, "currency": "AZN", "discount": null, "distance": null, "durationday": null, "durationnight": null, "datefrom": "2020-03-26", "dateto": null, "viewcount": 0, "avatar": "", "cover": "", "guide": null, "status": 2}}, {"model": "tour.tour", "pk": 81, "fields": {"organizer": 8, "title": "test 154", "keyword": null, "descriptionaz": null, "descriptionen": "", "descriptionru": null, "type": "", "country": "Azerbaijan", "city": null, "adress": null, "price": 154, "pricefor": 1, "currency": "AZN", "discount": null, "distance": null, "durationday": null, "durationnight": null, "datefrom": "2020-02-24", "dateto": null, "viewcount": 0, "avatar": "", "cover": "", "guide": null, "status": 2}}, {"model": "tour.tour", "pk": 82, "fields": {"organizer": 8, "title": "tester", "keyword": null, "descriptionaz": null, "descriptionen": "", "descriptionru": null, "type": "", "country": "Azerbaijan", "city": null, "adress": null, "price": 1, "pricefor": 1, "currency": "AZN", "discount": null, "distance": null, "durationday": null, "durationnight": null, "datefrom": "2020-02-25", "dateto": null, "viewcount": 0, "avatar": "", "cover": "", "guide": null, "status": 2}}, {"model": "tour.tour", "pk": 83, "fields": {"organizer": 8, "title": "tester", "keyword": null, "descriptionaz": null, "descriptionen": "", "descriptionru": null, "type": "", "country": "Azerbaijan", "city": null, "adress": null, "price": 1, "pricefor": 1, "currency": "AZN", "discount": null, "distance": null, "durationday": null, "durationnight": null, "datefrom": "2020-02-25", "dateto": null, "viewcount": 0, "avatar": "", "cover": "", "guide": null, "status": 2}}, {"model": "tour.tour", "pk": 84, "fields": {"organizer": 8, "title": "tester", "keyword": null, "descriptionaz": null, "descriptionen": "", "descriptionru": null, "type": "", "country": "Azerbaijan", "city": null, "adress": null, "price": 1, "pricefor": 1, "currency": "AZN", "discount": null, "distance": null, "durationday": null, "durationnight": null, "datefrom": "2020-02-25", "dateto": null, "viewcount": 0, "avatar": "", "cover": "", "guide": null, "status": 2}}, {"model": "tour.tour", "pk": 85, "fields": {"organizer": 8, "title": "tester", "keyword": null, "descriptionaz": null, "descriptionen": "", "descriptionru": null, "type": "", "country": "Azerbaijan", "city": null, "adress": null, "price": 1, "pricefor": 1, "currency": "AZN", "discount": null, "distance": null, "durationday": null, "durationnight": null, "datefrom": "2020-02-25", "dateto": null, "viewcount": 0, "avatar": "", "cover": "", "guide": null, "status": 2}}, {"model": "tour.tour", "pk": 86, "fields": {"organizer": 8, "title": "tester", "keyword": null, "descriptionaz": null, "descriptionen": "", "descriptionru": null, "type": "", "country": "Azerbaijan", "city": null, "adress": null, "price": 1, "pricefor": 1, "currency": "AZN", "discount": null, "distance": null, "durationday": null, "durationnight": null, "datefrom": "2020-02-25", "dateto": null, "viewcount": 0, "avatar": "", "cover": "", "guide": null, "status": 2}}, {"model": "tour.tour", "pk": 87, "fields": {"organizer": 8, "title": "tester", "keyword": null, "descriptionaz": null, "descriptionen": "", "descriptionru": null, "type": "", "country": "Azerbaijan", "city": null, "adress": null, "price": 1, "pricefor": 1, "currency": "AZN", "discount": null, "distance": null, "durationday": null, "durationnight": null, "datefrom": "2020-02-25", "dateto": null, "viewcount": 0, "avatar": "", "cover": "", "guide": null, "status": 2}}, {"model": "tour.tour", "pk": 88, "fields": {"organizer": 8, "title": "tester", "keyword": null, "descriptionaz": null, "descriptionen": "", "descriptionru": null, "type": "", "country": "Azerbaijan", "city": null, "adress": null, "price": 1, "pricefor": 1, "currency": "AZN", "discount": null, "distance": null, "durationday": null, "durationnight": null, "datefrom": "2020-02-25", "dateto": null, "viewcount": 0, "avatar": "", "cover": "", "guide": null, "status": 2}}, {"model": "tour.tour", "pk": 89, "fields": {"organizer": 8, "title": "tester", "keyword": null, "descriptionaz": null, "descriptionen": "", "descriptionru": null, "type": "", "country": "Azerbaijan", "city": null, "adress": null, "price": 1, "pricefor": 1, "currency": "AZN", "discount": null, "distance": null, "durationday": null, "durationnight": null, "datefrom": "2020-02-25", "dateto": null, "viewcount": 0, "avatar": "", "cover": "", "guide": null, "status": 2}}, {"model": "tour.tour", "pk": 90, "fields": {"organizer": 8, "title": "tester", "keyword": null, "descriptionaz": null, "descriptionen": "", "descriptionru": null, "type": "", "country": "Azerbaijan", "city": null, "adress": null, "price": 1, "pricefor": 1, "currency": "AZN", "discount": null, "distance": null, "durationday": null, "durationnight": null, "datefrom": "2020-02-25", "dateto": null, "viewcount": 0, "avatar": "", "cover": "", "guide": null, "status": 2}}, {"model": "tour.tour", "pk": 91, "fields": {"organizer": 8, "title": "tester", "keyword": null, "descriptionaz": null, "descriptionen": "", "descriptionru": null, "type": "", "country": "Azerbaijan", "city": null, "adress": null, "price": 1, "pricefor": 1, "currency": "AZN", "discount": null, "distance": null, "durationday": null, "durationnight": null, "datefrom": "2020-02-25", "dateto": null, "viewcount": 0, "avatar": "", "cover": "", "guide": null, "status": 2}}, {"model": "tour.tour", "pk": 92, "fields": {"organizer": 8, "title": "tester", "keyword": null, "descriptionaz": null, "descriptionen": "", "descriptionru": null, "type": "", "country": "Azerbaijan", "city": null, "adress": null, "price": 11, "pricefor": 1, "currency": "AZN", "discount": null, "distance": null, "durationday": null, "durationnight": null, "datefrom": "2020-02-24", "dateto": null, "viewcount": 0, "avatar": "", "cover": "", "guide": null, "status": 2}}, {"model": "tour.tour", "pk": 93, "fields": {"organizer": 8, "title": "tester", "keyword": null, "descriptionaz": null, "descriptionen": "", "descriptionru": null, "type": "", "country": "Azerbaijan", "city": null, "adress": null, "price": 11, "pricefor": 1, "currency": "AZN", "discount": null, "distance": null, "durationday": null, "durationnight": null, "datefrom": "2020-02-24", "dateto": null, "viewcount": 0, "avatar": "", "cover": "", "guide": null, "status": 2}}, {"model": "tour.tour", "pk": 94, "fields": {"organizer": 8, "title": "tester", "keyword": null, "descriptionaz": null, "descriptionen": "", "descriptionru": null, "type": "", "country": "Azerbaijan", "city": null, "adress": null, "price": 11, "pricefor": 1, "currency": "AZN", "discount": null, "distance": null, "durationday": null, "durationnight": null, "datefrom": "2020-02-24", "dateto": null, "viewcount": 0, "avatar": "", "cover": "", "guide": null, "status": 2}}, {"model": "tour.tour", "pk": 95, "fields": {"organizer": 8, "title": "tester", "keyword": null, "descriptionaz": null, "descriptionen": "", "descriptionru": null, "type": "", "country": "Azerbaijan", "city": null, "adress": null, "price": 11, "pricefor": 1, "currency": "AZN", "discount": null, "distance": null, "durationday": null, "durationnight": null, "datefrom": "2020-02-24", "dateto": null, "viewcount": 0, "avatar": "", "cover": "", "guide": null, "status": 2}}, {"model": "tour.tour", "pk": 96, "fields": {"organizer": 8, "title": "tester", "keyword": null, "descriptionaz": null, "descriptionen": "", "descriptionru": null, "type": "", "country": "Azerbaijan", "city": null, "adress": null, "price": 11, "pricefor": 1, "currency": "AZN", "discount": null, "distance": null, "durationday": null, "durationnight": null, "datefrom": "2020-02-24", "dateto": null, "viewcount": 0, "avatar": "", "cover": "", "guide": null, "status": 2}}, {"model": "tour.tour", "pk": 97, "fields": {"organizer": 8, "title": "tester", "keyword": null, "descriptionaz": null, "descriptionen": "", "descriptionru": null, "type": "", "country": "Azerbaijan", "city": null, "adress": null, "price": 11, "pricefor": 1, "currency": "AZN", "discount": null, "distance": null, "durationday": null, "durationnight": null, "datefrom": "2020-02-24", "dateto": null, "viewcount": 0, "avatar": "", "cover": "", "guide": null, "status": 2}}, {"model": "tour.tour", "pk": 98, "fields": {"organizer": 8, "title": "tester", "keyword": null, "descriptionaz": null, "descriptionen": "", "descriptionru": null, "type": "", "country": "Azerbaijan", "city": null, "adress": null, "price": 11, "pricefor": 1, "currency": "AZN", "discount": null, "distance": null, "durationday": null, "durationnight": null, "datefrom": "2020-02-24", "dateto": null, "viewcount": 0, "avatar": "", "cover": "", "guide": null, "status": 2}}, {"model": "tour.tour", "pk": 99, "fields": {"organizer": 8, "title": "tester", "keyword": null, "descriptionaz": null, "descriptionen": "", "descriptionru": null, "type": "", "country": "Azerbaijan", "city": null, "adress": null, "price": 11, "pricefor": 1, "currency": "AZN", "discount": null, "distance": null, "durationday": null, "durationnight": null, "datefrom": "2020-02-24", "dateto": null, "viewcount": 0, "avatar": "", "cover": "", "guide": null, "status": 2}}, {"model": "tour.tour", "pk": 100, "fields": {"organizer": 8, "title": "tester", "keyword": null, "descriptionaz": null, "descriptionen": "", "descriptionru": null, "type": "", "country": "Azerbaijan", "city": null, "adress": null, "price": 11, "pricefor": 1, "currency": "AZN", "discount": null, "distance": null, "durationday": null, "durationnight": null, "datefrom": "2020-02-24", "dateto": null, "viewcount": 0, "avatar": "", "cover": "", "guide": null, "status": 2}}, {"model": "tour.tour", "pk": 101, "fields": {"organizer": 8, "title": "tester", "keyword": null, "descriptionaz": null, "descriptionen": "", "descriptionru": null, "type": "", "country": "Azerbaijan", "city": null, "adress": null, "price": 11, "pricefor": 1, "currency": "AZN", "discount": null, "distance": null, "durationday": null, "durationnight": null, "datefrom": "2020-02-24", "dateto": null, "viewcount": 0, "avatar": "", "cover": "", "guide": null, "status": 2}}, {"model": "tour.tour", "pk": 102, "fields": {"organizer": 8, "title": "tester", "keyword": null, "descriptionaz": null, "descriptionen": "", "descriptionru": null, "type": "", "country": "Azerbaijan", "city": null, "adress": null, "price": 11, "pricefor": 1, "currency": "AZN", "discount": null, "distance": null, "durationday": null, "durationnight": null, "datefrom": "2020-02-24", "dateto": null, "viewcount": 0, "avatar": "", "cover": "", "guide": null, "status": 2}}, {"model": "tour.tour", "pk": 103, "fields": {"organizer": 8, "title": "tester", "keyword": null, "descriptionaz": null, "descriptionen": "", "descriptionru": null, "type": "", "country": "Azerbaijan", "city": null, "adress": null, "price": 11, "pricefor": 1, "currency": "AZN", "discount": null, "distance": null, "durationday": null, "durationnight": null, "datefrom": "2020-02-24", "dateto": null, "viewcount": 0, "avatar": "", "cover": "", "guide": null, "status": 2}}, {"model": "tour.tour", "pk": 104, "fields": {"organizer": 8, "title": "tester", "keyword": "example tour", "descriptionaz": "", "descriptionen": "", "descriptionru": "", "type": "", "country": "Azerbaijan", "city": null, "adress": null, "price": 11, "pricefor": 1, "currency": "AZN", "discount": null, "distance": null, "durationday": null, "durationnight": null, "datefrom": "2020-02-24", "dateto": null, "viewcount": 2, "avatar": "tour/avatar/Shahdag_Mountain_Resort1.jpg", "cover": "tour/cover/snowboard_avatar_actvivity_xDRCURU.webp", "guide": null, "status": 1}}, {"model": "tour.tour", "pk": 105, "fields": {"organizer": 8, "title": "tester", "keyword": null, "descriptionaz": null, "descriptionen": "", "descriptionru": null, "type": "", "country": "Azerbaijan", "city": null, "adress": null, "price": 11, "pricefor": 1, "currency": "AZN", "discount": null, "distance": null, "durationday": null, "durationnight": null, "datefrom": "2020-02-24", "dateto": null, "viewcount": 0, "avatar": "", "cover": "", "guide": null, "status": 2}}, {"model": "tour.tour", "pk": 106, "fields": {"organizer": 8, "title": "New tour", "keyword": null, "descriptionaz": null, "descriptionen": "The best tour in the history. Tour will be good.", "descriptionru": null, "type": "1", "country": "Azerbaijan", "city": "Baku", "adress": null, "price": 29, "pricefor": 1, "currency": "AZN", "discount": null, "distance": null, "durationday": null, "durationnight": null, "datefrom": "2020-03-25", "dateto": "2020-03-28", "viewcount": 0, "avatar": "tour/avatar/Shahdag_Mountain_Resort_avatar.jpeg", "cover": "tour/cover/Snowboarding3.jpg", "guide": null, "status": 2}}, {"model": "tour.tour", "pk": 107, "fields": {"organizer": 8, "title": "New tour 2", "keyword": null, "descriptionaz": null, "descriptionen": "", "descriptionru": null, "type": "", "country": "Azerbaijan", "city": null, "adress": null, "price": 29, "pricefor": 1, "currency": "AZN", "discount": null, "distance": null, "durationday": null, "durationnight": null, "datefrom": "2020-05-06", "dateto": "2020-01-01", "viewcount": 0, "avatar": "", "cover": "", "guide": null, "status": 2}}, {"model": "tour.tour", "pk": 108, "fields": {"organizer": 8, "title": "New tour 3", "keyword": null, "descriptionaz": null, "descriptionen": "", "descriptionru": null, "type": "", "country": "Azerbaijan", "city": null, "adress": null, "price": 29, "pricefor": 1, "currency": "AZN", "discount": null, "distance": null, "durationday": null, "durationnight": null, "datefrom": "2020-01-01", "dateto": "2020-01-01", "viewcount": 0, "avatar": "", "cover": "", "guide": null, "status": 2}}, {"model": "tour.tour", "pk": 109, "fields": {"organizer": 8, "title": "New tour 4", "keyword": null, "descriptionaz": null, "descriptionen": "", "descriptionru": null, "type": "", "country": "Azerbaijan", "city": null, "adress": null, "price": 29, "pricefor": 1, "currency": "AZN", "discount": null, "distance": null, "durationday": null, "durationnight": null, "datefrom": "2020-01-01", "dateto": "2020-01-01", "viewcount": 0, "avatar": "", "cover": "", "guide": null, "status": 2}}, {"model": "tour.tour", "pk": 110, "fields": {"organizer": 8, "title": "New tour 4", "keyword": null, "descriptionaz": null, "descriptionen": "", "descriptionru": null, "type": "", "country": "Azerbaijan", "city": null, "adress": null, "price": 29, "pricefor": 1, "currency": "AZN", "discount": null, "distance": null, "durationday": null, "durationnight": null, "datefrom": "2020-01-01", "dateto": "2020-01-01", "viewcount": 0, "avatar": "", "cover": "", "guide": null, "status": 2}}, {"model": "tour.tour", "pk": 111, "fields": {"organizer": 8, "title": "Test Email", "keyword": null, "descriptionaz": "", "descriptionen": "Something about description in english, something about description in english. Something about description in english, something about description in english. Something about description in english, something about description in english. Something about description in english, something about description in english. Something about description in english, something about description in english.", "descriptionru": "", "type": "", "country": "Azerbaijan", "city": null, "adress": null, "price": 50, "pricefor": 1, "currency": "AZN", "discount": null, "distance": null, "durationday": null, "durationnight": null, "datefrom": "2020-03-02", "dateto": null, "viewcount": 2, "avatar": "tour/avatar/Shahdag_Mountain_Resort2_IUOoY9b.jpeg", "cover": "tour/cover/Shahdag_Mountain_Resort1.jpg", "guide": null, "status": 1}}, {"model": "tour.tour", "pk": 112, "fields": {"organizer": 8, "title": "Test num", "keyword": null, "descriptionaz": null, "descriptionen": "Something about tour", "descriptionru": null, "type": "", "country": "Azerbaijan", "city": null, "adress": null, "price": 50, "pricefor": 1, "currency": "AZN", "discount": null, "distance": null, "durationday": null, "durationnight": null, "datefrom": "2020-01-01", "dateto": "2020-01-01", "viewcount": 0, "avatar": "tour/avatar/shcedule_snowboard4.webp", "cover": "tour/cover/shcedule_snowboard4.webp", "guide": null, "status": 2}}, {"model": "tour.tour", "pk": 113, "fields": {"organizer": 8, "title": "Test num", "keyword": null, "descriptionaz": null, "descriptionen": "Something about tour", "descriptionru": null, "type": "", "country": "Azerbaijan", "city": null, "adress": null, "price": 50, "pricefor": 1, "currency": "AZN", "discount": null, "distance": null, "durationday": null, "durationnight": null, "datefrom": "2020-01-01", "dateto": "2020-01-01", "viewcount": 0, "avatar": "tour/avatar/shcedule_snowboard4_4kuuoub.webp", "cover": "tour/cover/shcedule_snowboard4_UjczWmQ.webp", "guide": null, "status": 2}}, {"model": "tour.tourdetailaz", "pk": 1, "fields": {"tour": 8, "title": "S\u0259yah\u0259tin \u00fcmumi plan\u0131", "text": "- Bak\u0131-Peterburq-Murmansk\r\n- Murmansk \u015f\u0259h\u0259rind\u0259 5 gec\u0259\r\n- Murmansk-Peterburq qatar\u0131nda 1 gec\u0259\r\n- Peterburqda 3 gec\u0259\r\n- Peterburq-Bak\u0131"}}, {"model": "tour.tourdetailaz", "pk": 2, "fields": {"tour": 8, "title": "S\u0259yah\u0259tin \u00fcmumi plan\u0131", "text": "- Bak\u0131-Peterburq-Murmansk\r\n- Murmansk \u015f\u0259h\u0259rind\u0259 5 gec\u0259\r\n- Murmansk-Peterburq qatar\u0131nda 1 gec\u0259\r\n- Peterburqda 3 gec\u0259\r\n- Peterburq-Bak\u0131"}}, {"model": "tour.tourdetailen", "pk": 1, "fields": {"tour": 8, "title": "General plan of travel", "text": "- Baku-Petersburg-Murmansk\r\n- 5 nights in Murmansk\r\n- 1 night on Murmansk-Petersburg train\r\n- 3 nights in Petersburg\r\n- Petersburg-Baku"}}, {"model": "tour.tourdetailen", "pk": 2, "fields": {"tour": 8, "title": "General plan of travel", "text": "- Baku-Petersburg-Murmansk\r\n- 5 nights in Murmansk\r\n- 1 night on Murmansk-Petersburg train\r\n- 3 nights in Petersburg\r\n- Petersburg-Baku"}}, {"model": "tour.tourdetailen", "pk": 3, "fields": {"tour": 15, "title": "something", "text": "about tour"}}, {"model": "tour.tourdetailen", "pk": 4, "fields": {"tour": 15, "title": "about", "text": "about tour2"}}, {"model": "tour.tourdetailen", "pk": 5, "fields": {"tour": 15, "title": "", "text": ""}}, {"model": "tour.tourdetailen", "pk": 6, "fields": {"tour": 15, "title": "", "text": ""}}, {"model": "tour.tourdetailen", "pk": 7, "fields": {"tour": 15, "title": "", "text": ""}}, {"model": "tour.tourdetailen", "pk": 8, "fields": {"tour": 15, "title": "", "text": ""}}, {"model": "tour.tourdetailen", "pk": 9, "fields": {"tour": 15, "title": "", "text": ""}}, {"model": "tour.tourdetailen", "pk": 10, "fields": {"tour": 15, "title": "", "text": ""}}, {"model": "tour.tourdetailen", "pk": 11, "fields": {"tour": 15, "title": "", "text": ""}}, {"model": "tour.tourdetailen", "pk": 12, "fields": {"tour": 15, "title": "", "text": ""}}, {"model": "tour.tourdetailen", "pk": 13, "fields": {"tour": 17, "title": "title1", "text": "about tour"}}, {"model": "tour.tourdetailen", "pk": 14, "fields": {"tour": 17, "title": "title2", "text": "about tour2"}}, {"model": "tour.tourdetailen", "pk": 15, "fields": {"tour": 17, "title": "", "text": ""}}, {"model": "tour.tourdetailen", "pk": 16, "fields": {"tour": 17, "title": "", "text": ""}}, {"model": "tour.tourdetailen", "pk": 17, "fields": {"tour": 17, "title": "", "text": ""}}, {"model": "tour.tourdetailen", "pk": 18, "fields": {"tour": 17, "title": "", "text": ""}}, {"model": "tour.tourdetailen", "pk": 19, "fields": {"tour": 17, "title": "", "text": ""}}, {"model": "tour.tourdetailen", "pk": 20, "fields": {"tour": 17, "title": "", "text": ""}}, {"model": "tour.tourdetailen", "pk": 21, "fields": {"tour": 17, "title": "", "text": ""}}, {"model": "tour.tourdetailen", "pk": 22, "fields": {"tour": 17, "title": "", "text": ""}}, {"model": "tour.tourdetailen", "pk": 23, "fields": {"tour": 18, "title": "title9", "text": "about"}}, {"model": "tour.tourdetailen", "pk": 24, "fields": {"tour": 18, "title": "title8", "text": "about2"}}, {"model": "tour.tourdetailen", "pk": 25, "fields": {"tour": 18, "title": "", "text": ""}}, {"model": "tour.tourdetailen", "pk": 26, "fields": {"tour": 18, "title": "", "text": ""}}, {"model": "tour.tourdetailen", "pk": 27, "fields": {"tour": 18, "title": "", "text": ""}}, {"model": "tour.tourdetailen", "pk": 28, "fields": {"tour": 18, "title": "", "text": ""}}, {"model": "tour.tourdetailen", "pk": 29, "fields": {"tour": 18, "title": "", "text": ""}}, {"model": "tour.tourdetailen", "pk": 30, "fields": {"tour": 18, "title": "", "text": ""}}, {"model": "tour.tourdetailen", "pk": 31, "fields": {"tour": 18, "title": "", "text": ""}}, {"model": "tour.tourdetailen", "pk": 32, "fields": {"tour": 18, "title": "", "text": ""}}, {"model": "tour.tourdetailen", "pk": 33, "fields": {"tour": 24, "title": "title9", "text": "about"}}, {"model": "tour.tourdetailen", "pk": 34, "fields": {"tour": 24, "title": "title8", "text": "about2"}}, {"model": "tour.tourdetailen", "pk": 35, "fields": {"tour": 26, "title": "title98", "text": "about"}}, {"model": "tour.tourdetailen", "pk": 36, "fields": {"tour": 26, "title": "title80", "text": "about2"}}, {"model": "tour.tourdetailen", "pk": 37, "fields": {"tour": 26, "title": "title123", "text": "about sotmehthttht"}}, {"model": "tour.tourdetailen", "pk": 38, "fields": {"tour": 27, "title": "title98", "text": "about"}}, {"model": "tour.tourdetailen", "pk": 39, "fields": {"tour": 27, "title": "title80", "text": "about2"}}, {"model": "tour.tourdetailen", "pk": 40, "fields": {"tour": 27, "title": "title123", "text": "about sotmehthttht"}}, {"model": "tour.tourdetailen", "pk": 41, "fields": {"tour": 28, "title": "title98", "text": "about"}}, {"model": "tour.tourdetailen", "pk": 42, "fields": {"tour": 28, "title": "title80", "text": "about2"}}, {"model": "tour.tourdetailen", "pk": 43, "fields": {"tour": 28, "title": "title123", "text": "about sotmehthttht"}}, {"model": "tour.tourdetailen", "pk": 44, "fields": {"tour": 29, "title": "title98", "text": "about"}}, {"model": "tour.tourdetailen", "pk": 45, "fields": {"tour": 29, "title": "title80", "text": "about2"}}, {"model": "tour.tourdetailen", "pk": 46, "fields": {"tour": 29, "title": "title123", "text": "about sotmehthttht"}}, {"model": "tour.tourdetailen", "pk": 47, "fields": {"tour": 30, "title": "title98", "text": "about"}}, {"model": "tour.tourdetailen", "pk": 48, "fields": {"tour": 30, "title": "title80", "text": "about2"}}, {"model": "tour.tourdetailen", "pk": 49, "fields": {"tour": 30, "title": "title123", "text": "about sotmehthttht"}}, {"model": "tour.tourdetailen", "pk": 50, "fields": {"tour": 30, "title": "", "text": ""}}, {"model": "tour.tourdetailen", "pk": 51, "fields": {"tour": 30, "title": "", "text": ""}}, {"model": "tour.tourdetailen", "pk": 52, "fields": {"tour": 30, "title": "", "text": ""}}, {"model": "tour.tourdetailen", "pk": 53, "fields": {"tour": 30, "title": "", "text": ""}}, {"model": "tour.tourdetailen", "pk": 54, "fields": {"tour": 30, "title": "", "text": ""}}, {"model": "tour.tourdetailen", "pk": 55, "fields": {"tour": 30, "title": "", "text": ""}}, {"model": "tour.tourdetailen", "pk": 56, "fields": {"tour": 30, "title": "", "text": ""}}, {"model": "tour.tourdetailen", "pk": 57, "fields": {"tour": 33, "title": "title98", "text": "about"}}, {"model": "tour.tourdetailen", "pk": 58, "fields": {"tour": 33, "title": "title80", "text": "about2"}}, {"model": "tour.tourdetailen", "pk": 59, "fields": {"tour": 33, "title": "title123", "text": "about sotmehthttht"}}, {"model": "tour.tourdetailen", "pk": 60, "fields": {"tour": 34, "title": "title98", "text": "about"}}, {"model": "tour.tourdetailen", "pk": 61, "fields": {"tour": 34, "title": "title80", "text": "about2"}}, {"model": "tour.tourdetailen", "pk": 62, "fields": {"tour": 34, "title": "title123", "text": "about sotmehthttht"}}, {"model": "tour.tourdetailen", "pk": 63, "fields": {"tour": 34, "title": "", "text": ""}}, {"model": "tour.tourdetailen", "pk": 64, "fields": {"tour": 34, "title": "", "text": ""}}, {"model": "tour.tourdetailen", "pk": 65, "fields": {"tour": 34, "title": "", "text": ""}}, {"model": "tour.tourdetailen", "pk": 66, "fields": {"tour": 34, "title": "", "text": ""}}, {"model": "tour.tourdetailen", "pk": 67, "fields": {"tour": 34, "title": "", "text": ""}}, {"model": "tour.tourdetailen", "pk": 68, "fields": {"tour": 34, "title": "", "text": ""}}, {"model": "tour.tourdetailen", "pk": 69, "fields": {"tour": 34, "title": "", "text": ""}}, {"model": "tour.tourdetailen", "pk": 70, "fields": {"tour": 35, "title": "title98", "text": "about"}}, {"model": "tour.tourdetailen", "pk": 71, "fields": {"tour": 35, "title": "title80", "text": "about2"}}, {"model": "tour.tourdetailen", "pk": 72, "fields": {"tour": 35, "title": "title123", "text": "about sotmehthttht"}}, {"model": "tour.tourdetailen", "pk": 73, "fields": {"tour": 36, "title": "title98", "text": "about"}}, {"model": "tour.tourdetailen", "pk": 74, "fields": {"tour": 36, "title": "title80", "text": "about2"}}, {"model": "tour.tourdetailen", "pk": 75, "fields": {"tour": 36, "title": "title123", "text": "about sotmehthttht"}}, {"model": "tour.tourdetailen", "pk": 76, "fields": {"tour": 36, "title": "", "text": ""}}, {"model": "tour.tourdetailen", "pk": 77, "fields": {"tour": 36, "title": "", "text": ""}}, {"model": "tour.tourdetailen", "pk": 78, "fields": {"tour": 36, "title": "", "text": ""}}, {"model": "tour.tourdetailen", "pk": 79, "fields": {"tour": 36, "title": "", "text": ""}}, {"model": "tour.tourdetailen", "pk": 80, "fields": {"tour": 36, "title": "", "text": ""}}, {"model": "tour.tourdetailen", "pk": 81, "fields": {"tour": 36, "title": "", "text": ""}}, {"model": "tour.tourdetailen", "pk": 82, "fields": {"tour": 36, "title": "", "text": ""}}, {"model": "tour.tourdetailen", "pk": 83, "fields": {"tour": 37, "title": "title99", "text": "about tour"}}, {"model": "tour.tourdetailen", "pk": 84, "fields": {"tour": 37, "title": "title88", "text": "about tour"}}, {"model": "tour.tourdetailen", "pk": 85, "fields": {"tour": 60, "title": "Title101", "text": "about tour"}}, {"model": "tour.tourdetailen", "pk": 86, "fields": {"tour": 60, "title": "Title 102", "text": "tour about"}}, {"model": "tour.tourdetailen", "pk": 87, "fields": {"tour": 62, "title": "title 102", "text": "about tour"}}, {"model": "tour.tourdetailen", "pk": 88, "fields": {"tour": 62, "title": "title 103", "text": "tour about"}}, {"model": "tour.tourdetailen", "pk": 89, "fields": {"tour": 64, "title": "title 102", "text": "about tour"}}, {"model": "tour.tourdetailen", "pk": 90, "fields": {"tour": 64, "title": "title 103", "text": "tour about"}}, {"model": "tour.tourdetailen", "pk": 91, "fields": {"tour": 66, "title": "title 102", "text": "about tour"}}, {"model": "tour.tourdetailen", "pk": 92, "fields": {"tour": 66, "title": "title 103", "text": "tour about"}}, {"model": "tour.tourdetailen", "pk": 93, "fields": {"tour": 67, "title": "title 103", "text": "about tour"}}, {"model": "tour.tourdetailen", "pk": 94, "fields": {"tour": 68, "title": "title 103", "text": "about tour"}}, {"model": "tour.tourdetailen", "pk": 95, "fields": {"tour": 69, "title": "title 103", "text": "about tour"}}, {"model": "tour.tourdetailen", "pk": 96, "fields": {"tour": 70, "title": "title 103", "text": "about"}}, {"model": "tour.tourdetailen", "pk": 97, "fields": {"tour": 70, "title": "title 113", "text": "about tour"}}, {"model": "tour.tourdetailen", "pk": 98, "fields": {"tour": 71, "title": "asdasd", "text": "qwe"}}, {"model": "tour.tourdetailen", "pk": 99, "fields": {"tour": 72, "title": "asdasd", "text": "qwe"}}, {"model": "tour.tourdetailen", "pk": 100, "fields": {"tour": 73, "title": "asd", "text": "asd"}}, {"model": "tour.tourdetailen", "pk": 101, "fields": {"tour": 74, "title": "asd", "text": "asd"}}, {"model": "tour.tourdetailen", "pk": 102, "fields": {"tour": 75, "title": "asd", "text": "asd"}}, {"model": "tour.tourdetailen", "pk": 103, "fields": {"tour": 76, "title": "asd", "text": "asd"}}, {"model": "tour.tourdetailen", "pk": 104, "fields": {"tour": 77, "title": "asd", "text": "asd"}}, {"model": "tour.tourdetailen", "pk": 105, "fields": {"tour": 80, "title": "title 125", "text": "about 125"}}, {"model": "tour.tourdetailen", "pk": 106, "fields": {"tour": 80, "title": "title 126", "text": "about 126"}}, {"model": "tour.tourdetailen", "pk": 107, "fields": {"tour": 81, "title": "asd", "text": "about tour"}}, {"model": "tour.tourdetailen", "pk": 108, "fields": {"tour": 81, "title": "about", "text": "desc"}}, {"model": "tour.tourdetailen", "pk": 109, "fields": {"tour": 82, "title": "asd", "text": "fg"}}, {"model": "tour.tourdetailen", "pk": 110, "fields": {"tour": 83, "title": "asd", "text": "fg"}}, {"model": "tour.tourdetailen", "pk": 111, "fields": {"tour": 84, "title": "asd", "text": "fg"}}, {"model": "tour.tourdetailen", "pk": 112, "fields": {"tour": 85, "title": "asd", "text": "fg"}}, {"model": "tour.tourdetailen", "pk": 113, "fields": {"tour": 86, "title": "asd", "text": "fg"}}, {"model": "tour.tourdetailen", "pk": 114, "fields": {"tour": 87, "title": "asd", "text": "fg"}}, {"model": "tour.tourdetailen", "pk": 115, "fields": {"tour": 88, "title": "asd", "text": "fg"}}, {"model": "tour.tourdetailen", "pk": 116, "fields": {"tour": 89, "title": "asd", "text": "fg"}}, {"model": "tour.tourdetailen", "pk": 117, "fields": {"tour": 90, "title": "asd", "text": "fg"}}, {"model": "tour.tourdetailen", "pk": 118, "fields": {"tour": 91, "title": "asd", "text": "fg"}}, {"model": "tour.tourdetailen", "pk": 119, "fields": {"tour": 92, "title": "a", "text": "a"}}, {"model": "tour.tourdetailen", "pk": 120, "fields": {"tour": 93, "title": "a", "text": "a"}}, {"model": "tour.tourdetailen", "pk": 121, "fields": {"tour": 94, "title": "a", "text": "a"}}, {"model": "tour.tourdetailen", "pk": 122, "fields": {"tour": 95, "title": "a", "text": "a"}}, {"model": "tour.tourdetailen", "pk": 123, "fields": {"tour": 98, "title": "a", "text": "a"}}, {"model": "tour.tourdetailen", "pk": 124, "fields": {"tour": 99, "title": "a", "text": "a"}}, {"model": "tour.tourdetailen", "pk": 125, "fields": {"tour": 100, "title": "a", "text": "a"}}, {"model": "tour.tourdetailen", "pk": 126, "fields": {"tour": 101, "title": "a", "text": "a"}}, {"model": "tour.tourdetailen", "pk": 127, "fields": {"tour": 102, "title": "a", "text": "a"}}, {"model": "tour.tourdetailen", "pk": 128, "fields": {"tour": 103, "title": "a", "text": "a"}}, {"model": "tour.tourdetailen", "pk": 129, "fields": {"tour": 104, "title": "a", "text": "a"}}, {"model": "tour.tourdetailen", "pk": 130, "fields": {"tour": 105, "title": "a", "text": "a"}}, {"model": "tour.tourdetailen", "pk": 131, "fields": {"tour": 106, "title": "Equipment", "text": "1. something\r\n2. anything\r\n3. nothing"}}, {"model": "tour.tourdetailen", "pk": 132, "fields": {"tour": 106, "title": "Places to go", "text": "1. somewhere\r\n2. anywhere\r\n3. nowhere"}}, {"model": "tour.tourdetailen", "pk": 133, "fields": {"tour": 112, "title": "test", "text": "test"}}, {"model": "tour.tourdetailen", "pk": 134, "fields": {"tour": 112, "title": "", "text": ""}}, {"model": "tour.tourdetailen", "pk": 135, "fields": {"tour": 112, "title": "", "text": ""}}, {"model": "tour.tourdetailen", "pk": 136, "fields": {"tour": 112, "title": "", "text": ""}}, {"model": "tour.tourdetailen", "pk": 137, "fields": {"tour": 112, "title": "", "text": ""}}, {"model": "tour.tourdetailen", "pk": 138, "fields": {"tour": 112, "title": "", "text": ""}}, {"model": "tour.tourdetailen", "pk": 139, "fields": {"tour": 112, "title": "", "text": ""}}, {"model": "tour.tourdetailen", "pk": 140, "fields": {"tour": 112, "title": "", "text": ""}}, {"model": "tour.tourdetailen", "pk": 141, "fields": {"tour": 112, "title": "", "text": ""}}, {"model": "tour.tourdetailen", "pk": 142, "fields": {"tour": 112, "title": "", "text": ""}}, {"model": "tour.tourdetailen", "pk": 143, "fields": {"tour": 113, "title": "test", "text": "test"}}, {"model": "tour.tourdetailen", "pk": 144, "fields": {"tour": 113, "title": "", "text": ""}}, {"model": "tour.tourdetailen", "pk": 145, "fields": {"tour": 113, "title": "", "text": ""}}, {"model": "tour.tourdetailen", "pk": 146, "fields": {"tour": 113, "title": "", "text": ""}}, {"model": "tour.tourdetailen", "pk": 147, "fields": {"tour": 113, "title": "", "text": ""}}, {"model": "tour.tourdetailen", "pk": 148, "fields": {"tour": 113, "title": "", "text": ""}}, {"model": "tour.tourdetailen", "pk": 149, "fields": {"tour": 113, "title": "", "text": ""}}, {"model": "tour.tourdetailen", "pk": 150, "fields": {"tour": 113, "title": "", "text": ""}}, {"model": "tour.tourdetailen", "pk": 151, "fields": {"tour": 113, "title": "", "text": ""}}, {"model": "tour.tourdetailen", "pk": 152, "fields": {"tour": 113, "title": "", "text": ""}}, {"model": "tour.tourdetailru", "pk": 1, "fields": {"tour": 8, "title": "\u0413\u0435\u043d\u0435\u0440\u0430\u043b\u044c\u043d\u044b\u0439 \u043f\u043b\u0430\u043d \u043f\u0443\u0442\u0435\u0448\u0435\u0441\u0442\u0432\u0438\u044f", "text": "- \u0411\u0430\u043a\u0443-\u041f\u0435\u0442\u0435\u0440\u0431\u0443\u0440\u0433-\u041c\u0443\u0440\u043c\u0430\u043d\u0441\u043a\r\n- 5 \u043d\u043e\u0447\u0435\u0439 \u0432 \u041c\u0443\u0440\u043c\u0430\u043d\u0441\u043a\u0435\r\n- 1 \u043d\u043e\u0447\u044c \u043d\u0430 \u043f\u043e\u0435\u0437\u0434\u0435 \u041c\u0443\u0440\u043c\u0430\u043d\u0441\u043a-\u041f\u0435\u0442\u0435\u0440\u0431\u0443\u0440\u0433\r\n- 3 \u043d\u043e\u0447\u0438 \u0432 \u041f\u0435\u0442\u0435\u0440\u0431\u0443\u0440\u0433\u0435\r\n- \u041f\u0435\u0442\u0435\u0440\u0431\u0443\u0440\u0433-\u0411\u0430\u043a\u0443"}}, {"model": "tour.tourdetailru", "pk": 2, "fields": {"tour": 8, "title": "\u0413\u0435\u043d\u0435\u0440\u0430\u043b\u044c\u043d\u044b\u0439 \u043f\u043b\u0430\u043d \u043f\u0443\u0442\u0435\u0448\u0435\u0441\u0442\u0432\u0438\u044f", "text": "- \u0411\u0430\u043a\u0443-\u041f\u0435\u0442\u0435\u0440\u0431\u0443\u0440\u0433-\u041c\u0443\u0440\u043c\u0430\u043d\u0441\u043a\r\n- 5 \u043d\u043e\u0447\u0435\u0439 \u0432 \u041c\u0443\u0440\u043c\u0430\u043d\u0441\u043a\u0435\r\n- 1 \u043d\u043e\u0447\u044c \u043d\u0430 \u043f\u043e\u0435\u0437\u0434\u0435 \u041c\u0443\u0440\u043c\u0430\u043d\u0441\u043a-\u041f\u0435\u0442\u0435\u0440\u0431\u0443\u0440\u0433\r\n- 3 \u043d\u043e\u0447\u0438 \u0432 \u041f\u0435\u0442\u0435\u0440\u0431\u0443\u0440\u0433\u0435\r\n- \u041f\u0435\u0442\u0435\u0440\u0431\u0443\u0440\u0433-\u0411\u0430\u043a\u0443"}}, {"model": "tour.tourimage", "pk": 1, "fields": {"tour": 8, "image": "tour/image/Snowboarding3.jpg"}}, {"model": "tour.tourimage", "pk": 2, "fields": {"tour": 8, "image": "tour/image/qaranohur_WNVC6PJ.webp"}}, {"model": "tour.tourimage", "pk": 3, "fields": {"tour": 8, "image": "tour/image/qaranohur1_zd8Ofoj.jpeg"}}, {"model": "tour.tourimage", "pk": 4, "fields": {"tour": 14, "image": "tour/image/shcedule_snowboard4.webp"}}, {"model": "tour.tourimage", "pk": 5, "fields": {"tour": 14, "image": "tour/image/shcedule_snowboard.webp"}}, {"model": "tour.tourimage", "pk": 6, "fields": {"tour": 14, "image": ""}}, {"model": "tour.tourimage", "pk": 7, "fields": {"tour": 14, "image": ""}}, {"model": "tour.tourimage", "pk": 8, "fields": {"tour": 14, "image": ""}}, {"model": "tour.tourimage", "pk": 9, "fields": {"tour": 14, "image": ""}}, {"model": "tour.tourimage", "pk": 10, "fields": {"tour": 14, "image": ""}}, {"model": "tour.tourimage", "pk": 11, "fields": {"tour": 14, "image": ""}}, {"model": "tour.tourimage", "pk": 12, "fields": {"tour": 14, "image": ""}}, {"model": "tour.tourimage", "pk": 13, "fields": {"tour": 14, "image": ""}}, {"model": "tour.tourimage", "pk": 14, "fields": {"tour": 15, "image": "tour/image/Shahdag_Mountain_Resort_avatar.jpeg"}}, {"model": "tour.tourimage", "pk": 15, "fields": {"tour": 15, "image": ""}}, {"model": "tour.tourimage", "pk": 16, "fields": {"tour": 15, "image": ""}}, {"model": "tour.tourimage", "pk": 17, "fields": {"tour": 15, "image": ""}}, {"model": "tour.tourimage", "pk": 18, "fields": {"tour": 15, "image": ""}}, {"model": "tour.tourimage", "pk": 19, "fields": {"tour": 15, "image": ""}}, {"model": "tour.tourimage", "pk": 20, "fields": {"tour": 15, "image": ""}}, {"model": "tour.tourimage", "pk": 21, "fields": {"tour": 15, "image": ""}}, {"model": "tour.tourimage", "pk": 22, "fields": {"tour": 15, "image": ""}}, {"model": "tour.tourimage", "pk": 23, "fields": {"tour": 15, "image": ""}}, {"model": "tour.tourimage", "pk": 24, "fields": {"tour": 17, "image": "tour/image/shcedule_snowboard3.webp"}}, {"model": "tour.tourimage", "pk": 25, "fields": {"tour": 17, "image": ""}}, {"model": "tour.tourimage", "pk": 26, "fields": {"tour": 17, "image": ""}}, {"model": "tour.tourimage", "pk": 27, "fields": {"tour": 17, "image": ""}}, {"model": "tour.tourimage", "pk": 28, "fields": {"tour": 17, "image": ""}}, {"model": "tour.tourimage", "pk": 29, "fields": {"tour": 17, "image": ""}}, {"model": "tour.tourimage", "pk": 30, "fields": {"tour": 17, "image": ""}}, {"model": "tour.tourimage", "pk": 31, "fields": {"tour": 17, "image": ""}}, {"model": "tour.tourimage", "pk": 32, "fields": {"tour": 17, "image": ""}}, {"model": "tour.tourimage", "pk": 33, "fields": {"tour": 17, "image": ""}}, {"model": "tour.tourimage", "pk": 34, "fields": {"tour": 18, "image": "tour/image/shcedule_snowboard3_ZXuJTGS.webp"}}, {"model": "tour.tourimage", "pk": 35, "fields": {"tour": 18, "image": ""}}, {"model": "tour.tourimage", "pk": 36, "fields": {"tour": 18, "image": ""}}, {"model": "tour.tourimage", "pk": 37, "fields": {"tour": 18, "image": ""}}, {"model": "tour.tourimage", "pk": 38, "fields": {"tour": 18, "image": ""}}, {"model": "tour.tourimage", "pk": 39, "fields": {"tour": 18, "image": ""}}, {"model": "tour.tourimage", "pk": 40, "fields": {"tour": 18, "image": ""}}, {"model": "tour.tourimage", "pk": 41, "fields": {"tour": 18, "image": ""}}, {"model": "tour.tourimage", "pk": 42, "fields": {"tour": 18, "image": ""}}, {"model": "tour.tourimage", "pk": 43, "fields": {"tour": 18, "image": ""}}, {"model": "tour.tourimage", "pk": 44, "fields": {"tour": 30, "image": "tour/image/shcedule_snowboard3_aBBqHlM.webp"}}, {"model": "tour.tourimage", "pk": 45, "fields": {"tour": 30, "image": ""}}, {"model": "tour.tourimage", "pk": 46, "fields": {"tour": 30, "image": ""}}, {"model": "tour.tourimage", "pk": 47, "fields": {"tour": 30, "image": ""}}, {"model": "tour.tourimage", "pk": 48, "fields": {"tour": 30, "image": ""}}, {"model": "tour.tourimage", "pk": 49, "fields": {"tour": 30, "image": ""}}, {"model": "tour.tourimage", "pk": 50, "fields": {"tour": 30, "image": ""}}, {"model": "tour.tourimage", "pk": 51, "fields": {"tour": 30, "image": ""}}, {"model": "tour.tourimage", "pk": 52, "fields": {"tour": 30, "image": ""}}, {"model": "tour.tourimage", "pk": 53, "fields": {"tour": 30, "image": ""}}, {"model": "tour.tourimage", "pk": 54, "fields": {"tour": 34, "image": "tour/image/shcedule_snowboard3_jo2ZRTX.webp"}}, {"model": "tour.tourimage", "pk": 55, "fields": {"tour": 34, "image": ""}}, {"model": "tour.tourimage", "pk": 56, "fields": {"tour": 34, "image": ""}}, {"model": "tour.tourimage", "pk": 57, "fields": {"tour": 34, "image": ""}}, {"model": "tour.tourimage", "pk": 58, "fields": {"tour": 34, "image": ""}}, {"model": "tour.tourimage", "pk": 59, "fields": {"tour": 34, "image": ""}}, {"model": "tour.tourimage", "pk": 60, "fields": {"tour": 34, "image": ""}}, {"model": "tour.tourimage", "pk": 61, "fields": {"tour": 34, "image": ""}}, {"model": "tour.tourimage", "pk": 62, "fields": {"tour": 34, "image": ""}}, {"model": "tour.tourimage", "pk": 63, "fields": {"tour": 34, "image": ""}}, {"model": "tour.tourimage", "pk": 64, "fields": {"tour": 36, "image": "tour/image/shcedule_snowboard3_KtNvEC6.webp"}}, {"model": "tour.tourimage", "pk": 65, "fields": {"tour": 36, "image": ""}}, {"model": "tour.tourimage", "pk": 66, "fields": {"tour": 36, "image": ""}}, {"model": "tour.tourimage", "pk": 67, "fields": {"tour": 36, "image": ""}}, {"model": "tour.tourimage", "pk": 68, "fields": {"tour": 36, "image": ""}}, {"model": "tour.tourimage", "pk": 69, "fields": {"tour": 36, "image": ""}}, {"model": "tour.tourimage", "pk": 70, "fields": {"tour": 36, "image": ""}}, {"model": "tour.tourimage", "pk": 71, "fields": {"tour": 36, "image": ""}}, {"model": "tour.tourimage", "pk": 72, "fields": {"tour": 36, "image": ""}}, {"model": "tour.tourimage", "pk": 73, "fields": {"tour": 36, "image": ""}}, {"model": "tour.tourimage", "pk": 74, "fields": {"tour": 43, "image": ""}}, {"model": "tour.tourimage", "pk": 75, "fields": {"tour": 43, "image": ""}}, {"model": "tour.tourimage", "pk": 76, "fields": {"tour": 43, "image": ""}}, {"model": "tour.tourimage", "pk": 77, "fields": {"tour": 43, "image": ""}}, {"model": "tour.tourimage", "pk": 78, "fields": {"tour": 43, "image": ""}}, {"model": "tour.tourimage", "pk": 79, "fields": {"tour": 43, "image": ""}}, {"model": "tour.tourimage", "pk": 80, "fields": {"tour": 43, "image": ""}}, {"model": "tour.tourimage", "pk": 81, "fields": {"tour": 43, "image": ""}}, {"model": "tour.tourimage", "pk": 82, "fields": {"tour": 43, "image": ""}}, {"model": "tour.tourimage", "pk": 83, "fields": {"tour": 43, "image": ""}}, {"model": "tour.tourimage", "pk": 84, "fields": {"tour": 46, "image": ""}}, {"model": "tour.tourimage", "pk": 85, "fields": {"tour": 46, "image": ""}}, {"model": "tour.tourimage", "pk": 86, "fields": {"tour": 46, "image": ""}}, {"model": "tour.tourimage", "pk": 87, "fields": {"tour": 46, "image": ""}}, {"model": "tour.tourimage", "pk": 88, "fields": {"tour": 46, "image": ""}}, {"model": "tour.tourimage", "pk": 89, "fields": {"tour": 46, "image": ""}}, {"model": "tour.tourimage", "pk": 90, "fields": {"tour": 46, "image": ""}}, {"model": "tour.tourimage", "pk": 91, "fields": {"tour": 46, "image": ""}}, {"model": "tour.tourimage", "pk": 92, "fields": {"tour": 46, "image": ""}}, {"model": "tour.tourimage", "pk": 93, "fields": {"tour": 46, "image": ""}}, {"model": "tour.tourimage", "pk": 94, "fields": {"tour": 49, "image": ""}}, {"model": "tour.tourimage", "pk": 95, "fields": {"tour": 49, "image": ""}}, {"model": "tour.tourimage", "pk": 96, "fields": {"tour": 49, "image": ""}}, {"model": "tour.tourimage", "pk": 97, "fields": {"tour": 49, "image": ""}}, {"model": "tour.tourimage", "pk": 98, "fields": {"tour": 49, "image": ""}}, {"model": "tour.tourimage", "pk": 99, "fields": {"tour": 49, "image": ""}}, {"model": "tour.tourimage", "pk": 100, "fields": {"tour": 49, "image": ""}}, {"model": "tour.tourimage", "pk": 101, "fields": {"tour": 49, "image": ""}}, {"model": "tour.tourimage", "pk": 102, "fields": {"tour": 49, "image": ""}}, {"model": "tour.tourimage", "pk": 103, "fields": {"tour": 49, "image": ""}}, {"model": "tour.tourimage", "pk": 104, "fields": {"tour": 55, "image": "tour/image/shcedule_snowboard3_p46pUow.webp"}}, {"model": "tour.tourimage", "pk": 105, "fields": {"tour": 55, "image": ""}}, {"model": "tour.tourimage", "pk": 106, "fields": {"tour": 55, "image": ""}}, {"model": "tour.tourimage", "pk": 107, "fields": {"tour": 55, "image": ""}}, {"model": "tour.tourimage", "pk": 108, "fields": {"tour": 55, "image": ""}}, {"model": "tour.tourimage", "pk": 109, "fields": {"tour": 55, "image": ""}}, {"model": "tour.tourimage", "pk": 110, "fields": {"tour": 55, "image": ""}}, {"model": "tour.tourimage", "pk": 111, "fields": {"tour": 55, "image": ""}}, {"model": "tour.tourimage", "pk": 112, "fields": {"tour": 55, "image": ""}}, {"model": "tour.tourimage", "pk": 113, "fields": {"tour": 55, "image": ""}}, {"model": "tour.tourimage", "pk": 114, "fields": {"tour": 58, "image": ""}}, {"model": "tour.tourimage", "pk": 115, "fields": {"tour": 58, "image": ""}}, {"model": "tour.tourimage", "pk": 116, "fields": {"tour": 58, "image": ""}}, {"model": "tour.tourimage", "pk": 117, "fields": {"tour": 58, "image": ""}}, {"model": "tour.tourimage", "pk": 118, "fields": {"tour": 58, "image": ""}}, {"model": "tour.tourimage", "pk": 119, "fields": {"tour": 58, "image": ""}}, {"model": "tour.tourimage", "pk": 120, "fields": {"tour": 58, "image": ""}}, {"model": "tour.tourimage", "pk": 121, "fields": {"tour": 58, "image": ""}}, {"model": "tour.tourimage", "pk": 122, "fields": {"tour": 58, "image": ""}}, {"model": "tour.tourimage", "pk": 123, "fields": {"tour": 58, "image": ""}}, {"model": "tour.tourimage", "pk": 124, "fields": {"tour": 59, "image": ""}}, {"model": "tour.tourimage", "pk": 125, "fields": {"tour": 59, "image": ""}}, {"model": "tour.tourimage", "pk": 126, "fields": {"tour": 59, "image": ""}}, {"model": "tour.tourimage", "pk": 127, "fields": {"tour": 59, "image": ""}}, {"model": "tour.tourimage", "pk": 128, "fields": {"tour": 59, "image": ""}}, {"model": "tour.tourimage", "pk": 129, "fields": {"tour": 59, "image": ""}}, {"model": "tour.tourimage", "pk": 130, "fields": {"tour": 59, "image": ""}}, {"model": "tour.tourimage", "pk": 131, "fields": {"tour": 59, "image": ""}}, {"model": "tour.tourimage", "pk": 132, "fields": {"tour": 59, "image": ""}}, {"model": "tour.tourimage", "pk": 133, "fields": {"tour": 59, "image": ""}}, {"model": "tour.tourimage", "pk": 134, "fields": {"tour": 60, "image": ""}}, {"model": "tour.tourimage", "pk": 135, "fields": {"tour": 60, "image": ""}}, {"model": "tour.tourimage", "pk": 136, "fields": {"tour": 60, "image": ""}}, {"model": "tour.tourimage", "pk": 137, "fields": {"tour": 60, "image": ""}}, {"model": "tour.tourimage", "pk": 138, "fields": {"tour": 60, "image": ""}}, {"model": "tour.tourimage", "pk": 139, "fields": {"tour": 60, "image": ""}}, {"model": "tour.tourimage", "pk": 140, "fields": {"tour": 60, "image": ""}}, {"model": "tour.tourimage", "pk": 141, "fields": {"tour": 60, "image": ""}}, {"model": "tour.tourimage", "pk": 142, "fields": {"tour": 60, "image": ""}}, {"model": "tour.tourimage", "pk": 143, "fields": {"tour": 60, "image": ""}}, {"model": "tour.tourimage", "pk": 144, "fields": {"tour": 62, "image": ""}}, {"model": "tour.tourimage", "pk": 145, "fields": {"tour": 62, "image": ""}}, {"model": "tour.tourimage", "pk": 146, "fields": {"tour": 62, "image": ""}}, {"model": "tour.tourimage", "pk": 147, "fields": {"tour": 62, "image": ""}}, {"model": "tour.tourimage", "pk": 148, "fields": {"tour": 62, "image": ""}}, {"model": "tour.tourimage", "pk": 149, "fields": {"tour": 62, "image": ""}}, {"model": "tour.tourimage", "pk": 150, "fields": {"tour": 62, "image": ""}}, {"model": "tour.tourimage", "pk": 151, "fields": {"tour": 62, "image": ""}}, {"model": "tour.tourimage", "pk": 152, "fields": {"tour": 62, "image": ""}}, {"model": "tour.tourimage", "pk": 153, "fields": {"tour": 62, "image": ""}}, {"model": "tour.tourimage", "pk": 154, "fields": {"tour": 64, "image": ""}}, {"model": "tour.tourimage", "pk": 155, "fields": {"tour": 64, "image": ""}}, {"model": "tour.tourimage", "pk": 156, "fields": {"tour": 64, "image": ""}}, {"model": "tour.tourimage", "pk": 157, "fields": {"tour": 64, "image": ""}}, {"model": "tour.tourimage", "pk": 158, "fields": {"tour": 64, "image": ""}}, {"model": "tour.tourimage", "pk": 159, "fields": {"tour": 64, "image": ""}}, {"model": "tour.tourimage", "pk": 160, "fields": {"tour": 64, "image": ""}}, {"model": "tour.tourimage", "pk": 161, "fields": {"tour": 64, "image": ""}}, {"model": "tour.tourimage", "pk": 162, "fields": {"tour": 64, "image": ""}}, {"model": "tour.tourimage", "pk": 163, "fields": {"tour": 64, "image": ""}}, {"model": "tour.tourimage", "pk": 164, "fields": {"tour": 66, "image": ""}}, {"model": "tour.tourimage", "pk": 165, "fields": {"tour": 66, "image": ""}}, {"model": "tour.tourimage", "pk": 166, "fields": {"tour": 66, "image": ""}}, {"model": "tour.tourimage", "pk": 167, "fields": {"tour": 66, "image": ""}}, {"model": "tour.tourimage", "pk": 168, "fields": {"tour": 66, "image": ""}}, {"model": "tour.tourimage", "pk": 169, "fields": {"tour": 66, "image": ""}}, {"model": "tour.tourimage", "pk": 170, "fields": {"tour": 66, "image": ""}}, {"model": "tour.tourimage", "pk": 171, "fields": {"tour": 66, "image": ""}}, {"model": "tour.tourimage", "pk": 172, "fields": {"tour": 66, "image": ""}}, {"model": "tour.tourimage", "pk": 173, "fields": {"tour": 66, "image": ""}}, {"model": "tour.tourimage", "pk": 174, "fields": {"tour": 67, "image": "tour/image/shcedule_snowboard4_LIHkJFp.webp"}}, {"model": "tour.tourimage", "pk": 175, "fields": {"tour": 67, "image": "tour/image/shcedule_snowboard_JOOhZE3.webp"}}, {"model": "tour.tourimage", "pk": 176, "fields": {"tour": 67, "image": ""}}, {"model": "tour.tourimage", "pk": 177, "fields": {"tour": 67, "image": ""}}, {"model": "tour.tourimage", "pk": 178, "fields": {"tour": 67, "image": ""}}, {"model": "tour.tourimage", "pk": 179, "fields": {"tour": 67, "image": ""}}, {"model": "tour.tourimage", "pk": 180, "fields": {"tour": 67, "image": ""}}, {"model": "tour.tourimage", "pk": 181, "fields": {"tour": 67, "image": ""}}, {"model": "tour.tourimage", "pk": 182, "fields": {"tour": 67, "image": ""}}, {"model": "tour.tourimage", "pk": 183, "fields": {"tour": 67, "image": ""}}, {"model": "tour.tourimage", "pk": 184, "fields": {"tour": 69, "image": "tour/image/qaranohur2_V8lBDCk.jpeg"}}, {"model": "tour.tourimage", "pk": 185, "fields": {"tour": 69, "image": "tour/image/qaranohur1_HGbkvGm.jpeg"}}, {"model": "tour.tourimage", "pk": 186, "fields": {"tour": 69, "image": ""}}, {"model": "tour.tourimage", "pk": 187, "fields": {"tour": 69, "image": ""}}, {"model": "tour.tourimage", "pk": 188, "fields": {"tour": 69, "image": ""}}, {"model": "tour.tourimage", "pk": 189, "fields": {"tour": 69, "image": ""}}, {"model": "tour.tourimage", "pk": 190, "fields": {"tour": 69, "image": ""}}, {"model": "tour.tourimage", "pk": 191, "fields": {"tour": 69, "image": ""}}, {"model": "tour.tourimage", "pk": 192, "fields": {"tour": 69, "image": ""}}, {"model": "tour.tourimage", "pk": 193, "fields": {"tour": 69, "image": ""}}, {"model": "tour.tourimage", "pk": 194, "fields": {"tour": 70, "image": "tour/image/Shahdag_Mountain_Resort1.jpg"}}, {"model": "tour.tourimage", "pk": 195, "fields": {"tour": 70, "image": "tour/image/logo_caucauses.png"}}, {"model": "tour.tourimage", "pk": 196, "fields": {"tour": 70, "image": ""}}, {"model": "tour.tourimage", "pk": 197, "fields": {"tour": 70, "image": ""}}, {"model": "tour.tourimage", "pk": 198, "fields": {"tour": 70, "image": ""}}, {"model": "tour.tourimage", "pk": 199, "fields": {"tour": 70, "image": ""}}, {"model": "tour.tourimage", "pk": 200, "fields": {"tour": 70, "image": ""}}, {"model": "tour.tourimage", "pk": 201, "fields": {"tour": 70, "image": ""}}, {"model": "tour.tourimage", "pk": 202, "fields": {"tour": 70, "image": ""}}, {"model": "tour.tourimage", "pk": 203, "fields": {"tour": 70, "image": ""}}, {"model": "tour.tourimage", "pk": 204, "fields": {"tour": 71, "image": "tour/image/shcedule_snowboard2.webp"}}, {"model": "tour.tourimage", "pk": 205, "fields": {"tour": 71, "image": "tour/image/snowboard_avatar_actvivity.webp"}}, {"model": "tour.tourimage", "pk": 206, "fields": {"tour": 72, "image": "tour/image/shcedule_snowboard2_hL5yhDy.webp"}}, {"model": "tour.tourimage", "pk": 207, "fields": {"tour": 72, "image": "tour/image/snowboard_avatar_actvivity_jTLdE1C.webp"}}, {"model": "tour.tourimage", "pk": 208, "fields": {"tour": 74, "image": "tour/image/shcedule_snowboard4_tQKUyKC.webp"}}, {"model": "tour.tourimage", "pk": 209, "fields": {"tour": 77, "image": "tour/image/shcedule_snowboard4_ORMXogu.webp"}}, {"model": "tour.tourimage", "pk": 210, "fields": {"tour": 80, "image": "tour/image/logo_caucauses_uiyyNQD.png"}}, {"model": "tour.tourimage", "pk": 211, "fields": {"tour": 81, "image": "tour/image/qutb4_ENLkSjA.jpeg"}}, {"model": "tour.tourimage", "pk": 212, "fields": {"tour": 82, "image": "tour/image/shcedule_snowboard3_rmwfeXN.webp"}}, {"model": "tour.tourimage", "pk": 213, "fields": {"tour": 82, "image": "tour/image/shcedule_snowboard_ygEvs64.webp"}}, {"model": "tour.tourimage", "pk": 214, "fields": {"tour": 88, "image": "tour/image/shcedule_snowboard3_dJJBLao.webp"}}, {"model": "tour.tourimage", "pk": 215, "fields": {"tour": 88, "image": "tour/image/shcedule_snowboard_oLTYYiV.webp"}}, {"model": "tour.tourimage", "pk": 216, "fields": {"tour": 89, "image": "tour/image/shcedule_snowboard3_ITZw2Wd.webp"}}, {"model": "tour.tourimage", "pk": 217, "fields": {"tour": 89, "image": "tour/image/shcedule_snowboard_trJFCW0.webp"}}, {"model": "tour.tourimage", "pk": 218, "fields": {"tour": 90, "image": "tour/image/shcedule_snowboard3_81uUvAo.webp"}}, {"model": "tour.tourimage", "pk": 219, "fields": {"tour": 90, "image": "tour/image/shcedule_snowboard_6D5Zlfa.webp"}}, {"model": "tour.tourimage", "pk": 220, "fields": {"tour": 91, "image": "tour/image/shcedule_snowboard3_ZKeNOsQ.webp"}}, {"model": "tour.tourimage", "pk": 221, "fields": {"tour": 91, "image": "tour/image/shcedule_snowboard_9G8APy3.webp"}}, {"model": "tour.tourimage", "pk": 222, "fields": {"tour": 97, "image": "tour/image/shcedule_snowboard3_UW82jyl.webp"}}, {"model": "tour.tourimage", "pk": 223, "fields": {"tour": 97, "image": "tour/image/shcedule_snowboard_VRmFOHD.webp"}}, {"model": "tour.tourimage", "pk": 224, "fields": {"tour": 103, "image": "tour/image/shcedule_snowboard3_Os5Zzm5.webp"}}, {"model": "tour.tourimage", "pk": 225, "fields": {"tour": 103, "image": "tour/image/shcedule_snowboard_Xn71uGt.webp"}}, {"model": "tour.tourimage", "pk": 226, "fields": {"tour": 104, "image": "tour/image/shcedule_snowboard3_ht9ZxaA.webp"}}, {"model": "tour.tourimage", "pk": 227, "fields": {"tour": 104, "image": "tour/image/shcedule_snowboard_22TinuJ.webp"}}, {"model": "tour.tourimage", "pk": 228, "fields": {"tour": 105, "image": "tour/image/shcedule_snowboard3_Cz0wAE9.webp"}}, {"model": "tour.tourimage", "pk": 229, "fields": {"tour": 105, "image": "tour/image/shcedule_snowboard_8DKBNeW.webp"}}, {"model": "tour.tourimage", "pk": 230, "fields": {"tour": 106, "image": "tour/image/Shahdag_Mountain_Resort2.jpeg"}}, {"model": "tour.tourimage", "pk": 231, "fields": {"tour": 106, "image": "tour/image/Shahdag_Mountain_Resort1_WlupG5r.jpg"}}, {"model": "tour.tourimage", "pk": 232, "fields": {"tour": 107, "image": "tour/image/shcedule_snowboard3_ZZtA2F2.webp"}}, {"model": "tour.tourimage", "pk": 233, "fields": {"tour": 107, "image": "tour/image/shcedule_snowboard_sKdZtBA.webp"}}, {"model": "tour.tourimage", "pk": 234, "fields": {"tour": 108, "image": "tour/image/shcedule_snowboard2_RxGdSkf.webp"}}, {"model": "tour.tourimage", "pk": 235, "fields": {"tour": 108, "image": "tour/image/shcedule_snowboard4_K6m4Tcx.webp"}}, {"model": "tour.tourimage", "pk": 236, "fields": {"tour": 109, "image": "tour/image/shcedule_snowboard2_BOWlnpj.webp"}}, {"model": "tour.tourimage", "pk": 237, "fields": {"tour": 109, "image": "tour/image/shcedule_snowboard_3vHPBaJ.webp"}}, {"model": "tour.tourimage", "pk": 238, "fields": {"tour": 110, "image": "tour/image/shcedule_snowboard2_x2sOdll.webp"}}, {"model": "tour.tourimage", "pk": 239, "fields": {"tour": 110, "image": "tour/image/shcedule_snowboard_gKm3Iqm.webp"}}, {"model": "tour.tourimage", "pk": 240, "fields": {"tour": 112, "image": "tour/image/qutb4_ENLkSjA_bniWj2N.jpeg"}}, {"model": "tour.tourimage", "pk": 241, "fields": {"tour": 112, "image": "tour/image/qutb4_ENLkSjA_wzMSKcB.jpeg"}}, {"model": "tour.tourimage", "pk": 242, "fields": {"tour": 112, "image": "tour/image/Snowboarding1.jpeg"}}, {"model": "tour.tourimage", "pk": 243, "fields": {"tour": 112, "image": ""}}, {"model": "tour.tourimage", "pk": 244, "fields": {"tour": 112, "image": ""}}, {"model": "tour.tourimage", "pk": 245, "fields": {"tour": 112, "image": ""}}, {"model": "tour.tourimage", "pk": 246, "fields": {"tour": 112, "image": ""}}, {"model": "tour.tourimage", "pk": 247, "fields": {"tour": 112, "image": ""}}, {"model": "tour.tourimage", "pk": 248, "fields": {"tour": 112, "image": ""}}, {"model": "tour.tourimage", "pk": 249, "fields": {"tour": 112, "image": ""}}, {"model": "tour.tourimage", "pk": 250, "fields": {"tour": 113, "image": "tour/image/qutb4_ENLkSjA_7Txx70e.jpeg"}}, {"model": "tour.tourimage", "pk": 251, "fields": {"tour": 113, "image": "tour/image/qutb4_ENLkSjA_InBR8eT.jpeg"}}, {"model": "tour.tourimage", "pk": 252, "fields": {"tour": 113, "image": "tour/image/Snowboarding1_iLRwRYC.jpeg"}}, {"model": "tour.tourimage", "pk": 253, "fields": {"tour": 113, "image": ""}}, {"model": "tour.tourimage", "pk": 254, "fields": {"tour": 113, "image": ""}}, {"model": "tour.tourimage", "pk": 255, "fields": {"tour": 113, "image": ""}}, {"model": "tour.tourimage", "pk": 256, "fields": {"tour": 113, "image": ""}}, {"model": "tour.tourimage", "pk": 257, "fields": {"tour": 113, "image": ""}}, {"model": "tour.tourimage", "pk": 258, "fields": {"tour": 113, "image": ""}}, {"model": "tour.tourimage", "pk": 259, "fields": {"tour": 113, "image": ""}}, {"model": "tour.tourschedule", "pk": 1, "fields": {"tour": 8, "image": "tour/schedule/shcedule_snowboard3.webp"}}, {"model": "tour.tourschedule", "pk": 2, "fields": {"tour": 8, "image": "tour/schedule/shcedule_snowboard4.webp"}}, {"model": "tour.tourschedule", "pk": 3, "fields": {"tour": 8, "image": "tour/schedule/shcedule_snowboard2.webp"}}, {"model": "tour.tourschedule", "pk": 4, "fields": {"tour": 83, "image": "tour/schedule/shcedule_snowboard3_0n3AJlS.webp"}}, {"model": "tour.tourschedule", "pk": 5, "fields": {"tour": 83, "image": "tour/schedule/shcedule_snowboard.webp"}}, {"model": "tour.tourschedule", "pk": 6, "fields": {"tour": 84, "image": "tour/schedule/shcedule_snowboard3_ePCgfZo.webp"}}, {"model": "tour.tourschedule", "pk": 7, "fields": {"tour": 84, "image": "tour/schedule/shcedule_snowboard_7yOKm68.webp"}}, {"model": "tour.tourschedule", "pk": 8, "fields": {"tour": 85, "image": "tour/schedule/shcedule_snowboard3_GSNG8qk.webp"}}, {"model": "tour.tourschedule", "pk": 9, "fields": {"tour": 85, "image": "tour/schedule/shcedule_snowboard_mNNrkGC.webp"}}, {"model": "tour.tourschedule", "pk": 10, "fields": {"tour": 86, "image": "tour/schedule/shcedule_snowboard3_s75RnoF.webp"}}, {"model": "tour.tourschedule", "pk": 11, "fields": {"tour": 86, "image": "tour/schedule/shcedule_snowboard_FJxuD7C.webp"}}, {"model": "tour.tourschedule", "pk": 12, "fields": {"tour": 87, "image": "tour/schedule/shcedule_snowboard3_th5GCn2.webp"}}, {"model": "tour.tourschedule", "pk": 13, "fields": {"tour": 87, "image": "tour/schedule/shcedule_snowboard_xTTCsQN.webp"}}, {"model": "tour.tourschedule", "pk": 14, "fields": {"tour": 92, "image": "tour/schedule/shcedule_snowboard3_Jf8yoyu.webp"}}, {"model": "tour.tourschedule", "pk": 15, "fields": {"tour": 92, "image": "tour/schedule/shcedule_snowboard_cZrg4OG.webp"}}, {"model": "tour.tourschedule", "pk": 16, "fields": {"tour": 93, "image": "tour/schedule/shcedule_snowboard3_tPoexMR.webp"}}, {"model": "tour.tourschedule", "pk": 17, "fields": {"tour": 93, "image": "tour/schedule/shcedule_snowboard_kUBhuy9.webp"}}, {"model": "tour.tourschedule", "pk": 18, "fields": {"tour": 94, "image": "tour/schedule/shcedule_snowboard3_iWhArxT.webp"}}, {"model": "tour.tourschedule", "pk": 19, "fields": {"tour": 94, "image": "tour/schedule/shcedule_snowboard_pfoC9m0.webp"}}, {"model": "tour.tourschedule", "pk": 20, "fields": {"tour": 95, "image": "tour/schedule/shcedule_snowboard3_DmqkWFb.webp"}}, {"model": "tour.tourschedule", "pk": 21, "fields": {"tour": 95, "image": "tour/schedule/shcedule_snowboard_Ta8RrlW.webp"}}, {"model": "tour.tourschedule", "pk": 22, "fields": {"tour": 96, "image": "tour/schedule/shcedule_snowboard3_J6sERIo.webp"}}, {"model": "tour.tourschedule", "pk": 23, "fields": {"tour": 96, "image": "tour/schedule/shcedule_snowboard_375d3b8.webp"}}, {"model": "tour.tourschedule", "pk": 24, "fields": {"tour": 98, "image": "tour/schedule/shcedule_snowboard3_mSSPjZn.webp"}}, {"model": "tour.tourschedule", "pk": 25, "fields": {"tour": 98, "image": "tour/schedule/shcedule_snowboard_uQWZDgy.webp"}}, {"model": "tour.tourschedule", "pk": 26, "fields": {"tour": 99, "image": "tour/schedule/shcedule_snowboard3_Hh245nv.webp"}}, {"model": "tour.tourschedule", "pk": 27, "fields": {"tour": 99, "image": "tour/schedule/shcedule_snowboard_bimWmRc.webp"}}, {"model": "tour.tourschedule", "pk": 28, "fields": {"tour": 100, "image": "tour/schedule/shcedule_snowboard3_sSoiFM8.webp"}}, {"model": "tour.tourschedule", "pk": 29, "fields": {"tour": 100, "image": "tour/schedule/shcedule_snowboard_cJheBqk.webp"}}, {"model": "tour.tourschedule", "pk": 30, "fields": {"tour": 101, "image": "tour/schedule/shcedule_snowboard3_UcU35XX.webp"}}, {"model": "tour.tourschedule", "pk": 31, "fields": {"tour": 101, "image": "tour/schedule/shcedule_snowboard_AEgpsL3.webp"}}, {"model": "tour.tourschedule", "pk": 32, "fields": {"tour": 102, "image": "tour/schedule/shcedule_snowboard3_8Ieelqn.webp"}}, {"model": "tour.tourschedule", "pk": 33, "fields": {"tour": 102, "image": "tour/schedule/shcedule_snowboard_IbWmujI.webp"}}, {"model": "activity.activity", "pk": 1, "fields": {"organizer": 1, "title": "Activity 1", "keyword": null, "descriptionaz": "", "descriptionen": "", "descriptionru": "", "type": "1", "country": "Azerbaijan", "city": null, "adress": null, "price": 13, "pricefor": 1, "currency": "AZN", "discount": null, "distance": null, "durationday": null, "durationnight": null, "datefrom": null, "dateto": null, "viewcount": 1, "avatar": "activity/avatar/Shahdag_Mountain_Resort3.jpg", "cover": "activity/cover/Shahdag_Mountain_Resort1.jpg", "guide": null, "availabledays": null, "status": 1}}, {"model": "activity.activity", "pk": 2, "fields": {"organizer": 1, "title": "Activity 2", "keyword": null, "descriptionaz": "", "descriptionen": "", "descriptionru": "", "type": "2", "country": "Turkey", "city": null, "adress": null, "price": 15, "pricefor": 1, "currency": "AZN", "discount": null, "distance": null, "durationday": null, "durationnight": null, "datefrom": null, "dateto": null, "viewcount": 2, "avatar": "activity/avatar/Snowboarding1.jpeg", "cover": "activity/cover/shcedule_snowboard.webp", "guide": null, "availabledays": null, "status": 1}}, {"model": "activity.activity", "pk": 3, "fields": {"organizer": 8, "title": "test", "keyword": null, "descriptionaz": null, "descriptionen": "", "descriptionru": null, "type": "", "country": "Azerbaijan", "city": null, "adress": null, "price": 12, "pricefor": 1, "currency": "AZN", "discount": null, "distance": null, "durationday": null, "durationnight": null, "datefrom": "2020-03-24", "dateto": null, "viewcount": 0, "avatar": "activity/avatar/Shahdag_Mountain_Resort2.jpeg", "cover": "activity/cover/shcedule_snowboard2.webp", "guide": null, "availabledays": null, "status": 2}}, {"model": "activity.activity", "pk": 4, "fields": {"organizer": 8, "title": "test", "keyword": null, "descriptionaz": null, "descriptionen": "", "descriptionru": null, "type": "", "country": "Azerbaijan", "city": null, "adress": null, "price": 12, "pricefor": 1, "currency": "AZN", "discount": null, "distance": null, "durationday": null, "durationnight": null, "datefrom": "2020-03-24", "dateto": null, "viewcount": 0, "avatar": "activity/avatar/Shahdag_Mountain_Resort2_6kMnihX.jpeg", "cover": "activity/cover/shcedule_snowboard2_CMGmIA3.webp", "guide": null, "availabledays": null, "status": 2}}, {"model": "activity.activity", "pk": 5, "fields": {"organizer": 8, "title": "test", "keyword": null, "descriptionaz": null, "descriptionen": "", "descriptionru": null, "type": "", "country": "Azerbaijan", "city": null, "adress": null, "price": 12, "pricefor": 1, "currency": "AZN", "discount": null, "distance": null, "durationday": null, "durationnight": null, "datefrom": "2020-03-24", "dateto": null, "viewcount": 0, "avatar": "activity/avatar/Shahdag_Mountain_Resort2_K78LRSc.jpeg", "cover": "activity/cover/shcedule_snowboard2_jTXEaZN.webp", "guide": null, "availabledays": null, "status": 2}}, {"model": "activity.activity", "pk": 6, "fields": {"organizer": 8, "title": "Activity 3", "keyword": null, "descriptionaz": null, "descriptionen": "", "descriptionru": null, "type": "3", "country": "Azerbaijan", "city": null, "adress": null, "price": 12, "pricefor": 1, "currency": "AZN", "discount": null, "distance": null, "durationday": null, "durationnight": null, "datefrom": "2020-03-26", "dateto": null, "viewcount": 0, "avatar": "", "cover": "", "guide": null, "availabledays": null, "status": 2}}, {"model": "activity.activity", "pk": 7, "fields": {"organizer": 8, "title": "Activity 3", "keyword": null, "descriptionaz": null, "descriptionen": "", "descriptionru": null, "type": "3", "country": "Azerbaijan", "city": null, "adress": null, "price": 12, "pricefor": 1, "currency": "AZN", "discount": null, "distance": null, "durationday": null, "durationnight": null, "datefrom": "2020-03-26", "dateto": null, "viewcount": 0, "avatar": "", "cover": "", "guide": null, "availabledays": null, "status": 2}}, {"model": "activity.activity", "pk": 8, "fields": {"organizer": 8, "title": "Activity 3", "keyword": null, "descriptionaz": null, "descriptionen": "", "descriptionru": null, "type": "3", "country": "Azerbaijan", "city": null, "adress": null, "price": 12, "pricefor": 1, "currency": "AZN", "discount": null, "distance": null, "durationday": null, "durationnight": null, "datefrom": "2020-03-26", "dateto": null, "viewcount": 0, "avatar": "", "cover": "", "guide": null, "availabledays": null, "status": 2}}, {"model": "activity.activity", "pk": 9, "fields": {"organizer": 8, "title": "Activity 3", "keyword": null, "descriptionaz": null, "descriptionen": "", "descriptionru": null, "type": "3", "country": "Azerbaijan", "city": null, "adress": null, "price": 12, "pricefor": 1, "currency": "AZN", "discount": null, "distance": null, "durationday": null, "durationnight": null, "datefrom": "2020-03-26", "dateto": null, "viewcount": 0, "avatar": "", "cover": "", "guide": null, "availabledays": null, "status": 2}}, {"model": "activity.activity", "pk": 10, "fields": {"organizer": 8, "title": "tester 129", "keyword": null, "descriptionaz": null, "descriptionen": "", "descriptionru": null, "type": "", "country": "Azerbaijan", "city": null, "adress": null, "price": 129, "pricefor": 1, "currency": "AZN", "discount": null, "distance": null, "durationday": null, "durationnight": null, "datefrom": "2020-03-26", "dateto": null, "viewcount": 0, "avatar": "activity/avatar/Shahdag_Mountain_Resort3_S3AknYZ.jpg", "cover": "activity/cover/shcedule_snowboard2_x2FK0g7.webp", "guide": null, "availabledays": null, "status": 2}}, {"model": "activity.activitydetailen", "pk": 6, "fields": {"activity": 10, "title": "title 129", "text": "text 129"}}, {"model": "activity.activityimage", "pk": 4, "fields": {"activity": 10, "image": "activity/image/qutb4.jpeg"}}, {"model": "activity.activityimage", "pk": 5, "fields": {"activity": 10, "image": "activity/image/shcedule_snowboard.webp"}}, {"model": "training.training", "pk": 1, "fields": {"organizer": 1, "title": "Training 1", "keyword": "example training", "descriptionaz": "", "descriptionen": "", "descriptionru": "", "type": "", "country": "Georgia", "city": null, "adress": null, "price": 20, "pricefor": 1, "currency": "AZN", "discount": null, "distance": null, "durationday": null, "durationnight": null, "datefrom": null, "dateto": null, "viewcount": 3, "avatar": "training/avatar/Shahdag_Mountain_Resort2.jpeg", "cover": "training/cover/qaranohur1.jpeg", "trainer": null, "availabledays": null, "status": 1}}, {"model": "training.training", "pk": 2, "fields": {"organizer": 1, "title": "Training 2", "keyword": "training test", "descriptionaz": "", "descriptionen": "", "descriptionru": "", "type": "2", "country": "Azerbaijan", "city": null, "adress": null, "price": 26, "pricefor": 1, "currency": "AZN", "discount": null, "distance": null, "durationday": null, "durationnight": null, "datefrom": null, "dateto": null, "viewcount": 1, "avatar": "training/avatar/qutb4.jpeg", "cover": "training/cover/qutb2.jpeg", "trainer": null, "availabledays": null, "status": 1}}, {"model": "training.training", "pk": 3, "fields": {"organizer": 8, "title": "test123", "keyword": null, "descriptionaz": null, "descriptionen": "", "descriptionru": null, "type": "", "country": "Azerbaijan", "city": null, "adress": null, "price": 10, "pricefor": 1, "currency": "AZN", "discount": null, "distance": null, "durationday": null, "durationnight": null, "datefrom": "2020-02-24", "dateto": null, "viewcount": 0, "avatar": "", "cover": "", "trainer": null, "availabledays": null, "status": 2}}, {"model": "training.training", "pk": 4, "fields": {"organizer": 8, "title": "test123", "keyword": null, "descriptionaz": null, "descriptionen": "", "descriptionru": null, "type": "", "country": "Azerbaijan", "city": null, "adress": null, "price": 10, "pricefor": 1, "currency": "AZN", "discount": null, "distance": null, "durationday": null, "durationnight": null, "datefrom": "2020-02-24", "dateto": null, "viewcount": 0, "avatar": "", "cover": "", "trainer": null, "availabledays": null, "status": 2}}, {"model": "training.training", "pk": 5, "fields": {"organizer": 8, "title": "tester 154", "keyword": null, "descriptionaz": null, "descriptionen": "", "descriptionru": null, "type": "", "country": "Azerbaijan", "city": null, "adress": null, "price": 154, "pricefor": 1, "currency": "AZN", "discount": null, "distance": null, "durationday": null, "durationnight": null, "datefrom": "2020-03-26", "dateto": null, "viewcount": 0, "avatar": "training/avatar/Shahdag_Mountain_Resort_avatar.jpeg", "cover": "training/cover/shcedule_snowboard2.webp", "trainer": null, "availabledays": null, "status": 2}}, {"model": "training.training", "pk": 6, "fields": {"organizer": 8, "title": "tester 154", "keyword": null, "descriptionaz": null, "descriptionen": "", "descriptionru": null, "type": "", "country": "Azerbaijan", "city": null, "adress": null, "price": 154, "pricefor": 1, "currency": "AZN", "discount": null, "distance": null, "durationday": null, "durationnight": null, "datefrom": "2020-03-26", "dateto": null, "viewcount": 0, "avatar": "training/avatar/Shahdag_Mountain_Resort_avatar_xqOgkYc.jpeg", "cover": "training/cover/shcedule_snowboard2_M0rNCaB.webp", "trainer": null, "availabledays": null, "status": 2}}, {"model": "training.training", "pk": 7, "fields": {"organizer": 8, "title": "tester 154", "keyword": null, "descriptionaz": null, "descriptionen": "", "descriptionru": null, "type": "", "country": "Azerbaijan", "city": null, "adress": null, "price": 154, "pricefor": 1, "currency": "AZN", "discount": null, "distance": null, "durationday": null, "durationnight": null, "datefrom": "2020-03-26", "dateto": null, "viewcount": 0, "avatar": "training/avatar/Shahdag_Mountain_Resort_avatar_sEUqC9Y.jpeg", "cover": "training/cover/shcedule_snowboard2_M8wMsUg.webp", "trainer": null, "availabledays": null, "status": 2}}, {"model": "training.training", "pk": 8, "fields": {"organizer": 8, "title": "tester 154", "keyword": null, "descriptionaz": null, "descriptionen": "", "descriptionru": null, "type": "", "country": "Azerbaijan", "city": null, "adress": null, "price": 154, "pricefor": 1, "currency": "AZN", "discount": null, "distance": null, "durationday": null, "durationnight": null, "datefrom": "2020-03-26", "dateto": null, "viewcount": 0, "avatar": "training/avatar/Shahdag_Mountain_Resort_avatar_v66PnC8.jpeg", "cover": "training/cover/shcedule_snowboard2_wuB8b2A.webp", "trainer": null, "availabledays": null, "status": 2}}, {"model": "training.training", "pk": 9, "fields": {"organizer": 8, "title": "tester 154", "keyword": null, "descriptionaz": null, "descriptionen": "", "descriptionru": null, "type": "", "country": "Azerbaijan", "city": null, "adress": null, "price": 154, "pricefor": 1, "currency": "AZN", "discount": null, "distance": null, "durationday": null, "durationnight": null, "datefrom": "2020-03-26", "dateto": null, "viewcount": 0, "avatar": "training/avatar/Shahdag_Mountain_Resort_avatar_QIkeaew.jpeg", "cover": "training/cover/shcedule_snowboard2_NiwcKLo.webp", "trainer": null, "availabledays": null, "status": 2}}, {"model": "training.training", "pk": 10, "fields": {"organizer": 8, "title": "test 176", "keyword": null, "descriptionaz": null, "descriptionen": "", "descriptionru": null, "type": "", "country": "Azerbaijan", "city": null, "adress": null, "price": 1, "pricefor": 1, "currency": "AZN", "discount": null, "distance": null, "durationday": null, "durationnight": null, "datefrom": "2020-03-26", "dateto": null, "viewcount": 0, "avatar": "", "cover": "", "trainer": null, "availabledays": null, "status": 2}}, {"model": "training.training", "pk": 11, "fields": {"organizer": 8, "title": "test 176", "keyword": null, "descriptionaz": null, "descriptionen": "", "descriptionru": null, "type": "", "country": "Azerbaijan", "city": null, "adress": null, "price": 1, "pricefor": 1, "currency": "AZN", "discount": null, "distance": null, "durationday": null, "durationnight": null, "datefrom": "2020-03-26", "dateto": null, "viewcount": 0, "avatar": "", "cover": "", "trainer": null, "availabledays": null, "status": 2}}, {"model": "training.training", "pk": 12, "fields": {"organizer": 8, "title": "test 176", "keyword": null, "descriptionaz": null, "descriptionen": "", "descriptionru": null, "type": "", "country": "Azerbaijan", "city": null, "adress": null, "price": 1, "pricefor": 1, "currency": "AZN", "discount": null, "distance": null, "durationday": null, "durationnight": null, "datefrom": "2020-03-26", "dateto": null, "viewcount": 0, "avatar": "", "cover": "", "trainer": null, "availabledays": null, "status": 2}}, {"model": "training.training", "pk": 13, "fields": {"organizer": 8, "title": "test 176", "keyword": null, "descriptionaz": null, "descriptionen": "", "descriptionru": null, "type": "", "country": "Azerbaijan", "city": null, "adress": null, "price": 1, "pricefor": 1, "currency": "AZN", "discount": null, "distance": null, "durationday": null, "durationnight": null, "datefrom": "2020-03-26", "dateto": null, "viewcount": 0, "avatar": "", "cover": "", "trainer": null, "availabledays": null, "status": 2}}, {"model": "training.training", "pk": 14, "fields": {"organizer": 8, "title": "test 176", "keyword": null, "descriptionaz": null, "descriptionen": "", "descriptionru": null, "type": "", "country": "Azerbaijan", "city": null, "adress": null, "price": 1, "pricefor": 1, "currency": "AZN", "discount": null, "distance": null, "durationday": null, "durationnight": null, "datefrom": "2020-03-26", "dateto": null, "viewcount": 0, "avatar": "", "cover": "", "trainer": null, "availabledays": null, "status": 2}}, {"model": "training.training", "pk": 15, "fields": {"organizer": 8, "title": "asd1", "keyword": null, "descriptionaz": null, "descriptionen": "", "descriptionru": null, "type": "", "country": "Azerbaijan", "city": null, "adress": null, "price": 1, "pricefor": 1, "currency": "AZN", "discount": null, "distance": null, "durationday": null, "durationnight": null, "datefrom": "2020-03-26", "dateto": null, "viewcount": 0, "avatar": "", "cover": "", "trainer": null, "availabledays": null, "status": 2}}, {"model": "training.training", "pk": 16, "fields": {"organizer": 8, "title": "test1", "keyword": null, "descriptionaz": "", "descriptionen": "", "descriptionru": "", "type": "3", "country": "Azerbaijan", "city": null, "adress": null, "price": 15, "pricefor": 1, "currency": "AZN", "discount": null, "distance": null, "durationday": null, "durationnight": null, "datefrom": null, "dateto": null, "viewcount": 0, "avatar": "training/avatar/elmazlogo.jpg", "cover": "training/cover/Shahdag_Mountain_Resort1.jpg", "trainer": null, "availabledays": null, "status": 2}}, {"model": "training.trainingdetailen", "pk": 5, "fields": {"training": 14, "title": "asd", "text": "asd"}}, {"model": "training.trainingdetailen", "pk": 6, "fields": {"training": 14, "title": "asd", "text": "asd"}}, {"model": "training.trainingdetailen", "pk": 7, "fields": {"training": 15, "title": "asdasda", "text": "ad"}}, {"model": "training.trainingdetailen", "pk": 8, "fields": {"training": 16, "title": "title", "text": "text"}}, {"model": "training.trainingdetailen", "pk": 9, "fields": {"training": 16, "title": "title 2", "text": "text 2"}}, {"model": "training.trainingimage", "pk": 2, "fields": {"training": 14, "image": "training/image/snowboard_avatar_actvivity.webp"}}, {"model": "training.trainingimage", "pk": 3, "fields": {"training": 15, "image": "training/image/snowboard_avatar_actvivity_YX5m2Ls.webp"}}, {"model": "training.trainingimage", "pk": 4, "fields": {"training": 16, "image": "training/image/shcedule_snowboard3.webp"}}, {"model": "training.trainingimage", "pk": 5, "fields": {"training": 16, "image": "training/image/shcedule_snowboard4_wpiluEI.webp"}}, {"model": "training.trainingimage", "pk": 6, "fields": {"training": 16, "image": "training/image/shcedule_snowboard2.webp"}}, {"model": "training.trainingimage", "pk": 7, "fields": {"training": 16, "image": "training/image/shcedule_snowboard.webp"}}, {"model": "training.trainingschedule", "pk": 1, "fields": {"training": 16, "image": "training/schedule/shcedule_snowboard3.webp"}}, {"model": "training.trainingschedule", "pk": 2, "fields": {"training": 16, "image": "training/schedule/shcedule_snowboard4.webp"}}, {"model": "training.trainingschedule", "pk": 3, "fields": {"training": 16, "image": "training/schedule/shcedule_snowboard2.webp"}}, {"model": "training.trainingschedule", "pk": 4, "fields": {"training": 16, "image": "training/schedule/shcedule_snowboard.webp"}}, {"model": "auth.permission", "pk": 1, "fields": {"name": "Can add log entry", "content_type": 1, "codename": "add_logentry"}}, {"model": "auth.permission", "pk": 2, "fields": {"name": "Can change log entry", "content_type": 1, "codename": "change_logentry"}}, {"model": "auth.permission", "pk": 3, "fields": {"name": "Can delete log entry", "content_type": 1, "codename": "delete_logentry"}}, {"model": "auth.permission", "pk": 4, "fields": {"name": "Can view log entry", "content_type": 1, "codename": "view_logentry"}}, {"model": "auth.permission", "pk": 5, "fields": {"name": "Can add permission", "content_type": 2, "codename": "add_permission"}}, {"model": "auth.permission", "pk": 6, "fields": {"name": "Can change permission", "content_type": 2, "codename": "change_permission"}}, {"model": "auth.permission", "pk": 7, "fields": {"name": "Can delete permission", "content_type": 2, "codename": "delete_permission"}}, {"model": "auth.permission", "pk": 8, "fields": {"name": "Can view permission", "content_type": 2, "codename": "view_permission"}}, {"model": "auth.permission", "pk": 9, "fields": {"name": "Can add group", "content_type": 3, "codename": "add_group"}}, {"model": "auth.permission", "pk": 10, "fields": {"name": "Can change group", "content_type": 3, "codename": "change_group"}}, {"model": "auth.permission", "pk": 11, "fields": {"name": "Can delete group", "content_type": 3, "codename": "delete_group"}}, {"model": "auth.permission", "pk": 12, "fields": {"name": "Can view group", "content_type": 3, "codename": "view_group"}}, {"model": "auth.permission", "pk": 13, "fields": {"name": "Can add user", "content_type": 4, "codename": "add_user"}}, {"model": "auth.permission", "pk": 14, "fields": {"name": "Can change user", "content_type": 4, "codename": "change_user"}}, {"model": "auth.permission", "pk": 15, "fields": {"name": "Can delete user", "content_type": 4, "codename": "delete_user"}}, {"model": "auth.permission", "pk": 16, "fields": {"name": "Can view user", "content_type": 4, "codename": "view_user"}}, {"model": "auth.permission", "pk": 17, "fields": {"name": "Can add content type", "content_type": 5, "codename": "add_contenttype"}}, {"model": "auth.permission", "pk": 18, "fields": {"name": "Can change content type", "content_type": 5, "codename": "change_contenttype"}}, {"model": "auth.permission", "pk": 19, "fields": {"name": "Can delete content type", "content_type": 5, "codename": "delete_contenttype"}}, {"model": "auth.permission", "pk": 20, "fields": {"name": "Can view content type", "content_type": 5, "codename": "view_contenttype"}}, {"model": "auth.permission", "pk": 21, "fields": {"name": "Can add session", "content_type": 6, "codename": "add_session"}}, {"model": "auth.permission", "pk": 22, "fields": {"name": "Can change session", "content_type": 6, "codename": "change_session"}}, {"model": "auth.permission", "pk": 23, "fields": {"name": "Can delete session", "content_type": 6, "codename": "delete_session"}}, {"model": "auth.permission", "pk": 24, "fields": {"name": "Can view session", "content_type": 6, "codename": "view_session"}}, {"model": "auth.permission", "pk": 25, "fields": {"name": "Can add type", "content_type": 7, "codename": "add_type"}}, {"model": "auth.permission", "pk": 26, "fields": {"name": "Can change type", "content_type": 7, "codename": "change_type"}}, {"model": "auth.permission", "pk": 27, "fields": {"name": "Can delete type", "content_type": 7, "codename": "delete_type"}}, {"model": "auth.permission", "pk": 28, "fields": {"name": "Can view type", "content_type": 7, "codename": "view_type"}}, {"model": "auth.permission", "pk": 29, "fields": {"name": "Can add organizer image", "content_type": 8, "codename": "add_organizerimage"}}, {"model": "auth.permission", "pk": 30, "fields": {"name": "Can change organizer image", "content_type": 8, "codename": "change_organizerimage"}}, {"model": "auth.permission", "pk": 31, "fields": {"name": "Can delete organizer image", "content_type": 8, "codename": "delete_organizerimage"}}, {"model": "auth.permission", "pk": 32, "fields": {"name": "Can view organizer image", "content_type": 8, "codename": "view_organizerimage"}}, {"model": "auth.permission", "pk": 33, "fields": {"name": "Can add organizer", "content_type": 9, "codename": "add_organizer"}}, {"model": "auth.permission", "pk": 34, "fields": {"name": "Can change organizer", "content_type": 9, "codename": "change_organizer"}}, {"model": "auth.permission", "pk": 35, "fields": {"name": "Can delete organizer", "content_type": 9, "codename": "delete_organizer"}}, {"model": "auth.permission", "pk": 36, "fields": {"name": "Can view organizer", "content_type": 9, "codename": "view_organizer"}}, {"model": "auth.permission", "pk": 37, "fields": {"name": "Can add organizer type", "content_type": 10, "codename": "add_organizertype"}}, {"model": "auth.permission", "pk": 38, "fields": {"name": "Can change organizer type", "content_type": 10, "codename": "change_organizertype"}}, {"model": "auth.permission", "pk": 39, "fields": {"name": "Can delete organizer type", "content_type": 10, "codename": "delete_organizertype"}}, {"model": "auth.permission", "pk": 40, "fields": {"name": "Can view organizer type", "content_type": 10, "codename": "view_organizertype"}}, {"model": "auth.permission", "pk": 41, "fields": {"name": "Can add organizer url", "content_type": 11, "codename": "add_organizerurl"}}, {"model": "auth.permission", "pk": 42, "fields": {"name": "Can change organizer url", "content_type": 11, "codename": "change_organizerurl"}}, {"model": "auth.permission", "pk": 43, "fields": {"name": "Can delete organizer url", "content_type": 11, "codename": "delete_organizerurl"}}, {"model": "auth.permission", "pk": 44, "fields": {"name": "Can view organizer url", "content_type": 11, "codename": "view_organizerurl"}}, {"model": "auth.permission", "pk": 45, "fields": {"name": "Can add tour", "content_type": 12, "codename": "add_tour"}}, {"model": "auth.permission", "pk": 46, "fields": {"name": "Can change tour", "content_type": 12, "codename": "change_tour"}}, {"model": "auth.permission", "pk": 47, "fields": {"name": "Can delete tour", "content_type": 12, "codename": "delete_tour"}}, {"model": "auth.permission", "pk": 48, "fields": {"name": "Can view tour", "content_type": 12, "codename": "view_tour"}}, {"model": "auth.permission", "pk": 49, "fields": {"name": "Can add tour detail en", "content_type": 13, "codename": "add_tourdetailen"}}, {"model": "auth.permission", "pk": 50, "fields": {"name": "Can change tour detail en", "content_type": 13, "codename": "change_tourdetailen"}}, {"model": "auth.permission", "pk": 51, "fields": {"name": "Can delete tour detail en", "content_type": 13, "codename": "delete_tourdetailen"}}, {"model": "auth.permission", "pk": 52, "fields": {"name": "Can view tour detail en", "content_type": 13, "codename": "view_tourdetailen"}}, {"model": "auth.permission", "pk": 53, "fields": {"name": "Can add tour schedule", "content_type": 14, "codename": "add_tourschedule"}}, {"model": "auth.permission", "pk": 54, "fields": {"name": "Can change tour schedule", "content_type": 14, "codename": "change_tourschedule"}}, {"model": "auth.permission", "pk": 55, "fields": {"name": "Can delete tour schedule", "content_type": 14, "codename": "delete_tourschedule"}}, {"model": "auth.permission", "pk": 56, "fields": {"name": "Can view tour schedule", "content_type": 14, "codename": "view_tourschedule"}}, {"model": "auth.permission", "pk": 57, "fields": {"name": "Can add tour image", "content_type": 15, "codename": "add_tourimage"}}, {"model": "auth.permission", "pk": 58, "fields": {"name": "Can change tour image", "content_type": 15, "codename": "change_tourimage"}}, {"model": "auth.permission", "pk": 59, "fields": {"name": "Can delete tour image", "content_type": 15, "codename": "delete_tourimage"}}, {"model": "auth.permission", "pk": 60, "fields": {"name": "Can view tour image", "content_type": 15, "codename": "view_tourimage"}}, {"model": "auth.permission", "pk": 61, "fields": {"name": "Can add tour url", "content_type": 16, "codename": "add_toururl"}}, {"model": "auth.permission", "pk": 62, "fields": {"name": "Can change tour url", "content_type": 16, "codename": "change_toururl"}}, {"model": "auth.permission", "pk": 63, "fields": {"name": "Can delete tour url", "content_type": 16, "codename": "delete_toururl"}}, {"model": "auth.permission", "pk": 64, "fields": {"name": "Can view tour url", "content_type": 16, "codename": "view_toururl"}}, {"model": "auth.permission", "pk": 65, "fields": {"name": "Can add tour detail az", "content_type": 17, "codename": "add_tourdetailaz"}}, {"model": "auth.permission", "pk": 66, "fields": {"name": "Can change tour detail az", "content_type": 17, "codename": "change_tourdetailaz"}}, {"model": "auth.permission", "pk": 67, "fields": {"name": "Can delete tour detail az", "content_type": 17, "codename": "delete_tourdetailaz"}}, {"model": "auth.permission", "pk": 68, "fields": {"name": "Can view tour detail az", "content_type": 17, "codename": "view_tourdetailaz"}}, {"model": "auth.permission", "pk": 69, "fields": {"name": "Can add tour detail ru", "content_type": 18, "codename": "add_tourdetailru"}}, {"model": "auth.permission", "pk": 70, "fields": {"name": "Can change tour detail ru", "content_type": 18, "codename": "change_tourdetailru"}}, {"model": "auth.permission", "pk": 71, "fields": {"name": "Can delete tour detail ru", "content_type": 18, "codename": "delete_tourdetailru"}}, {"model": "auth.permission", "pk": 72, "fields": {"name": "Can view tour detail ru", "content_type": 18, "codename": "view_tourdetailru"}}, {"model": "auth.permission", "pk": 73, "fields": {"name": "Can add activity", "content_type": 19, "codename": "add_activity"}}, {"model": "auth.permission", "pk": 74, "fields": {"name": "Can change activity", "content_type": 19, "codename": "change_activity"}}, {"model": "auth.permission", "pk": 75, "fields": {"name": "Can delete activity", "content_type": 19, "codename": "delete_activity"}}, {"model": "auth.permission", "pk": 76, "fields": {"name": "Can view activity", "content_type": 19, "codename": "view_activity"}}, {"model": "auth.permission", "pk": 77, "fields": {"name": "Can add activity schedule", "content_type": 20, "codename": "add_activityschedule"}}, {"model": "auth.permission", "pk": 78, "fields": {"name": "Can change activity schedule", "content_type": 20, "codename": "change_activityschedule"}}, {"model": "auth.permission", "pk": 79, "fields": {"name": "Can delete activity schedule", "content_type": 20, "codename": "delete_activityschedule"}}, {"model": "auth.permission", "pk": 80, "fields": {"name": "Can view activity schedule", "content_type": 20, "codename": "view_activityschedule"}}, {"model": "auth.permission", "pk": 81, "fields": {"name": "Can add activity image", "content_type": 21, "codename": "add_activityimage"}}, {"model": "auth.permission", "pk": 82, "fields": {"name": "Can change activity image", "content_type": 21, "codename": "change_activityimage"}}, {"model": "auth.permission", "pk": 83, "fields": {"name": "Can delete activity image", "content_type": 21, "codename": "delete_activityimage"}}, {"model": "auth.permission", "pk": 84, "fields": {"name": "Can view activity image", "content_type": 21, "codename": "view_activityimage"}}, {"model": "auth.permission", "pk": 85, "fields": {"name": "Can add activity detail ru", "content_type": 22, "codename": "add_activitydetailru"}}, {"model": "auth.permission", "pk": 86, "fields": {"name": "Can change activity detail ru", "content_type": 22, "codename": "change_activitydetailru"}}, {"model": "auth.permission", "pk": 87, "fields": {"name": "Can delete activity detail ru", "content_type": 22, "codename": "delete_activitydetailru"}}, {"model": "auth.permission", "pk": 88, "fields": {"name": "Can view activity detail ru", "content_type": 22, "codename": "view_activitydetailru"}}, {"model": "auth.permission", "pk": 89, "fields": {"name": "Can add activity detail az", "content_type": 23, "codename": "add_activitydetailaz"}}, {"model": "auth.permission", "pk": 90, "fields": {"name": "Can change activity detail az", "content_type": 23, "codename": "change_activitydetailaz"}}, {"model": "auth.permission", "pk": 91, "fields": {"name": "Can delete activity detail az", "content_type": 23, "codename": "delete_activitydetailaz"}}, {"model": "auth.permission", "pk": 92, "fields": {"name": "Can view activity detail az", "content_type": 23, "codename": "view_activitydetailaz"}}, {"model": "auth.permission", "pk": 93, "fields": {"name": "Can add activity url", "content_type": 24, "codename": "add_activityurl"}}, {"model": "auth.permission", "pk": 94, "fields": {"name": "Can change activity url", "content_type": 24, "codename": "change_activityurl"}}, {"model": "auth.permission", "pk": 95, "fields": {"name": "Can delete activity url", "content_type": 24, "codename": "delete_activityurl"}}, {"model": "auth.permission", "pk": 96, "fields": {"name": "Can view activity url", "content_type": 24, "codename": "view_activityurl"}}, {"model": "auth.permission", "pk": 97, "fields": {"name": "Can add activity detail en", "content_type": 25, "codename": "add_activitydetailen"}}, {"model": "auth.permission", "pk": 98, "fields": {"name": "Can change activity detail en", "content_type": 25, "codename": "change_activitydetailen"}}, {"model": "auth.permission", "pk": 99, "fields": {"name": "Can delete activity detail en", "content_type": 25, "codename": "delete_activitydetailen"}}, {"model": "auth.permission", "pk": 100, "fields": {"name": "Can view activity detail en", "content_type": 25, "codename": "view_activitydetailen"}}, {"model": "auth.permission", "pk": 101, "fields": {"name": "Can add training detail az", "content_type": 26, "codename": "add_trainingdetailaz"}}, {"model": "auth.permission", "pk": 102, "fields": {"name": "Can change training detail az", "content_type": 26, "codename": "change_trainingdetailaz"}}, {"model": "auth.permission", "pk": 103, "fields": {"name": "Can delete training detail az", "content_type": 26, "codename": "delete_trainingdetailaz"}}, {"model": "auth.permission", "pk": 104, "fields": {"name": "Can view training detail az", "content_type": 26, "codename": "view_trainingdetailaz"}}, {"model": "auth.permission", "pk": 105, "fields": {"name": "Can add training", "content_type": 27, "codename": "add_training"}}, {"model": "auth.permission", "pk": 106, "fields": {"name": "Can change training", "content_type": 27, "codename": "change_training"}}, {"model": "auth.permission", "pk": 107, "fields": {"name": "Can delete training", "content_type": 27, "codename": "delete_training"}}, {"model": "auth.permission", "pk": 108, "fields": {"name": "Can view training", "content_type": 27, "codename": "view_training"}}, {"model": "auth.permission", "pk": 109, "fields": {"name": "Can add training url", "content_type": 28, "codename": "add_trainingurl"}}, {"model": "auth.permission", "pk": 110, "fields": {"name": "Can change training url", "content_type": 28, "codename": "change_trainingurl"}}, {"model": "auth.permission", "pk": 111, "fields": {"name": "Can delete training url", "content_type": 28, "codename": "delete_trainingurl"}}, {"model": "auth.permission", "pk": 112, "fields": {"name": "Can view training url", "content_type": 28, "codename": "view_trainingurl"}}, {"model": "auth.permission", "pk": 113, "fields": {"name": "Can add training detail en", "content_type": 29, "codename": "add_trainingdetailen"}}, {"model": "auth.permission", "pk": 114, "fields": {"name": "Can change training detail en", "content_type": 29, "codename": "change_trainingdetailen"}}, {"model": "auth.permission", "pk": 115, "fields": {"name": "Can delete training detail en", "content_type": 29, "codename": "delete_trainingdetailen"}}, {"model": "auth.permission", "pk": 116, "fields": {"name": "Can view training detail en", "content_type": 29, "codename": "view_trainingdetailen"}}, {"model": "auth.permission", "pk": 117, "fields": {"name": "Can add training detail ru", "content_type": 30, "codename": "add_trainingdetailru"}}, {"model": "auth.permission", "pk": 118, "fields": {"name": "Can change training detail ru", "content_type": 30, "codename": "change_trainingdetailru"}}, {"model": "auth.permission", "pk": 119, "fields": {"name": "Can delete training detail ru", "content_type": 30, "codename": "delete_trainingdetailru"}}, {"model": "auth.permission", "pk": 120, "fields": {"name": "Can view training detail ru", "content_type": 30, "codename": "view_trainingdetailru"}}, {"model": "auth.permission", "pk": 121, "fields": {"name": "Can add training image", "content_type": 31, "codename": "add_trainingimage"}}, {"model": "auth.permission", "pk": 122, "fields": {"name": "Can change training image", "content_type": 31, "codename": "change_trainingimage"}}, {"model": "auth.permission", "pk": 123, "fields": {"name": "Can delete training image", "content_type": 31, "codename": "delete_trainingimage"}}, {"model": "auth.permission", "pk": 124, "fields": {"name": "Can view training image", "content_type": 31, "codename": "view_trainingimage"}}, {"model": "auth.permission", "pk": 125, "fields": {"name": "Can add training schedule", "content_type": 32, "codename": "add_trainingschedule"}}, {"model": "auth.permission", "pk": 126, "fields": {"name": "Can change training schedule", "content_type": 32, "codename": "change_trainingschedule"}}, {"model": "auth.permission", "pk": 127, "fields": {"name": "Can delete training schedule", "content_type": 32, "codename": "delete_trainingschedule"}}, {"model": "auth.permission", "pk": 128, "fields": {"name": "Can view training schedule", "content_type": 32, "codename": "view_trainingschedule"}}, {"model": "auth.user", "pk": 1, "fields": {"password": "pbkdf2_sha256$180000$GirpHOkMYfVg$AlmCar8MMcKJOXEhLPsU/84Ils8SFDbiCmSJugZTpbU=", "last_login": "2020-05-22T08:50:59.853Z", "is_superuser": true, "username": "Kamil", "first_name": "", "last_name": "", "email": "kamilgarib@gmail.com", "is_staff": true, "is_active": true, "date_joined": "2020-03-06T13:48:55.758Z", "groups": [], "user_permissions": []}}, {"model": "auth.user", "pk": 2, "fields": {"password": "pbkdf2_sha256$180000$FDBckwGHKBxy$BGn8hBcMLHlJLglPfaxcPaeJXBd17HyKbsFp6CMsYgI=", "last_login": null, "is_superuser": false, "username": "ExploreCaucauses", "first_name": "", "last_name": "", "email": "", "is_staff": false, "is_active": true, "date_joined": "2020-03-08T16:09:42.190Z", "groups": [], "user_permissions": []}}, {"model": "auth.user", "pk": 9, "fields": {"password": "pbkdf2_sha256$180000$9rG8OQOmdcyd$e7xjxG119IlGjsaxs13zm4CDmAlYUtXDWyXSDMLaEfk=", "last_login": "2020-04-12T16:03:24.954Z", "is_superuser": false, "username": "Kamil129", "first_name": "", "last_name": "", "email": "", "is_staff": false, "is_active": true, "date_joined": "2020-03-10T17:31:30.414Z", "groups": [], "user_permissions": []}}, {"model": "auth.user", "pk": 10, "fields": {"password": "pbkdf2_sha256$180000$rW8ShPjYjTup$6Hxslhj9fEPSnkTHAUuN42LC3SPqIvs3J6QR9PoyNaM=", "last_login": null, "is_superuser": false, "username": "Ruslan93", "first_name": "", "last_name": "", "email": "", "is_staff": false, "is_active": true, "date_joined": "2020-03-13T15:28:04.487Z", "groups": [], "user_permissions": []}}, {"model": "auth.user", "pk": 11, "fields": {"password": "pbkdf2_sha256$180000$Img8P8AVDTJV$NZytvA2WBWFhRN8N0rDhxVBE32WaRjvx5nRIs5ZZl/E=", "last_login": null, "is_superuser": false, "username": "Aydin58", "first_name": "", "last_name": "", "email": "", "is_staff": false, "is_active": true, "date_joined": "2020-03-13T15:54:04.340Z", "groups": [], "user_permissions": []}}, {"model": "auth.user", "pk": 12, "fields": {"password": "pbkdf2_sha256$180000$ogBamBQPKcZH$MaF3ItsLHUwypkYSC8gGb/fURqXL4IJJPmjegCshmt8=", "last_login": null, "is_superuser": false, "username": "test123", "first_name": "", "last_name": "", "email": "", "is_staff": false, "is_active": true, "date_joined": "2020-03-13T16:23:41.292Z", "groups": [], "user_permissions": []}}, {"model": "auth.user", "pk": 13, "fields": {"password": "pbkdf2_sha256$180000$HPyyEYpdi07O$t+N+5BoenkOZtzRtOxLz2+Y34682/zxV3J28bfOEJxw=", "last_login": null, "is_superuser": false, "username": "test98", "first_name": "", "last_name": "", "email": "", "is_staff": false, "is_active": true, "date_joined": "2020-03-13T16:27:05.461Z", "groups": [], "user_permissions": []}}, {"model": "auth.user", "pk": 14, "fields": {"password": "pbkdf2_sha256$180000$UAbUPKKlkHL1$Y6BrfptznYEcErcMZVGQGYjEPQ3L/YKiBJUpbgn+vZg=", "last_login": null, "is_superuser": false, "username": "test19", "first_name": "", "last_name": "", "email": "", "is_staff": false, "is_active": true, "date_joined": "2020-03-13T16:31:05.945Z", "groups": [], "user_permissions": []}}, {"model": "auth.user", "pk": 15, "fields": {"password": "pbkdf2_sha256$180000$riE7tRtoCoeY$3v0l+InA827Vb6sD26H0h74/0l0uEHfAfhXicbDsV1k=", "last_login": null, "is_superuser": false, "username": "test22", "first_name": "", "last_name": "", "email": "", "is_staff": false, "is_active": true, "date_joined": "2020-03-13T16:32:17.921Z", "groups": [], "user_permissions": []}}, {"model": "auth.user", "pk": 16, "fields": {"password": "pbkdf2_sha256$180000$bIRzr9Zf0v5v$V5XI3/kZLVUYWRGv9Y6Yec5oTZzlnxT2eHbPIwaQtAE=", "last_login": null, "is_superuser": false, "username": "test55", "first_name": "", "last_name": "", "email": "", "is_staff": false, "is_active": true, "date_joined": "2020-03-13T16:34:08.155Z", "groups": [], "user_permissions": []}}, {"model": "auth.user", "pk": 17, "fields": {"password": "pbkdf2_sha256$180000$wlCBevxUU8nj$rBXdyMBicAO1Ll0Se65V5SXzoSQSf/FXEP5464LDSSs=", "last_login": null, "is_superuser": false, "username": "User", "first_name": "", "last_name": "", "email": "", "is_staff": false, "is_active": true, "date_joined": "2020-03-18T10:01:57.741Z", "groups": [], "user_permissions": []}}, {"model": "auth.user", "pk": 18, "fields": {"password": "pbkdf2_sha256$180000$ZhePSqizJQcx$mbDh8J0WuKWskNtiFHBp2uyOEFJOSLFdQBP2lMBl7J8=", "last_login": null, "is_superuser": false, "username": "test3", "first_name": "", "last_name": "", "email": "", "is_staff": false, "is_active": true, "date_joined": "2020-03-18T10:12:18.077Z", "groups": [], "user_permissions": []}}, {"model": "auth.user", "pk": 19, "fields": {"password": "pbkdf2_sha256$180000$u5ljgI9gEztR$O/XQnxrbJ5qY4PTQA0MG4Rf0L712BP/g6R6mXtcrWOA=", "last_login": null, "is_superuser": false, "username": "testhotel", "first_name": "", "last_name": "", "email": "", "is_staff": false, "is_active": true, "date_joined": "2020-03-18T10:15:19.572Z", "groups": [], "user_permissions": []}}, {"model": "auth.user", "pk": 20, "fields": {"password": "pbkdf2_sha256$180000$zGQ4gbhNTDkK$NObFJPnVi81T2VfYD9WDWsoDEPCY9AtVEWmlCtjAKaI=", "last_login": null, "is_superuser": false, "username": "test222", "first_name": "", "last_name": "", "email": "", "is_staff": false, "is_active": true, "date_joined": "2020-03-18T10:18:24.423Z", "groups": [], "user_permissions": []}}, {"model": "auth.user", "pk": 21, "fields": {"password": "pbkdf2_sha256$180000$nbaATiZ5JfqQ$D751zMAAOeE8eHcEfAoCjF4ALSQW0MGvPt/HgPkN234=", "last_login": null, "is_superuser": false, "username": "test2222", "first_name": "", "last_name": "", "email": "", "is_staff": false, "is_active": true, "date_joined": "2020-03-18T10:19:01.961Z", "groups": [], "user_permissions": []}}, {"model": "auth.user", "pk": 22, "fields": {"password": "pbkdf2_sha256$180000$yJoWkTxCVUT4$XKBoFoC1jR5U/L5gYxiTzU5qYTeEGxmNVI6QUu5CI4w=", "last_login": null, "is_superuser": false, "username": "test21", "first_name": "", "last_name": "", "email": "", "is_staff": false, "is_active": true, "date_joined": "2020-03-18T10:23:14.504Z", "groups": [], "user_permissions": []}}, {"model": "auth.user", "pk": 23, "fields": {"password": "pbkdf2_sha256$180000$J6l8LM4UcxZu$XW9rGiX8OHl8ky6jF7lNh+Gt8Dh3ZNBGjx95hnosqgM=", "last_login": null, "is_superuser": false, "username": "test13", "first_name": "", "last_name": "", "email": "", "is_staff": false, "is_active": true, "date_joined": "2020-03-18T10:34:09.257Z", "groups": [], "user_permissions": []}}, {"model": "auth.user", "pk": 24, "fields": {"password": "pbkdf2_sha256$180000$ZupF4znruQ5G$dAEk+Mt5trxTmqkUvg1YL0XZokl7lw6kBILlt+yFxvw=", "last_login": null, "is_superuser": false, "username": "test14", "first_name": "", "last_name": "", "email": "", "is_staff": false, "is_active": true, "date_joined": "2020-03-18T10:35:23.754Z", "groups": [], "user_permissions": []}}, {"model": "auth.user", "pk": 25, "fields": {"password": "pbkdf2_sha256$180000$kyaKeaXO6fg2$xN9UOyHPZaw/QLgOKIeFjUri8GYwP1Ra6lQ9nTDokR4=", "last_login": "2020-03-24T09:18:58.536Z", "is_superuser": false, "username": "test56", "first_name": "", "last_name": "", "email": "", "is_staff": false, "is_active": true, "date_joined": "2020-03-24T09:18:50.705Z", "groups": [], "user_permissions": []}}, {"model": "organizer.organizer", "pk": 1, "fields": {"user": 2, "name": "Explore Caucauses", "descriptionaz": "Azerbaycan dilinde etrafli bolmesi. Azerbaycan dilinde etrafli bolmesi. Azerbaycan dilinde etrafli bolmesi. Azerbaycan dilinde etrafli bolmesi. Azerbaycan dilinde etrafli bolmesi. Azerbaycan dilinde etrafli bolmesi. Azerbaycan dilinde etrafli bolmesi. Azerbaycan dilinde etrafli bolmesi. Azerbaycan dilinde etrafli bolmesi. Azerbaycan dilinde etrafli bolmesi. Azerbaycan dilinde etrafli bolmesi.", "descriptionen": "Something in english, something in english. Something in english, something in english. Something in english, something in english. Something in english, something in english. Something in english, something in english. Something in english, something in english. Something in english, something in english. Something in english, something in english. Something in english, something in english.", "descriptionru": "\u0447\u0442\u043e-\u0442\u043e \u043d\u0430 \u0440\u0443\u0441\u0441\u043a\u043e\u043c \u0447\u0442\u043e-\u0442\u043e \u043d\u0430 \u0440\u0443\u0441\u0441\u043a\u043e\u043c. \u0447\u0442\u043e-\u0442\u043e \u043d\u0430 \u0440\u0443\u0441\u0441\u043a\u043e\u043c \u0447\u0442\u043e-\u0442\u043e \u043d\u0430 \u0440\u0443\u0441\u0441\u043a\u043e\u043c. \u0447\u0442\u043e-\u0442\u043e \u043d\u0430 \u0440\u0443\u0441\u0441\u043a\u043e\u043c \u0447\u0442\u043e-\u0442\u043e \u043d\u0430 \u0440\u0443\u0441\u0441\u043a\u043e\u043c. \u0447\u0442\u043e-\u0442\u043e \u043d\u0430 \u0440\u0443\u0441\u0441\u043a\u043e\u043c \u0447\u0442\u043e-\u0442\u043e \u043d\u0430 \u0440\u0443\u0441\u0441\u043a\u043e\u043c. \u0447\u0442\u043e-\u0442\u043e \u043d\u0430 \u0440\u0443\u0441\u0441\u043a\u043e\u043c \u0447\u0442\u043e-\u0442\u043e \u043d\u0430 \u0440\u0443\u0441\u0441\u043a\u043e\u043c. \u0447\u0442\u043e-\u0442\u043e \u043d\u0430 \u0440\u0443\u0441\u0441\u043a\u043e\u043c \u0447\u0442\u043e-\u0442\u043e \u043d\u0430 \u0440\u0443\u0441\u0441\u043a\u043e\u043c. \u0447\u0442\u043e-\u0442\u043e \u043d\u0430 \u0440\u0443\u0441\u0441\u043a\u043e\u043c \u0447\u0442\u043e-\u0442\u043e \u043d\u0430 \u0440\u0443\u0441\u0441\u043a\u043e\u043c. \u0447\u0442\u043e-\u0442\u043e \u043d\u0430 \u0440\u0443\u0441\u0441\u043a\u043e\u043c \u0447\u0442\u043e-\u0442\u043e \u043d\u0430 \u0440\u0443\u0441\u0441\u043a\u043e\u043c. \u0447\u0442\u043e-\u0442\u043e \u043d\u0430 \u0440\u0443\u0441\u0441\u043a\u043e\u043c \u0447\u0442\u043e-\u0442\u043e \u043d\u0430 \u0440\u0443\u0441\u0441\u043a\u043e\u043c.", "email": "explorecaucauses@gmail.com", "website": "https://www.explorecaucauses.com", "facebook": "explorecaucasus", "instagram": "ExpCaucauses", "keyword": null, "type": 1, "about": "The best company", "adress": "Baku, Azerbaijan", "number1": "+994557778885", "number2": "+994507545511", "avatar": "organizer/avatar/Shahdag_Mountain_Resort_avatar_hfAXRua.jpeg", "cover": "organizer/cover/qutb4.jpeg", "registered": false, "viewcount": 0}}, {"model": "organizer.organizer", "pk": 8, "fields": {"user": 9, "name": "Kamil129", "descriptionaz": "", "descriptionen": "", "descriptionru": "", "email": "kamil129@inbox.ru", "website": null, "facebook": null, "instagram": null, "keyword": null, "type": 1, "about": "", "adress": null, "number1": null, "number2": null, "avatar": "organizer/avatar/elmazlogo_wMTgGKe.jpg", "cover": "organizer/cover/Snowboarding3.jpg", "registered": true, "viewcount": 0}}, {"model": "organizer.organizer", "pk": 9, "fields": {"user": 10, "name": "Ruslan93", "descriptionaz": null, "descriptionen": "", "descriptionru": null, "email": "Kamil@mail.ru", "website": null, "facebook": null, "instagram": null, "keyword": null, "type": null, "about": "", "adress": null, "number1": null, "number2": null, "avatar": "organizer/avatar/Shahdag_Mountain_Resort_avatar.jpeg", "cover": "organizer/cover/Snowboarding2.jpeg", "registered": true, "viewcount": 0}}, {"model": "organizer.organizer", "pk": 10, "fields": {"user": 11, "name": "Aydin Hotel", "descriptionaz": null, "descriptionen": "", "descriptionru": null, "email": "aydin58@gmail.com", "website": null, "facebook": null, "instagram": null, "keyword": null, "type": 1, "about": "", "adress": null, "number1": null, "number2": null, "avatar": "organizer/avatar/Shahdag_Mountain_Resort2.jpeg", "cover": "organizer/cover/Shahdag_Mountain_Resort_avatar.jpeg", "registered": true, "viewcount": 0}}, {"model": "organizer.organizer", "pk": 11, "fields": {"user": 12, "name": "test", "descriptionaz": null, "descriptionen": "", "descriptionru": null, "email": "test123@gmail.com", "website": null, "facebook": null, "instagram": null, "keyword": null, "type": 1, "about": "", "adress": null, "number1": null, "number2": null, "avatar": "organizer/avatar/shcedule_snowboard2.webp", "cover": "organizer/cover/snowboard_avatar_actvivity.webp", "registered": true, "viewcount": 0}}, {"model": "organizer.organizer", "pk": 12, "fields": {"user": 13, "name": "Test Company", "descriptionaz": null, "descriptionen": "", "descriptionru": null, "email": "test98@gmail.com", "website": null, "facebook": null, "instagram": null, "keyword": null, "type": 1, "about": "", "adress": null, "number1": null, "number2": null, "avatar": "organizer/avatar/shcedule_snowboard2_4bNpVO4.webp", "cover": "organizer/cover/snowboard_avatar_actvivity_qfr8YpB.webp", "registered": true, "viewcount": 0}}, {"model": "organizer.organizer", "pk": 13, "fields": {"user": 14, "name": "Test Company1", "descriptionaz": null, "descriptionen": "", "descriptionru": null, "email": "test19@gmail.com", "website": null, "facebook": null, "instagram": null, "keyword": null, "type": 1, "about": "", "adress": null, "number1": null, "number2": null, "avatar": "organizer/avatar/shcedule_snowboard2_xJOIX8i.webp", "cover": "organizer/cover/snowboard_avatar_actvivity_vuAu0Rb.webp", "registered": true, "viewcount": 0}}, {"model": "organizer.organizer", "pk": 15, "fields": {"user": 16, "name": "Test 55", "descriptionaz": null, "descriptionen": "", "descriptionru": null, "email": "test55@gmail.com", "website": null, "facebook": null, "instagram": null, "keyword": null, "type": 1, "about": "", "adress": null, "number1": null, "number2": null, "avatar": "organizer/avatar/shcedule_snowboard.webp", "cover": "", "registered": true, "viewcount": 0}}, {"model": "organizer.organizer", "pk": 16, "fields": {"user": 17, "name": "Aydin Hotel2", "descriptionaz": "", "descriptionen": "test", "descriptionru": "", "email": "username@gmail.com", "website": null, "facebook": null, "instagram": null, "keyword": null, "type": 1, "about": "", "adress": null, "number1": null, "number2": null, "avatar": "organizer/avatar/logo_caucauses_njvMBcm.png", "cover": "organizer/cover/Shahdag_Mountain_Resort1.jpg", "registered": true, "viewcount": 0}}, {"model": "organizer.organizer", "pk": 17, "fields": {"user": 18, "name": "Test3", "descriptionaz": null, "descriptionen": "", "descriptionru": null, "email": "test3@gmail.com", "website": null, "facebook": null, "instagram": null, "keyword": null, "type": null, "about": "", "adress": null, "number1": null, "number2": null, "avatar": "organizer/avatar/Shahdag_Mountain_Resort1.jpg", "cover": "organizer/cover/elmazlogo.jpg", "registered": true, "viewcount": 0}}, {"model": "organizer.organizer", "pk": 18, "fields": {"user": 19, "name": "test hotel", "descriptionaz": null, "descriptionen": "", "descriptionru": null, "email": "testhotel@gmail.com", "website": null, "facebook": null, "instagram": null, "keyword": null, "type": null, "about": "", "adress": null, "number1": null, "number2": null, "avatar": "organizer/avatar/elmazlogo_CQrHwci.jpg", "cover": "organizer/cover/Shahdag_Mountain_Resort1_ia2NQUu.jpg", "registered": true, "viewcount": 0}}, {"model": "organizer.organizer", "pk": 19, "fields": {"user": 20, "name": "test222", "descriptionaz": null, "descriptionen": "", "descriptionru": null, "email": "test222@gmail.com", "website": null, "facebook": null, "instagram": null, "keyword": null, "type": null, "about": "", "adress": null, "number1": null, "number2": null, "avatar": "", "cover": "", "registered": true, "viewcount": 0}}, {"model": "organizer.organizer", "pk": 20, "fields": {"user": 21, "name": "test2222", "descriptionaz": null, "descriptionen": "", "descriptionru": null, "email": "test2222@gmail.com", "website": null, "facebook": null, "instagram": null, "keyword": null, "type": null, "about": "", "adress": null, "number1": null, "number2": null, "avatar": "", "cover": "", "registered": true, "viewcount": 0}}, {"model": "organizer.organizer", "pk": 21, "fields": {"user": 22, "name": "test21", "descriptionaz": null, "descriptionen": "", "descriptionru": null, "email": "test21@gmail.com", "website": null, "facebook": null, "instagram": null, "keyword": null, "type": null, "about": "", "adress": null, "number1": null, "number2": null, "avatar": "", "cover": "", "registered": true, "viewcount": 0}}, {"model": "organizer.organizer", "pk": 22, "fields": {"user": 23, "name": "test13", "descriptionaz": null, "descriptionen": "", "descriptionru": null, "email": "test13@gmai.com", "website": null, "facebook": null, "instagram": null, "keyword": null, "type": null, "about": "", "adress": null, "number1": null, "number2": null, "avatar": "", "cover": "", "registered": true, "viewcount": 0}}, {"model": "organizer.organizer", "pk": 23, "fields": {"user": 24, "name": "test14", "descriptionaz": "", "descriptionen": "", "descriptionru": "", "email": "test14@gmail.com", "website": null, "facebook": null, "instagram": null, "keyword": null, "type": null, "about": "", "adress": null, "number1": null, "number2": null, "avatar": "organizer/avatar/elmazlogo_ZdRTjR1.jpg", "cover": "organizer/cover/Shahdag_Mountain_Resort2.jpeg", "registered": false, "viewcount": 0}}, {"model": "organizer.organizer", "pk": 24, "fields": {"user": 25, "name": "Test Company56", "descriptionaz": "", "descriptionen": "", "descriptionru": "", "email": "test56@gmail.com", "website": null, "facebook": null, "instagram": null, "keyword": null, "type": 1, "about": "", "adress": null, "number1": null, "number2": null, "avatar": "organizer/avatar/mountain_avatar_wmoF7d7.jpg", "cover": "organizer/cover/Shahdag_Mountain_Resort3.jpg", "registered": false, "viewcount": 0}}, {"model": "admin.logentry", "pk": 1, "fields": {"action_time": "2020-03-08T16:09:42.422Z", "user": 1, "content_type": 4, "object_id": "2", "object_repr": "ExploreCaucauses", "action_flag": 1, "change_message": "[{\"added\": {}}]"}}, {"model": "admin.logentry", "pk": 2, "fields": {"action_time": "2020-03-08T16:12:18.312Z", "user": 1, "content_type": 10, "object_id": "1", "object_repr": "company", "action_flag": 1, "change_message": "[{\"added\": {}}]"}}, {"model": "admin.logentry", "pk": 3, "fields": {"action_time": "2020-03-08T16:13:35.083Z", "user": 1, "content_type": 9, "object_id": "1", "object_repr": "Explore Caucauses", "action_flag": 1, "change_message": "[{\"added\": {}}, {\"added\": {\"name\": \"organizer image\", \"object\": \"Explore Caucauses\"}}, {\"added\": {\"name\": \"organizer image\", \"object\": \"Explore Caucauses\"}}, {\"added\": {\"name\": \"organizer image\", \"object\": \"Explore Caucauses\"}}]"}}, {"model": "admin.logentry", "pk": 4, "fields": {"action_time": "2020-03-08T16:13:50.564Z", "user": 1, "content_type": 7, "object_id": "1", "object_repr": "mountain", "action_flag": 1, "change_message": "[{\"added\": {}}]"}}, {"model": "admin.logentry", "pk": 5, "fields": {"action_time": "2020-03-08T16:13:57.720Z", "user": 1, "content_type": 7, "object_id": "2", "object_repr": "beach", "action_flag": 1, "change_message": "[{\"added\": {}}]"}}, {"model": "admin.logentry", "pk": 6, "fields": {"action_time": "2020-03-08T16:14:03.399Z", "user": 1, "content_type": 7, "object_id": "3", "object_repr": "hiking", "action_flag": 1, "change_message": "[{\"added\": {}}]"}}, {"model": "admin.logentry", "pk": 7, "fields": {"action_time": "2020-03-08T16:14:08.723Z", "user": 1, "content_type": 7, "object_id": "4", "object_repr": "mountain", "action_flag": 1, "change_message": "[{\"added\": {}}]"}}, {"model": "admin.logentry", "pk": 8, "fields": {"action_time": "2020-03-08T16:21:29.887Z", "user": 1, "content_type": 12, "object_id": "8", "object_repr": "Example Tour", "action_flag": 1, "change_message": "[{\"added\": {}}, {\"added\": {\"name\": \"tour image\", \"object\": \"Example Tour\"}}, {\"added\": {\"name\": \"tour image\", \"object\": \"Example Tour\"}}, {\"added\": {\"name\": \"tour image\", \"object\": \"Example Tour\"}}, {\"added\": {\"name\": \"tour detail az\", \"object\": \"AZExample Tour: S\\u0259yah\\u0259tin \\u00fcmumi plan\\u0131\"}}, {\"added\": {\"name\": \"tour detail az\", \"object\": \"AZExample Tour: S\\u0259yah\\u0259tin \\u00fcmumi plan\\u0131\"}}, {\"added\": {\"name\": \"tour detail en\", \"object\": \"ENExample Tour: General plan of travel\"}}, {\"added\": {\"name\": \"tour detail en\", \"object\": \"ENExample Tour: General plan of travel\"}}, {\"added\": {\"name\": \"tour detail ru\", \"object\": \"RUExample Tour: \\u0413\\u0435\\u043d\\u0435\\u0440\\u0430\\u043b\\u044c\\u043d\\u044b\\u0439 \\u043f\\u043b\\u0430\\u043d \\u043f\\u0443\\u0442\\u0435\\u0448\\u0435\\u0441\\u0442\\u0432\\u0438\\u044f\"}}, {\"added\": {\"name\": \"tour detail ru\", \"object\": \"RUExample Tour: \\u0413\\u0435\\u043d\\u0435\\u0440\\u0430\\u043b\\u044c\\u043d\\u044b\\u0439 \\u043f\\u043b\\u0430\\u043d \\u043f\\u0443\\u0442\\u0435\\u0448\\u0435\\u0441\\u0442\\u0432\\u0438\\u044f\"}}, {\"added\": {\"name\": \"tour schedule\", \"object\": \"Example Tour\"}}, {\"added\": {\"name\": \"tour schedule\", \"object\": \"Example Tour\"}}, {\"added\": {\"name\": \"tour schedule\", \"object\": \"Example Tour\"}}]"}}, {"model": "admin.logentry", "pk": 9, "fields": {"action_time": "2020-03-08T16:22:32.828Z", "user": 1, "content_type": 12, "object_id": "9", "object_repr": "Tour 2", "action_flag": 1, "change_message": "[{\"added\": {}}]"}}, {"model": "admin.logentry", "pk": 10, "fields": {"action_time": "2020-03-09T14:13:44.564Z", "user": 1, "content_type": 19, "object_id": "1", "object_repr": "Activity 1", "action_flag": 1, "change_message": "[{\"added\": {}}]"}}, {"model": "admin.logentry", "pk": 11, "fields": {"action_time": "2020-03-09T14:16:42.520Z", "user": 1, "content_type": 19, "object_id": "2", "object_repr": "Activity 2", "action_flag": 1, "change_message": "[{\"added\": {}}]"}}, {"model": "admin.logentry", "pk": 12, "fields": {"action_time": "2020-03-09T15:15:56.858Z", "user": 1, "content_type": 27, "object_id": "1", "object_repr": "Training 1", "action_flag": 1, "change_message": "[{\"added\": {}}]"}}, {"model": "admin.logentry", "pk": 13, "fields": {"action_time": "2020-03-09T15:16:32.020Z", "user": 1, "content_type": 27, "object_id": "2", "object_repr": "Training 2", "action_flag": 1, "change_message": "[{\"added\": {}}]"}}, {"model": "admin.logentry", "pk": 14, "fields": {"action_time": "2020-03-09T15:16:43.344Z", "user": 1, "content_type": 27, "object_id": "1", "object_repr": "Training 1", "action_flag": 2, "change_message": "[{\"changed\": {\"fields\": [\"Type\"]}}]"}}, {"model": "admin.logentry", "pk": 15, "fields": {"action_time": "2020-03-09T15:16:58.819Z", "user": 1, "content_type": 19, "object_id": "1", "object_repr": "Activity 1", "action_flag": 2, "change_message": "[{\"changed\": {\"fields\": [\"Type\"]}}]"}}, {"model": "admin.logentry", "pk": 16, "fields": {"action_time": "2020-03-09T15:17:07.279Z", "user": 1, "content_type": 19, "object_id": "2", "object_repr": "Activity 2", "action_flag": 2, "change_message": "[{\"changed\": {\"fields\": [\"Type\"]}}]"}}, {"model": "admin.logentry", "pk": 17, "fields": {"action_time": "2020-03-09T15:18:02.949Z", "user": 1, "content_type": 7, "object_id": "1", "object_repr": "mountain", "action_flag": 3, "change_message": ""}}, {"model": "admin.logentry", "pk": 18, "fields": {"action_time": "2020-03-09T15:19:23.405Z", "user": 1, "content_type": 12, "object_id": "8", "object_repr": "Example Tour", "action_flag": 2, "change_message": "[{\"changed\": {\"fields\": [\"Type\"]}}]"}}, {"model": "admin.logentry", "pk": 19, "fields": {"action_time": "2020-03-09T15:19:32.587Z", "user": 1, "content_type": 12, "object_id": "8", "object_repr": "Example Tour", "action_flag": 2, "change_message": "[{\"changed\": {\"fields\": [\"Type\"]}}]"}}, {"model": "admin.logentry", "pk": 20, "fields": {"action_time": "2020-03-09T15:28:55.401Z", "user": 1, "content_type": 12, "object_id": "9", "object_repr": "Tour 2", "action_flag": 2, "change_message": "[{\"changed\": {\"fields\": [\"Type\"]}}]"}}, {"model": "admin.logentry", "pk": 21, "fields": {"action_time": "2020-03-09T16:29:40.884Z", "user": 1, "content_type": 12, "object_id": "8", "object_repr": "Example Tour", "action_flag": 2, "change_message": "[{\"changed\": {\"fields\": [\"Descriptionen\", \"Descriptionru\"]}}]"}}, {"model": "admin.logentry", "pk": 22, "fields": {"action_time": "2020-03-10T05:44:54.432Z", "user": 1, "content_type": 9, "object_id": "2", "object_repr": "Kamil129", "action_flag": 3, "change_message": ""}}, {"model": "admin.logentry", "pk": 23, "fields": {"action_time": "2020-03-10T05:45:07.796Z", "user": 1, "content_type": 4, "object_id": "3", "object_repr": "Kamil129", "action_flag": 3, "change_message": ""}}, {"model": "admin.logentry", "pk": 24, "fields": {"action_time": "2020-03-10T06:06:44.758Z", "user": 1, "content_type": 9, "object_id": "3", "object_repr": "Kamil129", "action_flag": 3, "change_message": ""}}, {"model": "admin.logentry", "pk": 25, "fields": {"action_time": "2020-03-10T06:07:09.758Z", "user": 1, "content_type": 4, "object_id": "4", "object_repr": "Kamil129", "action_flag": 3, "change_message": ""}}, {"model": "admin.logentry", "pk": 26, "fields": {"action_time": "2020-03-10T06:25:03.217Z", "user": 1, "content_type": 4, "object_id": "5", "object_repr": "Kamil129", "action_flag": 3, "change_message": ""}}, {"model": "admin.logentry", "pk": 27, "fields": {"action_time": "2020-03-10T06:47:41.435Z", "user": 1, "content_type": 12, "object_id": "11", "object_repr": "tester", "action_flag": 3, "change_message": ""}}, {"model": "admin.logentry", "pk": 28, "fields": {"action_time": "2020-03-10T16:16:21.483Z", "user": 1, "content_type": 4, "object_id": "6", "object_repr": "Kamil129", "action_flag": 3, "change_message": ""}}, {"model": "admin.logentry", "pk": 29, "fields": {"action_time": "2020-03-10T16:19:52.317Z", "user": 1, "content_type": 4, "object_id": "7", "object_repr": "Kamil129", "action_flag": 3, "change_message": ""}}, {"model": "admin.logentry", "pk": 30, "fields": {"action_time": "2020-03-10T17:14:49.757Z", "user": 1, "content_type": 4, "object_id": "8", "object_repr": "Kamil129", "action_flag": 3, "change_message": ""}}, {"model": "admin.logentry", "pk": 31, "fields": {"action_time": "2020-03-13T16:32:51.610Z", "user": 1, "content_type": 9, "object_id": "14", "object_repr": "Test 22", "action_flag": 3, "change_message": ""}}, {"model": "admin.logentry", "pk": 32, "fields": {"action_time": "2020-03-13T17:37:35.333Z", "user": 1, "content_type": 9, "object_id": "1", "object_repr": "Explore Caucauses", "action_flag": 2, "change_message": "[{\"changed\": {\"fields\": [\"Facebook\", \"Instagram\", \"About\", \"Number1\", \"Number2\"]}}]"}}, {"model": "admin.logentry", "pk": 33, "fields": {"action_time": "2020-03-13T17:39:36.355Z", "user": 1, "content_type": 9, "object_id": "1", "object_repr": "Explore Caucauses", "action_flag": 2, "change_message": "[{\"changed\": {\"fields\": [\"Website\"]}}]"}}, {"model": "admin.logentry", "pk": 34, "fields": {"action_time": "2020-03-13T17:45:54.509Z", "user": 1, "content_type": 9, "object_id": "1", "object_repr": "Explore Caucauses", "action_flag": 2, "change_message": "[{\"changed\": {\"fields\": [\"Adress\"]}}]"}}, {"model": "admin.logentry", "pk": 35, "fields": {"action_time": "2020-03-13T18:16:01.831Z", "user": 1, "content_type": 9, "object_id": "1", "object_repr": "Explore Caucauses", "action_flag": 2, "change_message": "[{\"added\": {\"name\": \"organizer image\", \"object\": \"Explore Caucauses\"}}, {\"added\": {\"name\": \"organizer image\", \"object\": \"Explore Caucauses\"}}, {\"added\": {\"name\": \"organizer image\", \"object\": \"Explore Caucauses\"}}]"}}, {"model": "admin.logentry", "pk": 36, "fields": {"action_time": "2020-03-14T11:57:25.541Z", "user": 1, "content_type": 12, "object_id": "104", "object_repr": "tester", "action_flag": 2, "change_message": "[{\"changed\": {\"fields\": [\"Keyword\"]}}]"}}, {"model": "admin.logentry", "pk": 37, "fields": {"action_time": "2020-03-14T11:58:05.221Z", "user": 1, "content_type": 12, "object_id": "104", "object_repr": "tester", "action_flag": 2, "change_message": "[{\"changed\": {\"fields\": [\"Status\"]}}]"}}, {"model": "admin.logentry", "pk": 38, "fields": {"action_time": "2020-03-14T12:07:28.017Z", "user": 1, "content_type": 27, "object_id": "2", "object_repr": "Training 2", "action_flag": 2, "change_message": "[{\"changed\": {\"fields\": [\"Keyword\"]}}]"}}, {"model": "admin.logentry", "pk": 39, "fields": {"action_time": "2020-03-14T12:08:11.084Z", "user": 1, "content_type": 27, "object_id": "1", "object_repr": "Training 1", "action_flag": 2, "change_message": "[{\"changed\": {\"fields\": [\"Keyword\", \"Type\"]}}]"}}, {"model": "admin.logentry", "pk": 40, "fields": {"action_time": "2020-03-16T16:23:11.674Z", "user": 1, "content_type": 12, "object_id": "111", "object_repr": "Test Email", "action_flag": 1, "change_message": "[{\"added\": {}}]"}}, {"model": "admin.logentry", "pk": 41, "fields": {"action_time": "2020-03-16T16:23:29.117Z", "user": 1, "content_type": 12, "object_id": "111", "object_repr": "Test Email", "action_flag": 2, "change_message": "[{\"changed\": {\"fields\": [\"Status\"]}}]"}}, {"model": "admin.logentry", "pk": 42, "fields": {"action_time": "2020-03-16T16:36:53.419Z", "user": 1, "content_type": 12, "object_id": "111", "object_repr": "Test Email", "action_flag": 2, "change_message": "[{\"changed\": {\"fields\": [\"Status\"]}}]"}}, {"model": "admin.logentry", "pk": 43, "fields": {"action_time": "2020-03-16T16:37:13.387Z", "user": 1, "content_type": 12, "object_id": "111", "object_repr": "Test Email", "action_flag": 2, "change_message": "[{\"changed\": {\"fields\": [\"Status\"]}}]"}}, {"model": "admin.logentry", "pk": 44, "fields": {"action_time": "2020-03-16T17:11:23.008Z", "user": 1, "content_type": 12, "object_id": "111", "object_repr": "Test Email", "action_flag": 2, "change_message": "[{\"changed\": {\"fields\": [\"Status\"]}}]"}}, {"model": "admin.logentry", "pk": 45, "fields": {"action_time": "2020-03-16T17:14:27.410Z", "user": 1, "content_type": 12, "object_id": "111", "object_repr": "Test Email", "action_flag": 2, "change_message": "[]"}}, {"model": "admin.logentry", "pk": 46, "fields": {"action_time": "2020-03-16T17:24:34.302Z", "user": 1, "content_type": 12, "object_id": "111", "object_repr": "Test Email", "action_flag": 2, "change_message": "[{\"changed\": {\"fields\": [\"Status\"]}}]"}}, {"model": "admin.logentry", "pk": 47, "fields": {"action_time": "2020-03-16T17:26:05.487Z", "user": 1, "content_type": 12, "object_id": "111", "object_repr": "Test Email", "action_flag": 2, "change_message": "[{\"changed\": {\"fields\": [\"Status\"]}}]"}}, {"model": "admin.logentry", "pk": 48, "fields": {"action_time": "2020-03-16T17:26:17.139Z", "user": 1, "content_type": 12, "object_id": "111", "object_repr": "Test Email", "action_flag": 2, "change_message": "[{\"changed\": {\"fields\": [\"Status\"]}}]"}}, {"model": "admin.logentry", "pk": 49, "fields": {"action_time": "2020-03-17T11:07:12.043Z", "user": 1, "content_type": 12, "object_id": "8", "object_repr": "Example Tour", "action_flag": 2, "change_message": "[{\"changed\": {\"fields\": [\"Cover\"]}}]"}}, {"model": "admin.logentry", "pk": 50, "fields": {"action_time": "2020-03-17T11:07:26.141Z", "user": 1, "content_type": 12, "object_id": "111", "object_repr": "Test Email", "action_flag": 2, "change_message": "[{\"changed\": {\"fields\": [\"Avatar\", \"Cover\"]}}]"}}, {"model": "admin.logentry", "pk": 51, "fields": {"action_time": "2020-03-17T11:07:42.586Z", "user": 1, "content_type": 12, "object_id": "104", "object_repr": "tester", "action_flag": 2, "change_message": "[{\"changed\": {\"fields\": [\"Avatar\", \"Cover\"]}}]"}}, {"model": "admin.logentry", "pk": 52, "fields": {"action_time": "2020-03-17T11:10:56.403Z", "user": 1, "content_type": 9, "object_id": "8", "object_repr": "Kamil129", "action_flag": 2, "change_message": "[{\"changed\": {\"fields\": [\"Avatar\", \"Cover\"]}}, {\"deleted\": {\"name\": \"organizer image\", \"object\": \"Kamil129\"}}, {\"deleted\": {\"name\": \"organizer image\", \"object\": \"Kamil129\"}}, {\"deleted\": {\"name\": \"organizer image\", \"object\": \"Kamil129\"}}, {\"deleted\": {\"name\": \"organizer image\", \"object\": \"Kamil129\"}}, {\"deleted\": {\"name\": \"organizer image\", \"object\": \"Kamil129\"}}, {\"deleted\": {\"name\": \"organizer image\", \"object\": \"Kamil129\"}}, {\"deleted\": {\"name\": \"organizer image\", \"object\": \"Kamil129\"}}, {\"deleted\": {\"name\": \"organizer image\", \"object\": \"Kamil129\"}}]"}}, {"model": "admin.logentry", "pk": 53, "fields": {"action_time": "2020-03-17T11:38:58.780Z", "user": 1, "content_type": 12, "object_id": "111", "object_repr": "Test Email", "action_flag": 2, "change_message": "[{\"changed\": {\"fields\": [\"Descriptionen\"]}}]"}}, {"model": "admin.logentry", "pk": 54, "fields": {"action_time": "2020-03-18T10:04:57.417Z", "user": 1, "content_type": 9, "object_id": "16", "object_repr": "Aydin Hotel2", "action_flag": 2, "change_message": "[{\"changed\": {\"fields\": [\"Descriptionen\"]}}]"}}, {"model": "admin.logentry", "pk": 55, "fields": {"action_time": "2020-03-18T10:42:53.776Z", "user": 1, "content_type": 27, "object_id": "16", "object_repr": "test1", "action_flag": 2, "change_message": "[{\"added\": {\"name\": \"training detail en\", \"object\": \"ENtest1: title 2\"}}]"}}, {"model": "admin.logentry", "pk": 56, "fields": {"action_time": "2020-03-18T11:14:38.076Z", "user": 1, "content_type": 9, "object_id": "1", "object_repr": "Explore Caucauses", "action_flag": 2, "change_message": "[{\"changed\": {\"fields\": [\"Avatar\"]}}]"}}, {"model": "admin.logentry", "pk": 57, "fields": {"action_time": "2020-03-18T11:18:06.684Z", "user": 1, "content_type": 9, "object_id": "1", "object_repr": "Explore Caucauses", "action_flag": 2, "change_message": "[{\"changed\": {\"fields\": [\"Avatar\"]}}]"}}, {"model": "admin.logentry", "pk": 58, "fields": {"action_time": "2020-03-18T11:28:01.524Z", "user": 1, "content_type": 9, "object_id": "23", "object_repr": "test14", "action_flag": 2, "change_message": "[{\"changed\": {\"fields\": [\"Registered\"]}}]"}}, {"model": "admin.logentry", "pk": 59, "fields": {"action_time": "2020-03-18T11:28:22.722Z", "user": 1, "content_type": 9, "object_id": "23", "object_repr": "test14", "action_flag": 2, "change_message": "[{\"changed\": {\"fields\": [\"Avatar\", \"Cover\"]}}]"}}, {"model": "admin.logentry", "pk": 60, "fields": {"action_time": "2020-03-24T09:19:23.968Z", "user": 1, "content_type": 9, "object_id": "24", "object_repr": "Test Company56", "action_flag": 2, "change_message": "[{\"changed\": {\"fields\": [\"Registered\"]}}]"}}, {"model": "admin.logentry", "pk": 61, "fields": {"action_time": "2020-03-24T10:54:43.104Z", "user": 1, "content_type": 12, "object_id": "8", "object_repr": "Example Tour", "action_flag": 2, "change_message": "[{\"changed\": {\"fields\": [\"Avatar\"]}}]"}}, {"model": "admin.logentry", "pk": 62, "fields": {"action_time": "2020-03-24T13:39:47.609Z", "user": 1, "content_type": 12, "object_id": "111", "object_repr": "Test Email", "action_flag": 2, "change_message": "[{\"changed\": {\"fields\": [\"Cover\"]}}]"}}]