[{"model": "sessions.session", "pk": "06dud66iekiifuambs9f87x1glwk5apw", "fields": {"session_data": "NWZkMGI1YzBkMjgwNmQ1ZjhjYTQ5NzAzOWQ4YzVhMTQwYjk0NGU0ZDp7fQ==", "expire_date": "2021-03-01T12:23:53.927Z"}}, {"model": "sessions.session", "pk": "0wlij74kys0fd3l052yawat8pn1av3ag", "fields": {"session_data": "NWZkMGI1YzBkMjgwNmQ1ZjhjYTQ5NzAzOWQ4YzVhMTQwYjk0NGU0ZDp7fQ==", "expire_date": "2021-02-21T12:03:41.539Z"}}, {"model": "sessions.session", "pk": "1df32l6ucshnh9ar1tbr613nkgff3l77", "fields": {"session_data": "ZDgwOTlkZGY3ODYxM2MzMGZjNjZiNGVlMmRiMzA0ZjZjZDUxM2Y3NTp7Il9hdXRoX3VzZXJfaWQiOiIzIiwiX2F1dGhfdXNlcl9iYWNrZW5kIjoiZGphbmdvLmNvbnRyaWIuYXV0aC5iYWNrZW5kcy5Nb2RlbEJhY2tlbmQiLCJfYXV0aF91c2VyX2hhc2giOiI1NzQyNTQ2NzdhMTQ2NDMyZDM4MmM2MTVlOTQ4ZmY2MWNlZDkxODg4In0=", "expire_date": "2021-03-07T09:44:33.621Z"}}, {"model": "sessions.session", "pk": "371sxbw4bd0bmjevcadyopvoamdt7wx2", "fields": {"session_data": "NWZkMGI1YzBkMjgwNmQ1ZjhjYTQ5NzAzOWQ4YzVhMTQwYjk0NGU0ZDp7fQ==", "expire_date": "2021-02-20T07:08:43.859Z"}}, {"model": "sessions.session", "pk": "3tuf9eomqgkufocl8ms0uyqdbsol146o", "fields": {"session_data": "NWZkMGI1YzBkMjgwNmQ1ZjhjYTQ5NzAzOWQ4YzVhMTQwYjk0NGU0ZDp7fQ==", "expire_date": "2021-03-01T12:25:41.705Z"}}, {"model": "sessions.session", "pk": "3x39xve3tg8ev53hbm63m00kt78ibii3", "fields": {"session_data": "NzZmOTFlYzZlNjEzMTA1ZmY2MDM5ZGViN2JiZTFmMmNlZmNjZDIzNjp7Il9hdXRoX3VzZXJfaWQiOiIxIiwiX2F1dGhfdXNlcl9iYWNrZW5kIjoiZGphbmdvLmNvbnRyaWIuYXV0aC5iYWNrZW5kcy5Nb2RlbEJhY2tlbmQiLCJfYXV0aF91c2VyX2hhc2giOiI0MTUyNzJlZmU0NWU2MjgxNDNlYmYxMGRjNWYxZjJhY2NiYWQzYmQ5In0=", "expire_date": "2021-02-20T07:09:03.018Z"}}, {"model": "sessions.session", "pk": "4wn19l1b4vvpy4f3oq8pbwe3f7uebzg5", "fields": {"session_data": "YmFhZmFiMDhiNTE1OTY2NjhhNmY5ZWI2ZTBjNWIyODk1NjRhMWRmNjp7Il9hdXRoX3VzZXJfaWQiOiIyIiwiX2F1dGhfdXNlcl9iYWNrZW5kIjoiZGphbmdvLmNvbnRyaWIuYXV0aC5iYWNrZW5kcy5Nb2RlbEJhY2tlbmQiLCJfYXV0aF91c2VyX2hhc2giOiI2ZThhMTQ1MDA5ZjllY2ViODZiMTQ2YzIwMjk1NmE5OWNmODk3ZTVlIn0=", "expire_date": "2021-01-15T18:03:34.894Z"}}, {"model": "sessions.session", "pk": "6isz5vorz5skxqpyqtv530z0xjtcs3cs", "fields": {"session_data": "NWZkMGI1YzBkMjgwNmQ1ZjhjYTQ5NzAzOWQ4YzVhMTQwYjk0NGU0ZDp7fQ==", "expire_date": "2021-03-01T12:19:12.570Z"}}, {"model": "sessions.session", "pk": "6o6o8kaxj9ud0ckmuvvtab8tak2paw8l", "fields": {"session_data": "NWZkMGI1YzBkMjgwNmQ1ZjhjYTQ5NzAzOWQ4YzVhMTQwYjk0NGU0ZDp7fQ==", "expire_date": "2021-02-20T07:07:52.051Z"}}, {"model": "sessions.session", "pk": "6q73chic9twzo3t2wx9hwmorv947zrnp", "fields": {"session_data": "YmFhZmFiMDhiNTE1OTY2NjhhNmY5ZWI2ZTBjNWIyODk1NjRhMWRmNjp7Il9hdXRoX3VzZXJfaWQiOiIyIiwiX2F1dGhfdXNlcl9iYWNrZW5kIjoiZGphbmdvLmNvbnRyaWIuYXV0aC5iYWNrZW5kcy5Nb2RlbEJhY2tlbmQiLCJfYXV0aF91c2VyX2hhc2giOiI2ZThhMTQ1MDA5ZjllY2ViODZiMTQ2YzIwMjk1NmE5OWNmODk3ZTVlIn0=", "expire_date": "2021-01-20T08:58:04.700Z"}}, {"model": "sessions.session", "pk": "9bfa92eotycwcu8ejp77f2u6rr7rwea1", "fields": {"session_data": "MTRmNDRmNjVkNTYxMmMxNzc2MGZmZDE2OTRjZTVmY2UzNGY2YzFiNjp7Il9hdXRoX3VzZXJfaWQiOiIyIiwiX2F1dGhfdXNlcl9iYWNrZW5kIjoiZGphbmdvLmNvbnRyaWIuYXV0aC5iYWNrZW5kcy5Nb2RlbEJhY2tlbmQiLCJfYXV0aF91c2VyX2hhc2giOiJlMWNjMjdjMWQ2ZjlhYjViMjJlZDcyYzk2NThlY2ExODk2YWRkNDA0In0=", "expire_date": "2021-03-13T18:17:43.201Z"}}, {"model": "sessions.session", "pk": "ar61bl2qpfn27zoxbasd80jplt1s7nfv", "fields": {"session_data": "NWZkMGI1YzBkMjgwNmQ1ZjhjYTQ5NzAzOWQ4YzVhMTQwYjk0NGU0ZDp7fQ==", "expire_date": "2021-03-01T12:18:23.058Z"}}, {"model": "sessions.session", "pk": "brblfho6v5fkywxj99xjja1942rgzxiu", "fields": {"session_data": "NWZkMGI1YzBkMjgwNmQ1ZjhjYTQ5NzAzOWQ4YzVhMTQwYjk0NGU0ZDp7fQ==", "expire_date": "2021-03-01T12:18:41.440Z"}}, {"model": "sessions.session", "pk": "fprrtilghm0h100pitchn0cu7gwewxo3", "fields": {"session_data": "ZDgwOTlkZGY3ODYxM2MzMGZjNjZiNGVlMmRiMzA0ZjZjZDUxM2Y3NTp7Il9hdXRoX3VzZXJfaWQiOiIzIiwiX2F1dGhfdXNlcl9iYWNrZW5kIjoiZGphbmdvLmNvbnRyaWIuYXV0aC5iYWNrZW5kcy5Nb2RlbEJhY2tlbmQiLCJfYXV0aF91c2VyX2hhc2giOiI1NzQyNTQ2NzdhMTQ2NDMyZDM4MmM2MTVlOTQ4ZmY2MWNlZDkxODg4In0=", "expire_date": "2020-12-03T04:55:15.613Z"}}, {"model": "sessions.session", "pk": "go40p0nyskrnqe33iiskmcahr6cv8mzb", "fields": {"session_data": "NzZmOTFlYzZlNjEzMTA1ZmY2MDM5ZGViN2JiZTFmMmNlZmNjZDIzNjp7Il9hdXRoX3VzZXJfaWQiOiIxIiwiX2F1dGhfdXNlcl9iYWNrZW5kIjoiZGphbmdvLmNvbnRyaWIuYXV0aC5iYWNrZW5kcy5Nb2RlbEJhY2tlbmQiLCJfYXV0aF91c2VyX2hhc2giOiI0MTUyNzJlZmU0NWU2MjgxNDNlYmYxMGRjNWYxZjJhY2NiYWQzYmQ5In0=", "expire_date": "2020-11-24T20:18:26.396Z"}}, {"model": "sessions.session", "pk": "lduzh7i6co7dsk2d6a3pv8c8ay047mht", "fields": {"session_data": "NWZkMGI1YzBkMjgwNmQ1ZjhjYTQ5NzAzOWQ4YzVhMTQwYjk0NGU0ZDp7fQ==", "expire_date": "2021-02-21T11:56:44.895Z"}}, {"model": "sessions.session", "pk": "li337fclvn3ehi27l6nn4h8xyd6bvbzq", "fields": {"session_data": "NzZmOTFlYzZlNjEzMTA1ZmY2MDM5ZGViN2JiZTFmMmNlZmNjZDIzNjp7Il9hdXRoX3VzZXJfaWQiOiIxIiwiX2F1dGhfdXNlcl9iYWNrZW5kIjoiZGphbmdvLmNvbnRyaWIuYXV0aC5iYWNrZW5kcy5Nb2RlbEJhY2tlbmQiLCJfYXV0aF91c2VyX2hhc2giOiI0MTUyNzJlZmU0NWU2MjgxNDNlYmYxMGRjNWYxZjJhY2NiYWQzYmQ5In0=", "expire_date": "2021-02-03T11:46:48.397Z"}}, {"model": "sessions.session", "pk": "oddma2x6bfy22gj6k0ascnvm5jg0rlr1", "fields": {"session_data": "NzZmOTFlYzZlNjEzMTA1ZmY2MDM5ZGViN2JiZTFmMmNlZmNjZDIzNjp7Il9hdXRoX3VzZXJfaWQiOiIxIiwiX2F1dGhfdXNlcl9iYWNrZW5kIjoiZGphbmdvLmNvbnRyaWIuYXV0aC5iYWNrZW5kcy5Nb2RlbEJhY2tlbmQiLCJfYXV0aF91c2VyX2hhc2giOiI0MTUyNzJlZmU0NWU2MjgxNDNlYmYxMGRjNWYxZjJhY2NiYWQzYmQ5In0=", "expire_date": "2020-11-29T14:57:09.816Z"}}, {"model": "sessions.session", "pk": "onxlhdugwl7tne7lly0yup3foo8ng9ug", "fields": {"session_data": "NzZmOTFlYzZlNjEzMTA1ZmY2MDM5ZGViN2JiZTFmMmNlZmNjZDIzNjp7Il9hdXRoX3VzZXJfaWQiOiIxIiwiX2F1dGhfdXNlcl9iYWNrZW5kIjoiZGphbmdvLmNvbnRyaWIuYXV0aC5iYWNrZW5kcy5Nb2RlbEJhY2tlbmQiLCJfYXV0aF91c2VyX2hhc2giOiI0MTUyNzJlZmU0NWU2MjgxNDNlYmYxMGRjNWYxZjJhY2NiYWQzYmQ5In0=", "expire_date": "2021-01-12T18:06:44.748Z"}}, {"model": "sessions.session", "pk": "pbun304yuxy21rzeaieetugrswfumc4i", "fields": {"session_data": "MTRmNDRmNjVkNTYxMmMxNzc2MGZmZDE2OTRjZTVmY2UzNGY2YzFiNjp7Il9hdXRoX3VzZXJfaWQiOiIyIiwiX2F1dGhfdXNlcl9iYWNrZW5kIjoiZGphbmdvLmNvbnRyaWIuYXV0aC5iYWNrZW5kcy5Nb2RlbEJhY2tlbmQiLCJfYXV0aF91c2VyX2hhc2giOiJlMWNjMjdjMWQ2ZjlhYjViMjJlZDcyYzk2NThlY2ExODk2YWRkNDA0In0=", "expire_date": "2021-03-28T20:47:41.414Z"}}, {"model": "sessions.session", "pk": "pm7cmwthebm4jwnp4nuzh28ecr18f5dj", "fields": {"session_data": "NWZkMGI1YzBkMjgwNmQ1ZjhjYTQ5NzAzOWQ4YzVhMTQwYjk0NGU0ZDp7fQ==", "expire_date": "2021-02-20T07:08:18.155Z"}}, {"model": "sessions.session", "pk": "qzvuvz1e9e1d5k4jsb523asvqe5g6rq1", "fields": {"session_data": "YmFhZmFiMDhiNTE1OTY2NjhhNmY5ZWI2ZTBjNWIyODk1NjRhMWRmNjp7Il9hdXRoX3VzZXJfaWQiOiIyIiwiX2F1dGhfdXNlcl9iYWNrZW5kIjoiZGphbmdvLmNvbnRyaWIuYXV0aC5iYWNrZW5kcy5Nb2RlbEJhY2tlbmQiLCJfYXV0aF91c2VyX2hhc2giOiI2ZThhMTQ1MDA5ZjllY2ViODZiMTQ2YzIwMjk1NmE5OWNmODk3ZTVlIn0=", "expire_date": "2021-03-02T12:41:56.667Z"}}, {"model": "sessions.session", "pk": "rr9wwzd1vyhz4wjycs7moub7gl6rhnid", "fields": {"session_data": "NWZkMGI1YzBkMjgwNmQ1ZjhjYTQ5NzAzOWQ4YzVhMTQwYjk0NGU0ZDp7fQ==", "expire_date": "2021-02-20T07:14:54.298Z"}}, {"model": "sessions.session", "pk": "s40yjsdec6ooa0m8oxzvkbd6y15tcnob", "fields": {"session_data": "MTRmNDRmNjVkNTYxMmMxNzc2MGZmZDE2OTRjZTVmY2UzNGY2YzFiNjp7Il9hdXRoX3VzZXJfaWQiOiIyIiwiX2F1dGhfdXNlcl9iYWNrZW5kIjoiZGphbmdvLmNvbnRyaWIuYXV0aC5iYWNrZW5kcy5Nb2RlbEJhY2tlbmQiLCJfYXV0aF91c2VyX2hhc2giOiJlMWNjMjdjMWQ2ZjlhYjViMjJlZDcyYzk2NThlY2ExODk2YWRkNDA0In0=", "expire_date": "2021-03-29T04:53:12.215Z"}}, {"model": "sessions.session", "pk": "seub5qaua4sswmy7pwy48dm38b7ccxwl", "fields": {"session_data": "YmFhZmFiMDhiNTE1OTY2NjhhNmY5ZWI2ZTBjNWIyODk1NjRhMWRmNjp7Il9hdXRoX3VzZXJfaWQiOiIyIiwiX2F1dGhfdXNlcl9iYWNrZW5kIjoiZGphbmdvLmNvbnRyaWIuYXV0aC5iYWNrZW5kcy5Nb2RlbEJhY2tlbmQiLCJfYXV0aF91c2VyX2hhc2giOiI2ZThhMTQ1MDA5ZjllY2ViODZiMTQ2YzIwMjk1NmE5OWNmODk3ZTVlIn0=", "expire_date": "2020-12-03T05:22:37.565Z"}}, {"model": "sessions.session", "pk": "sv6nf61szj40nry55d4b1sb5ynavhcym", "fields": {"session_data": "NzZmOTFlYzZlNjEzMTA1ZmY2MDM5ZGViN2JiZTFmMmNlZmNjZDIzNjp7Il9hdXRoX3VzZXJfaWQiOiIxIiwiX2F1dGhfdXNlcl9iYWNrZW5kIjoiZGphbmdvLmNvbnRyaWIuYXV0aC5iYWNrZW5kcy5Nb2RlbEJhY2tlbmQiLCJfYXV0aF91c2VyX2hhc2giOiI0MTUyNzJlZmU0NWU2MjgxNDNlYmYxMGRjNWYxZjJhY2NiYWQzYmQ5In0=", "expire_date": "2021-03-25T12:36:56.727Z"}}, {"model": "sessions.session", "pk": "uawdozlooiq0utd70ai94uhryya4zety", "fields": {"session_data": "NzZmOTFlYzZlNjEzMTA1ZmY2MDM5ZGViN2JiZTFmMmNlZmNjZDIzNjp7Il9hdXRoX3VzZXJfaWQiOiIxIiwiX2F1dGhfdXNlcl9iYWNrZW5kIjoiZGphbmdvLmNvbnRyaWIuYXV0aC5iYWNrZW5kcy5Nb2RlbEJhY2tlbmQiLCJfYXV0aF91c2VyX2hhc2giOiI0MTUyNzJlZmU0NWU2MjgxNDNlYmYxMGRjNWYxZjJhY2NiYWQzYmQ5In0=", "expire_date": "2021-03-03T07:16:52.591Z"}}, {"model": "sessions.session", "pk": "z1ldtw16tc07b2rw02obhk6gt2apswcd", "fields": {"session_data": "NmI2ZTI3N2QwMDM0MmVjOGQ5NzlhMjA2NmU2MDcwZjM0ZWQ1OTNkMDp7Il9hdXRoX3VzZXJfaWQiOiI4IiwiX2F1dGhfdXNlcl9iYWNrZW5kIjoiZGphbmdvLmNvbnRyaWIuYXV0aC5iYWNrZW5kcy5Nb2RlbEJhY2tlbmQiLCJfYXV0aF91c2VyX2hhc2giOiJmYWJkNjBhNTNlNzVlMmJjNzIzYjY3ZDg0ODg1OWIwMzQ1ZGI2MWQ0In0=", "expire_date": "2021-02-16T14:54:39.509Z"}}, {"model": "account.user", "pk": 1, "fields": {"password": "pbkdf2_sha256$180000$bv1Wc1HiPsB2$2GJUdnK+rKxlad4kIF/HJFRgVy6HNdqKgW4HxYPabJc=", "last_login": "2021-03-11T12:36:56.725Z", "is_superuser": true, "first_name": "", "last_name": "", "is_user": false, "is_organizer": false, "email": "", "username": "admin", "profile_img": "", "date_joined": "2020-11-10T20:16:26.636Z", "is_staff": true, "is_active": true, "activated": false, "groups": [], "user_permissions": []}}, {"model": "account.user", "pk": 2, "fields": {"password": "pbkdf2_sha256$180000$6kND8DtiHWf4$Q+nlGJb92jaKerT5ZeVr2JdAh/7GnZDq+1mbBcoaIZc=", "last_login": "2021-03-15T04:53:12.212Z", "is_superuser": false, "first_name": "", "last_name": "", "is_user": false, "is_organizer": true, "email": "ruhinshukurlu@gmail.com", "username": "ruhinshukurlu", "profile_img": "profile-pictures/bmw_4AmP9V7.jpg", "date_joined": "2020-11-10T20:19:09.805Z", "is_staff": false, "is_active": true, "activated": true, "groups": [], "user_permissions": []}}, {"model": "account.user", "pk": 3, "fields": {"password": "pbkdf2_sha256$180000$ok9wFq4quauW$19iy9uf84QibTqALRL9PT3VYgA14ofWPDRWzz8OnaTw=", "last_login": "2021-02-27T14:04:15.471Z", "is_superuser": false, "first_name": "", "last_name": "", "is_user": true, "is_organizer": false, "email": "murad@gmail.com", "username": "muradmemmedli", "profile_img": "profile-pictures/bmw_EAH4X4p.jpg", "date_joined": "2020-11-10T20:27:22.492Z", "is_staff": false, "is_active": true, "activated": false, "groups": [], "user_permissions": []}}, {"model": "account.user", "pk": 4, "fields": {"password": "pbkdf2_sha256$180000$fMlrupp91HEc$JLdcct78VnhfqgvGZUSxGVTzK42/cT/VykLz9z5IrKo=", "last_login": "2020-11-14T16:12:33.762Z", "is_superuser": false, "first_name": "", "last_name": "", "is_user": false, "is_organizer": true, "email": "ruhin@gmail.com", "username": "ruhinshukurlu054", "profile_img": "profile-pictures/open_top_london_bus_tour_640x360.jpg", "date_joined": "2020-11-14T16:11:21.896Z", "is_staff": false, "is_active": true, "activated": true, "groups": [], "user_permissions": []}}, {"model": "account.user", "pk": 5, "fields": {"password": "pbkdf2_sha256$180000$drjGUtkSqPDX$nxvw2af5hjfrbmj4nYaDlxdGbd0KGJ9ikvN59xvn3OU=", "last_login": "2020-11-15T15:03:17.642Z", "is_superuser": false, "first_name": "", "last_name": "", "is_user": false, "is_organizer": true, "email": "togrul@gmail.com", "username": "togrulmemmedli", "profile_img": "", "date_joined": "2020-11-15T15:03:17.634Z", "is_staff": false, "is_active": true, "activated": true, "groups": [], "user_permissions": []}}, {"model": "account.user", "pk": 6, "fields": {"password": "pbkdf2_sha256$180000$kilIUn81E9MW$qOaAhnM1Sv1ncAJcy78lhSeKDPi7q9Q8htaaH2PscLs=", "last_login": "2020-11-19T04:55:54.604Z", "is_superuser": false, "first_name": "", "last_name": "", "is_user": false, "is_organizer": true, "email": "ruhid@gmail.com", "username": "ruhid.shukurlu", "profile_img": "", "date_joined": "2020-11-17T20:19:08.232Z", "is_staff": false, "is_active": true, "activated": true, "groups": [], "user_permissions": []}}, {"model": "account.user", "pk": 9, "fields": {"password": "pbkdf2_sha256$180000$ZIiODXBM44tQ$bFK5J6+0T1tf6QD/1cm5qRw2UpierwIA7e/C3DpW4MU=", "last_login": null, "is_superuser": false, "first_name": "", "last_name": "", "is_user": false, "is_organizer": true, "email": "test@gmail.com", "username": "test_ruhin", "profile_img": "", "date_joined": "2021-02-07T12:07:52.176Z", "is_staff": false, "is_active": false, "activated": false, "groups": [], "user_permissions": []}}, {"model": "account.user", "pk": 12, "fields": {"password": "pbkdf2_sha256$180000$8OwIefkOp6iW$yrp7FSTvLWe0rYt1hPiJn+rUQ++kXHFP7YQuDs3VLi8=", "last_login": "2021-02-13T12:45:47.903Z", "is_superuser": false, "first_name": "", "last_name": "", "is_user": false, "is_organizer": true, "email": "email@gmail.com", "username": "email_test", "profile_img": "", "date_joined": "2021-02-13T12:45:44.838Z", "is_staff": false, "is_active": false, "activated": false, "groups": [], "user_permissions": []}}, {"model": "account.user", "pk": 13, "fields": {"password": "!DEIGG8weU6A62oWPcy112yaA0SzdLAfKVo0ZcfAW", "last_login": null, "is_superuser": false, "first_name": "Sukurlu", "last_name": "Ruhid", "is_user": false, "is_organizer": false, "email": "ruhid.sukurlu2001@gmail.com", "username": "ruhid.sukurlu2001", "profile_img": "", "date_joined": "2021-02-20T09:36:59.579Z", "is_staff": false, "is_active": true, "activated": false, "groups": [], "user_permissions": []}}, {"model": "account.user", "pk": 14, "fields": {"password": "pbkdf2_sha256$180000$zJwVUEWOgr0h$TF/xYC2+zVwL3dWlUPyssEiPb6ZGDHWMp6kjfRJj19g=", "last_login": "2021-02-20T12:07:53.224Z", "is_superuser": false, "first_name": "", "last_name": "", "is_user": false, "is_organizer": true, "email": "new_test@gmail.com", "username": "new_test", "profile_img": "profile-pictures/big-cat.jpg", "date_joined": "2021-02-20T12:07:50.530Z", "is_staff": false, "is_active": true, "activated": true, "groups": [], "user_permissions": []}}, {"model": "account.user", "pk": 15, "fields": {"password": "pbkdf2_sha256$180000$kXIEftDIYLOj$V8n5b54HTOnnRS742VA+tKizf5EWgQzgtISSx+qsFbw=", "last_login": "2021-02-20T17:35:02.231Z", "is_superuser": false, "first_name": "", "last_name": "", "is_user": false, "is_organizer": true, "email": "ruhidshukurlu@gmail.com", "username": "ruhidshukurlu", "profile_img": "profile-pictures/big-cat_0mudwRX.jpg", "date_joined": "2021-02-20T17:34:12.725Z", "is_staff": false, "is_active": true, "activated": true, "groups": [], "user_permissions": []}}, {"model": "account.user", "pk": 16, "fields": {"password": "pbkdf2_sha256$180000$vwTvlpo3yQNt$mf8lQVc/utTvAnBOe8sbKJSLr//+lAjgyRf9Bz8Sxkc=", "last_login": "2021-02-20T19:07:43.213Z", "is_superuser": false, "first_name": "", "last_name": "", "is_user": false, "is_organizer": true, "email": "new_test_2@gmail.com", "username": "new_test_2", "profile_img": "", "date_joined": "2021-02-20T19:07:10.399Z", "is_staff": false, "is_active": true, "activated": true, "groups": [], "user_permissions": []}}, {"model": "account.user", "pk": 17, "fields": {"password": "pbkdf2_sha256$180000$pxTaPG2hCUhN$RXAVqhg+z6jdeyjSWBe435vLEB/DM9IThpNjR+9SWXg=", "last_login": "2021-02-20T20:34:52.753Z", "is_superuser": false, "first_name": "", "last_name": "", "is_user": false, "is_organizer": true, "email": "last@gmail.com", "username": "last_test", "profile_img": "", "date_joined": "2021-02-20T20:34:47.525Z", "is_staff": false, "is_active": false, "activated": false, "groups": [], "user_permissions": []}}, {"model": "account.customer", "pk": 3, "fields": {}}, {"model": "main.partner", "pk": 3, "fields": {"partner_url": "https://yer.az/", "partner_logo": "partner-images/yer-az.png"}}, {"model": "organizer.organizer", "pk": 1, "fields": {"user": ["ruhinshukurlu"], "email": "wetravel@gmail.com", "organizer_name": "we TravelWe TravelWe TravelWe TravelWe Travel", "description": "Lorem Ipsum is simply dummy text of the printing and typesetting industry. Lorem Ipsum has been the industry's standard dummy text ever since the 1500s, when an unknown printer took a galley of type and scrambled it to make a type specimen book. It h", "website": "http://www.thestarongrand.com/", "facebook": "https://lipsum.com/", "instagram": "https://lipsum.com/", "keyword": null, "organizer_type": null, "about": "about", "address": "28 May Street", "contact_number_1": "2342314", "contact_number_2": "2342314", "profile_photo": "organizer/cover/bmw_AYfPSSq.jpg", "cover": "organizer/cover/bmw_5kASxxX.jpg", "viewcount": 0}}, {"model": "organizer.organizer", "pk": 2, "fields": {"user": ["ruhinshukurlu054"], "email": "", "organizer_name": "Ovcular", "description": "Lorem Ipsum is simply dummy text of the printing and typesetting industry. Lorem Ipsum has been the industry's standard dummy text ever since the 1500s, when an unknown printer took a galley of type and scrambled it to make a type specimen book. It h", "website": "http://www.watergrill.com/", "facebook": "https://lipsum.com/", "instagram": "https://lipsum.com/", "keyword": null, "organizer_type": null, "about": "Lorem Ipsum is simply dummy text of the printing and typesetting industry. Lorem Ipsum has been the industry's standard dummy text ever since the 1500s, when an unknown printer took a galley of type and scrambled it to make a type specimen book. It h", "address": null, "contact_number_1": null, "contact_number_2": null, "profile_photo": "", "cover": "organizer/cover/bmw_H3oTWNH.jpg", "viewcount": 0}}, {"model": "organizer.organizer", "pk": 3, "fields": {"user": ["togrulmemmedli"], "email": null, "organizer_name": "Wactop", "description": "Lorem Ipsum is simply dummy text of the printing and typesetting industry. Lorem Ipsum has been the industry's standard dummy text ever since the 1500s, when an unknown printer took a galley of type and scrambled it to make a type specimen book. It h", "website": "http://www.empiresteakhousenyc.com/", "facebook": "https://lipsum.com/", "instagram": "https://lipsum.com/", "keyword": null, "organizer_type": null, "about": "Lorem Ipsum is simply dummy text of the printing and typesetting industry. Lorem Ipsum has been the industry's standard dummy text ever since the 1500s, when an unknown printer took a galley of type and scrambled it to make a type specimen book. It h", "address": "28 May Street", "contact_number_1": "8743948394", "contact_number_2": "87439483", "profile_photo": "organizer/cover/bmw_dI05FuI.jpg", "cover": "organizer/cover/big-cat_y4XJGmM.jpg", "viewcount": 0}}, {"model": "organizer.organizer", "pk": 4, "fields": {"user": ["ruhid.shukurlu"], "email": null, "organizer_name": "New organizer", "description": "Lorem Ipsum is simply dummy text of the printing and typesetting industry. Lorem Ipsum has been the industry's standard dummy text ever since the 1500s, when an unknown printer took a galley of type and scrambled it to make a type specimen book. It h", "website": "http://www.thestarongrand.com/", "facebook": "https://lipsum.com/", "instagram": "https://lipsum.com/", "keyword": null, "organizer_type": null, "about": "Lorem Ipsum is simply dummy text of the printing and typesetting industry. Lorem Ipsum has been the industry's standard dummy text ever since the 1500s, when an unknown printer took a galley of type and scrambled it to make a type specimen book. It h", "address": "28 May Street", "contact_number_1": "8743948394", "contact_number_2": "87439483", "profile_photo": "organizer/cover/bmw_ZsifXb3.jpg", "cover": "organizer/cover/dark-road.jpg", "viewcount": 0}}, {"model": "organizer.organizer", "pk": 6, "fields": {"user": ["test_ruhin"], "email": null, "organizer_name": "test organizer", "description": "Well, any machine learning problem can be assigned to one of the two broad classifications:\r\n#", "website": "http://www.juniperonthewater.com/", "facebook": "https://lipsum.com/", "instagram": "https://lipsum.com/", "keyword": null, "organizer_type": null, "about": "Well, any machine learning problem can be assigned to one of the two broad classifications:\r\nSupervised l", "address": "28 May Street", "contact_number_1": "8743948394", "contact_number_2": "87439483", "profile_photo": "organizer/cover/dark-road_6UgvotD.jpg", "cover": "organizer/cover/bmw_qywjx2k.jpg", "viewcount": 0}}, {"model": "organizer.organizer", "pk": 9, "fields": {"user": ["email_test"], "email": null, "organizer_name": "email Test", "description": "ndustry. Lorem Ipsum has been the industry's standard dummy text ever since the 1500s, when an unknown printer took a galley of type and scrambled it to make a type specimen book. It has survived not only five", "website": "http://www.juniperonthewater.com/", "facebook": "https://lipsum.com/", "instagram": "https://lipsum.com/", "keyword": null, "organizer_type": null, "about": "ndustry. Lorem Ipsum has been the industry's standard dummy text ever since the 1500s, when an unknown printer took a galley of type and scrambled it to make a type specimen book. It has survived not only five", "address": "28 May Street", "contact_number_1": "8743948394", "contact_number_2": "87439483", "profile_photo": "organizer/cover/activity-profile.jpg", "cover": "organizer/cover/activity-cover.jpg", "viewcount": 0}}, {"model": "organizer.organizer", "pk": 10, "fields": {"user": ["new_test"], "email": null, "organizer_name": "new general test", "description": "qerjmkfwfnf2qnfeerjkfnjfnkefjn", "website": "http://www.juniperonthewater.com/", "facebook": "https://lipsum.com/", "instagram": "https://lipsum.com/", "keyword": null, "organizer_type": null, "about": "qerjmkfwfnf2qnfeerjkfnjfnkefjn", "address": "28 May Street", "contact_number_1": "8743948394", "contact_number_2": "87439483", "profile_photo": "organizer/cover/bmw_UjMpv74.jpg", "cover": "organizer/cover/big-cat_g3cRxMi.jpg", "viewcount": 0}}, {"model": "organizer.organizer", "pk": 11, "fields": {"user": ["ruhidshukurlu"], "email": null, "organizer_name": "general test", "description": "Lorem Ipsum is simply dummy text of the printing and typesetting industry. Lorem Ipsum has been the industry's standard dummy text ever since the 1500s, when an unknown printer took a galley of type and scrambled it to make a type specimen book. It h", "website": "http://www.thestarongrand.com/", "facebook": "https://lipsum.com/", "instagram": "https://lipsum.com/", "keyword": null, "organizer_type": null, "about": "Lorem Ipsum is simply dummy text of the printing and typesetting industry. Lorem Ipsum has been the industry's standard dummy text ever since the 1500s, when an unknown printer took a galley of type and scrambled it to make a type specimen book. It h", "address": "28 May Street", "contact_number_1": "8743948394", "contact_number_2": "87439483", "profile_photo": "organizer/cover/bmw_Gf2NIsM.jpg", "cover": "organizer/cover/big-cat_9FO2r5p.jpg", "viewcount": 0}}, {"model": "organizer.organizer", "pk": 12, "fields": {"user": ["new_test_2"], "email": null, "organizer_name": "new test 2", "description": "description : Lorem Ipsum is simply dummy text of the printing and typesetting industry. Lorem Ipsum has been the industry's standard dummy text ever since the 1500s, when an unknown printer took a galley of type and scrambled it to make a type speci", "website": "http://www.watergrill.com/", "facebook": "https://lipsum.com/", "instagram": "https://lipsum.com/", "keyword": null, "organizer_type": null, "about": "about : Lorem Ipsum is simply dummy text of the printing and typesetting industry. Lorem Ipsum has been the industry's standard dummy text ever since the 1500s, when an unknown printer took a galley of type and scrambled it to make a type specimen bo", "address": "28 May Street", "contact_number_1": "8743948394", "contact_number_2": "87439483", "profile_photo": "organizer/cover/dark-road_K9CgEwi.jpg", "cover": "organizer/cover/bmw_mr1SbBS.jpg", "viewcount": 0}}, {"model": "organizer.organizer", "pk": 13, "fields": {"user": ["last_test"], "email": null, "organizer_name": "last test", "description": "Lorem Ipsum is simply dummy text of the printing and typesetting industry. Lorem Ipsum has been the industry's standard dummy text ever since the 1500s, when an unknown printer took a galley of type and scrambled it to make a type specimen book. It h", "website": "http://www.juniperonthewater.com/", "facebook": "https://lipsum.com/", "instagram": "https://lipsum.com/", "keyword": null, "organizer_type": null, "about": "Lorem Ipsum is simply dummy text of the printing and typesetting industry. Lorem Ipsum has been the industry's standard dummy text ever since the 1500s, when an unknown printer took a galley of type and scrambled it to make a type specimen book. It h", "address": "28 May Street", "contact_number_1": "8743948394", "contact_number_2": "87439483", "profile_photo": "organizer/cover/bmw_ISSBtaN.jpg", "cover": "organizer/cover/bmw_1_m0CmNJ3.jpg", "viewcount": 0}}, {"model": "organizer.organizerimage", "pk": 1, "fields": {"organizer": 1, "image": "organizer/image/family-tour-odisha_3hM9X8x.jpg"}}, {"model": "organizer.organizerimage", "pk": 2, "fields": {"organizer": 1, "image": "organizer/image/international-tour-packages_4fcVBgH.jpg"}}, {"model": "organizer.organizerimage", "pk": 3, "fields": {"organizer": 1, "image": "organizer/image/open_top_london_bus_tour_640x360_u8dAZL5.jpg"}}, {"model": "organizer.organizerimage", "pk": 4, "fields": {"organizer": 1, "image": "organizer/image/swiezmifobyjibudd4cc.webp"}}, {"model": "organizer.organizerimage", "pk": 5, "fields": {"organizer": 1, "image": "organizer/image/tour-operator-business-plan_RbpOiKr.jpg"}}, {"model": "organizer.organizerimage", "pk": 6, "fields": {"organizer": 1, "image": "organizer/image/big-cat_vCMk4SD.jpg"}}, {"model": "organizer.organizerimage", "pk": 7, "fields": {"organizer": 10, "image": "organizer/image/bmw_1_MahoPNz.jpg"}}, {"model": "organizer.guide", "pk": 1, "fields": {"organizer": 1, "name": "ruhin", "surname": "Shukurlu", "experience": "1 year", "certification": "amateur"}}, {"model": "organizer.instructor", "pk": 1, "fields": {"organizer": 1, "name": "Ruhid", "surname": "Shukurlu", "experience": "3 year", "certification": "amateur"}}, {"model": "organizer.contact", "pk": 1, "fields": {"first_name": "Ruhin", "last_name": "Shukurlu", "email": "ruhinshukurlu@gmail.com", "phone_number": "0519031166", "message": "Lorem Ipsum is simply dummy text of the printing and typesetting industry. Lorem Ipsum has been the industry's standard dummy text ever since the 1500s, when an unknown printer took a galley of type and scrambled it to make a type specimen book. It has survived not only five centuries,"}}, {"model": "organizer.contact", "pk": 2, "fields": {"first_name": "Mehemmed", "last_name": "Shukurlu", "email": "molla@gmail.com", "phone_number": "051 903 11 66", "message": "Lorem Ipsum is simply dummy text of the printing and typesetting industry. Lorem Ipsum has been the industry's standard dummy text ever since the 1500s, when an unknown printer took a galley of type and scrambled it to make a type specimen book. It has survived not only five centuries, but also the leap into electronic typesetting, remaining essen"}}, {"model": "organizer.contact", "pk": 3, "fields": {"first_name": "Ruhin", "last_name": "Shukurlu", "email": "ruhinshukurlu@gmail.com", "phone_number": "92482091830293", "message": "Lorem Ipsum is simply dummy text of the printing and typesetting industry. Lorem Ipsum has been the industry's standard dummy text ever since the 1500s, when an unknown printer took a galley of type and scrambled it to make a type specimen book. It has survived not only five centuries, but also the leap into electronic typesetting, remaining essen"}}, {"model": "tour.tourtype", "pk": 1, "fields": {"title": "Hiking"}}, {"model": "tour.tourtype", "pk": 2, "fields": {"title": "Climbing"}}, {"model": "tour.tourtype", "pk": 3, "fields": {"title": "test"}}, {"model": "tour.type", "pk": 1, "fields": {"type": "Hiking"}}, {"model": "tour.tour", "pk": 3, "fields": {"organizer": 2, "title": "tour 3", "keyword": null, "description": "Lorem Ipsum is simply dummy text of the printing and typesetting industry. Lorem Ipsum has been the industry's standard dummy text ever since the 1500s, when an unknown printer took a galley of type and scrambled it to make a type specimen book. It has survived not only five centuries,", "description_az": "Lorem Ipsum is simply dummy text of the printing and typesetting industry. Lorem Ipsum has been the industry's standard dummy text ever since the 1500s, when an unknown printer took a galley of type and scrambled it to make a type specimen book. It has survived not only five centuries,", "description_en": "Lorem Ipsum is simply dummy text of the printing and typesetting industry. Lorem Ipsum has been the industry's standard dummy text ever since the 1500s, when an unknown printer took a galley of type and scrambled it to make a type specimen book. It has survived not only five centuries,", "description_ru": null, "tour_type": 1, "country": "Pakistan", "city": "islamabad", "address": "Garabagh", "price": 323, "pricefor": 1, "currency": "AZN", "discount": 20, "distance": null, "durationday": 3, "durationnight": 4, "datefrom": "2020-11-16", "dateto": "2020-11-26", "viewcount": 6, "avatar": "tour/avatar/swiezmifobyjibudd4cc.webp", "cover": "tour/cover/tour-operator-business-plan.jpg", "guide": "Mirvari", "status": 1, "rating": 4, "activated": true, "map_link": null}}, {"model": "tour.tour", "pk": 4, "fields": {"organizer": 2, "title": "tour 4", "keyword": null, "description": "Lorem Ipsum is simply dummy text of the printing and typesetting industry. Lorem Ipsum has been the industry's standard dummy text ever since the 1500s, when an unknown printer took a galley of type and scrambled it to make a type specimen book. It has survived not only five centuries,", "description_az": "Lorem Ipsum is simply dummy text of the printing and typesetting industry. Lorem Ipsum has been the industry's standard dummy text ever since the 1500s, when an unknown printer took a galley of type and scrambled it to make a type specimen book. It has survived not only five centuries,", "description_en": "Lorem Ipsum is simply dummy text of the printing and typesetting industry. Lorem Ipsum has been the industry's standard dummy text ever since the 1500s, when an unknown printer took a galley of type and scrambled it to make a type specimen book. It has survived not only five centuries,", "description_ru": null, "tour_type": 1, "country": "Turkey", "city": "Ankara", "address": "28 May Street", "price": 23, "pricefor": 1, "currency": "AZN", "discount": null, "distance": null, "durationday": 2, "durationnight": 3, "datefrom": "2020-11-24", "dateto": "2020-11-27", "viewcount": 4, "avatar": "tour/avatar/open_top_london_bus_tour_640x360.jpg", "cover": "tour/cover/bmw_1_QO50MI0.jpg", "guide": "Mirvari", "status": 1, "rating": 4, "activated": true, "map_link": null}}, {"model": "tour.tour", "pk": 5, "fields": {"organizer": 4, "title": "tour 5", "keyword": null, "description": "Lorem Ipsum is simply dummy text of the printing and typesetting industry. Lorem Ipsum has been the industry's standard dummy text ever since the 1500s, when an unknown printer took a galley of type and scrambled it to make a type specimen book. It has survived not only five centuries,", "description_az": "Lorem Ipsum is simply dummy text of the printing and typesetting industry. Lorem Ipsum has been the industry's standard dummy text ever since the 1500s, when an unknown printer took a galley of type and scrambled it to make a type specimen book. It has survived not only five centuries,", "description_en": "Lorem Ipsum is simply dummy text of the printing and typesetting industry. Lorem Ipsum has been the industry's standard dummy text ever since the 1500s, when an unknown printer took a galley of type and scrambled it to make a type specimen book. It has survived not only five centuries,", "description_ru": null, "tour_type": 1, "country": "Turkey", "city": "Ankara", "address": "28 May Street", "price": 324, "pricefor": 1, "currency": "AZN", "discount": null, "distance": null, "durationday": 3, "durationnight": 4, "datefrom": "2020-11-16", "dateto": "2020-11-26", "viewcount": 6, "avatar": "tour/avatar/bmw_8SMqoBW.jpg", "cover": "tour/cover/big-cat_2zR20yC.jpg", "guide": "ruhin", "status": 1, "rating": 4, "activated": true, "map_link": null}}, {"model": "tour.tour", "pk": 6, "fields": {"organizer": 4, "title": "tour 6", "keyword": null, "description": "Lorem Ipsum is simply dummy text of the printing and typesetting industry. Lorem Ipsum has been the industry's standard dummy text ever since the 1500s, when an unknown printer took a galley of type and scrambled it to make a type specimen book. It has survived not only five centuries,", "description_az": "Lorem Ipsum is simply dummy text of the printing and typesetting industry. Lorem Ipsum has been the industry's standard dummy text ever since the 1500s, when an unknown printer took a galley of type and scrambled it to make a type specimen book. It has survived not only five centuries,", "description_en": "Lorem Ipsum is simply dummy text of the printing and typesetting industry. Lorem Ipsum has been the industry's standard dummy text ever since the 1500s, when an unknown printer took a galley of type and scrambled it to make a type specimen book. It has survived not only five centuries,", "description_ru": null, "tour_type": 1, "country": "Azerbaijan", "city": "Baku", "address": "Garabagh", "price": 23, "pricefor": 1, "currency": "AZN", "discount": 20, "distance": null, "durationday": 3, "durationnight": 4, "datefrom": "2020-11-16", "dateto": "2020-11-27", "viewcount": 5, "avatar": "tour/avatar/bmw_1.jpg", "cover": "tour/cover/big-cat_Xzrjdn8.jpg", "guide": "Mirvari", "status": 1, "rating": 3, "activated": true, "map_link": "https://www.google.com/maps/d/u/0/embed?mid=1AO8_s0SB_PgUR4Tzh9e4CCwNqwx2zSoP"}}, {"model": "tour.tour", "pk": 9, "fields": {"organizer": 1, "title": "tour 9 update", "keyword": null, "description": "Lorem Ipsum is simply dummy text of the printing and typesetting industry. Lorem Ipsum has been the industry's standard dummy text ever since the 1500s, when an unknown printer took a galley of type and scrambled it to make a type specimen book. It has survived not only five centuries, but also the leap into electronic typesetting, remaining essentially unchanged. It was popularised in the 1960s with the release", "description_az": "Lorem Ipsum is simply dummy text of the printing and typesetting industry. Lorem Ipsum has been the industry's standard dummy text ever since the 1500s, when an unknown printer took a galley of type and scrambled it to make a type specimen book. It has survived not only five centuries, but also the leap into electronic typesetting, remaining essentially unchanged. It was popularised in the 1960s with the release", "description_en": "Lorem Ipsum is simply dummy text of the printing and typesetting industry. Lorem Ipsum has been the industry's standard dummy text ever since the 1500s, when an unknown printer took a galley of type and scrambled it to make a type specimen book. It has survived not only five centuries, but also the leap into electronic typesetting, remaining essentially unchanged. It was popularised in the 1960s with the release", "description_ru": null, "tour_type": 1, "country": "Azerbaijan", "city": "Baku", "address": "28 May Street", "price": 22, "pricefor": 1, "currency": "AZN", "discount": 20, "distance": null, "durationday": 3, "durationnight": 4, "datefrom": "2021-02-18", "dateto": "2021-02-26", "viewcount": 5, "avatar": "tour/avatar/bmw_GxrGgru.jpg", "cover": "tour/cover/bmw_1_2g09f5d.jpg", "guide": "Mirvari", "status": 3, "rating": null, "activated": true, "map_link": "https://www.google.com/maps/d/u/0/embed?mid=1AO8_s0SB_PgUR4Tzh9e4CCwNqwx2zSoP"}}, {"model": "tour.tour", "pk": 10, "fields": {"organizer": 1, "title": "task 1", "keyword": null, "description": "Lorem Ipsum is simply dummy text of the printing and typesetting industry. Lorem Ipsum has been the industry's standard dummy text ever since the 1500s, when an unknown printer took a galley of type and scrambled it to make a type specimen book. It has survived not only five centuries, but also the leap into electronic typesetting, remaining essentially unchanged. It was popularised in the 1960s with the release", "description_az": "Lorem Ipsum is simply dummy text of the printing and typesetting industry. Lorem Ipsum has been the industry's standard dummy text ever since the 1500s, when an unknown printer took a galley of type and scrambled it to make a type specimen book. It has survived not only five centuries, but also the leap into electronic typesetting, remaining essentially unchanged. It was popularised in the 1960s with the release", "description_en": "Lorem Ipsum is simply dummy text of the printing and typesetting industry. Lorem Ipsum has been the industry's standard dummy text ever since the 1500s, when an unknown printer took a galley of type and scrambled it to make a type specimen book. It has survived not only five centuries, but also the leap into electronic typesetting, remaining essentially unchanged. It was popularised in the 1960s with the release", "description_ru": null, "tour_type": 1, "country": "Azerbaijan", "city": "Baku", "address": "28 May Street", "price": 22, "pricefor": 1, "currency": "AZN", "discount": null, "distance": null, "durationday": 3, "durationnight": 5, "datefrom": "2021-01-22", "dateto": "2021-01-26", "viewcount": 3, "avatar": "tour/avatar/activity-profile.jpg", "cover": "tour/cover/activity-cover.jpg", "guide": "Mirvari", "status": 3, "rating": null, "activated": true, "map_link": null}}, {"model": "tour.tour", "pk": 11, "fields": {"organizer": 1, "title": "task 2", "keyword": null, "description": "Lorem Ipsum is simply dummy text of the printing and typesetting industry. Lorem Ipsum has been the industry's standard dummy text ever since the 1500s, when an unknown printer took a galley of type and scrambled it to make a type specimen book. It has survived not only five centuries, but also the leap into electronic typesetting, remaining essentially unchanged. It was popularised in the 1960s with the release", "description_az": "Lorem Ipsum is simply dummy text of the printing and typesetting industry. Lorem Ipsum has been the industry's standard dummy text ever since the 1500s, when an unknown printer took a galley of type and scrambled it to make a type specimen book. It has survived not only five centuries, but also the leap into electronic typesetting, remaining essentially unchanged. It was popularised in the 1960s with the release", "description_en": "Lorem Ipsum is simply dummy text of the printing and typesetting industry. Lorem Ipsum has been the industry's standard dummy text ever since the 1500s, when an unknown printer took a galley of type and scrambled it to make a type specimen book. It has survived not only five centuries, but also the leap into electronic typesetting, remaining essentially unchanged. It was popularised in the 1960s with the release", "description_ru": null, "tour_type": 1, "country": "Azerbaijan", "city": "Baku", "address": "28 May Street", "price": 22, "pricefor": 1, "currency": "AZN", "discount": null, "distance": null, "durationday": null, "durationnight": null, "datefrom": "2021-01-28", "dateto": "2021-01-22", "viewcount": 2, "avatar": "", "cover": "", "guide": "Mirvari", "status": 3, "rating": null, "activated": false, "map_link": null}}, {"model": "tour.tour", "pk": 12, "fields": {"organizer": 1, "title": "test", "keyword": null, "description": "Lorem Ipsum is simply dummy text of the printing and typesetting industry. Lorem Ipsum has been the industry's standard dummy text ever since the 1500s, when an unknown printer took a galley of type and scrambled it to make a type specimen book. It has survived not only five centuries, but also the leap into electronic typesetting, remaining essentially unchanged. It was popularised in the 1960s with the release", "description_az": "Lorem Ipsum is simply dummy text of the printing and typesetting industry. Lorem Ipsum has been the industry's standard dummy text ever since the 1500s, when an unknown printer took a galley of type and scrambled it to make a type specimen book. It has survived not only five centuries, but also the leap into electronic typesetting, remaining essentially unchanged. It was popularised in the 1960s with the release", "description_en": "Lorem Ipsum is simply dummy text of the printing and typesetting industry. Lorem Ipsum has been the industry's standard dummy text ever since the 1500s, when an unknown printer took a galley of type and scrambled it to make a type specimen book. It has survived not only five centuries, but also the leap into electronic typesetting, remaining essentially unchanged. It was popularised in the 1960s with the release", "description_ru": null, "tour_type": 1, "country": "Azerbaijan", "city": "Baku", "address": "28 May Street", "price": 22, "pricefor": 1, "currency": "AZN", "discount": null, "distance": null, "durationday": 2, "durationnight": 3, "datefrom": "2021-01-13", "dateto": "2021-01-22", "viewcount": 1, "avatar": "tour/avatar/bmw_4GCwESk.jpg", "cover": "tour/cover/dark-road.jpg", "guide": "Mirvari", "status": 2, "rating": null, "activated": false, "map_link": "https://www.google.com/maps/d/u/0/embed?mid=1AO8_s0SB_PgUR4Tzh9e4CCwNqwx2zSoP"}}, {"model": "tour.tour", "pk": 13, "fields": {"organizer": 1, "title": "test 2", "keyword": null, "description": "Lorem Ipsum is simply dummy text of the printing and typesetting industry. Lorem Ipsum has been the industry's standard dummy text ever since the 1500s, when an unknown printer took a galley of type and scrambled it to make a type specimen book. It has survived not only five centuries, but also the leap into electronic typesetting, remaining essentially unchanged. It was popularised in the 1960s with the release", "description_az": "Lorem Ipsum is simply dummy text of the printing and typesetting industry. Lorem Ipsum has been the industry's standard dummy text ever since the 1500s, when an unknown printer took a galley of type and scrambled it to make a type specimen book. It has survived not only five centuries, but also the leap into electronic typesetting, remaining essentially unchanged. It was popularised in the 1960s with the release", "description_en": "Lorem Ipsum is simply dummy text of the printing and typesetting industry. Lorem Ipsum has been the industry's standard dummy text ever since the 1500s, when an unknown printer took a galley of type and scrambled it to make a type specimen book. It has survived not only five centuries, but also the leap into electronic typesetting, remaining essentially unchanged. It was popularised in the 1960s with the release", "description_ru": null, "tour_type": 1, "country": "Azerbaijan", "city": "Baku", "address": "28 May Street", "price": 22, "pricefor": 1, "currency": "AZN", "discount": null, "distance": null, "durationday": null, "durationnight": null, "datefrom": "2021-01-14", "dateto": "2021-01-13", "viewcount": 0, "avatar": "", "cover": "", "guide": "Mirvari", "status": 2, "rating": null, "activated": false, "map_link": "https://www.google.com/maps/d/u/0/embed?mid=1AO8_s0SB_PgUR4Tzh9e4CCwNqwx2zSoP"}}, {"model": "tour.tour", "pk": 14, "fields": {"organizer": 1, "title": "test 3", "keyword": null, "description": "Lorem Ipsum is simply dummy text of the printing and typesetting industry. Lorem Ipsum has been the industry's standard dummy text ever since the 1500s, when an unknown printer took a galley of type and scrambled it to make a type specimen book. It has survived not only five centuries, but also the leap into electronic typesetting, remaining essentially unchanged. It was popularised in the 1960s with the release", "description_az": "Lorem Ipsum is simply dummy text of the printing and typesetting industry. Lorem Ipsum has been the industry's standard dummy text ever since the 1500s, when an unknown printer took a galley of type and scrambled it to make a type specimen book. It has survived not only five centuries, but also the leap into electronic typesetting, remaining essentially unchanged. It was popularised in the 1960s with the release", "description_en": "Lorem Ipsum is simply dummy text of the printing and typesetting industry. Lorem Ipsum has been the industry's standard dummy text ever since the 1500s, when an unknown printer took a galley of type and scrambled it to make a type specimen book. It has survived not only five centuries, but also the leap into electronic typesetting, remaining essentially unchanged. It was popularised in the 1960s with the release", "description_ru": null, "tour_type": 1, "country": "Turkey", "city": "Ankara", "address": "28 May Street", "price": 200, "pricefor": 1, "currency": "AZN", "discount": 20, "distance": null, "durationday": 2, "durationnight": 3, "datefrom": "2021-01-13", "dateto": "2021-01-21", "viewcount": 3, "avatar": "tour/avatar/activity-profile_SNxO0oS.jpg", "cover": "tour/cover/activity-cover_uHmGKRL.jpg", "guide": "Mirvari", "status": 3, "rating": null, "activated": true, "map_link": "https://www.google.com/maps/d/u/0/embed?mid=1AO8_s0SB_PgUR4Tzh9e4CCwNqwx2zSoP"}}, {"model": "tour.tour", "pk": 15, "fields": {"organizer": 1, "title": "test 4", "keyword": null, "description": "Lorem Ipsum is simply dummy text of the printing and typesetting industry. Lorem Ipsum has been the industry's standard dummy text ever since the 1500s, when an unknown printer took a galley of type and scrambled it to make a type specimen book. It has survived not only five centuries, but also the leap into electronic typesetting, remaining essentially unchanged. It was popularised in the 1960s with the release", "description_az": "Lorem Ipsum is simply dummy text of the printing and typesetting industry. Lorem Ipsum has been the industry's standard dummy text ever since the 1500s, when an unknown printer took a galley of type and scrambled it to make a type specimen book. It has survived not only five centuries, but also the leap into electronic typesetting, remaining essentially unchanged. It was popularised in the 1960s with the release", "description_en": "Lorem Ipsum is simply dummy text of the printing and typesetting industry. Lorem Ipsum has been the industry's standard dummy text ever since the 1500s, when an unknown printer took a galley of type and scrambled it to make a type specimen book. It has survived not only five centuries, but also the leap into electronic typesetting, remaining essentially unchanged. It was popularised in the 1960s with the release", "description_ru": null, "tour_type": 1, "country": "Pakistan", "city": "Baku", "address": "28 May Street", "price": 22, "pricefor": 1, "currency": "AZN", "discount": null, "distance": null, "durationday": null, "durationnight": null, "datefrom": "2021-01-20", "dateto": "2021-01-30", "viewcount": 0, "avatar": "", "cover": "", "guide": "Mirvari", "status": 2, "rating": null, "activated": false, "map_link": "https://www.google.com/maps/d/u/0/embed?mid=1AO8_s0SB_PgUR4Tzh9e4CCwNqwx2zSoP"}}, {"model": "tour.tour", "pk": 16, "fields": {"organizer": 1, "title": "test 5", "keyword": null, "description": "Lorem Ipsum is simply dummy text of the printing and typesetting industry. Lorem Ipsum has been the industry's standard dummy text ever since the 1500s, when an unknown printer took a galley of type and scrambled it to make a type specimen book. It has survived not only five centuries, but also the leap into electronic typesetting, remaining essentially unchanged. It was popularised in the 1960s with the release", "description_az": "Lorem Ipsum is simply dummy text of the printing and typesetting industry. Lorem Ipsum has been the industry's standard dummy text ever since the 1500s, when an unknown printer took a galley of type and scrambled it to make a type specimen book. It has survived not only five centuries, but also the leap into electronic typesetting, remaining essentially unchanged. It was popularised in the 1960s with the release", "description_en": "Lorem Ipsum is simply dummy text of the printing and typesetting industry. Lorem Ipsum has been the industry's standard dummy text ever since the 1500s, when an unknown printer took a galley of type and scrambled it to make a type specimen book. It has survived not only five centuries, but also the leap into electronic typesetting, remaining essentially unchanged. It was popularised in the 1960s with the release", "description_ru": null, "tour_type": 1, "country": "Turkey", "city": "Baku", "address": "Garabagh", "price": 22, "pricefor": 1, "currency": "AZN", "discount": null, "distance": null, "durationday": null, "durationnight": null, "datefrom": "2021-01-21", "dateto": "2021-01-29", "viewcount": 1, "avatar": "", "cover": "", "guide": "Mirvari", "status": 3, "rating": null, "activated": false, "map_link": "https://www.google.com/maps/d/u/0/embed?mid=1AO8_s0SB_PgUR4Tzh9e4CCwNqwx2zSoP"}}, {"model": "tour.tour", "pk": 17, "fields": {"organizer": 1, "title": "test 6", "keyword": null, "description": "Lorem Ipsum is simply dummy text of the printing and typesetting industry. Lorem Ipsum has been the industry's standard dummy text ever since the 1500s, when an unknown printer took a galley of type and scrambled it to make a type specimen book. It has survived not only five centuries, but also the leap into electronic typesetting, remaining essentially unchanged. It was popularised in the 1960s with the release", "description_az": "Lorem Ipsum is simply dummy text of the printing and typesetting industry. Lorem Ipsum has been the industry's standard dummy text ever since the 1500s, when an unknown printer took a galley of type and scrambled it to make a type specimen book. It has survived not only five centuries, but also the leap into electronic typesetting, remaining essentially unchanged. It was popularised in the 1960s with the release", "description_en": "Lorem Ipsum is simply dummy text of the printing and typesetting industry. Lorem Ipsum has been the industry's standard dummy text ever since the 1500s, when an unknown printer took a galley of type and scrambled it to make a type specimen book. It has survived not only five centuries, but also the leap into electronic typesetting, remaining essentially unchanged. It was popularised in the 1960s with the release", "description_ru": null, "tour_type": 1, "country": "Azerbaijan", "city": "Baku", "address": "28 May Street", "price": 22, "pricefor": 1, "currency": "AZN", "discount": null, "distance": null, "durationday": 3, "durationnight": 3, "datefrom": "2021-01-26", "dateto": "2021-02-01", "viewcount": 0, "avatar": "", "cover": "", "guide": "Mirvari", "status": 2, "rating": null, "activated": false, "map_link": "https://www.google.com/maps/d/u/0/embed?mid=1AO8_s0SB_PgUR4Tzh9e4CCwNqwx2zSoP"}}, {"model": "tour.tour", "pk": 18, "fields": {"organizer": 1, "title": "test 7", "keyword": null, "description": "Lorem Ipsum is simply dummy text of the printing and typesetting industry. Lorem Ipsum has been the industry's standard dummy text ever since the 1500s, when an unknown printer took a galley of type and scrambled it to make a type specimen book. It has survived not only five centuries, but also the leap into electronic typesetting, remaining essentially unchanged. It was popularised in the 1960s with the release", "description_az": "Lorem Ipsum is simply dummy text of the printing and typesetting industry. Lorem Ipsum has been the industry's standard dummy text ever since the 1500s, when an unknown printer took a galley of type and scrambled it to make a type specimen book. It has survived not only five centuries, but also the leap into electronic typesetting, remaining essentially unchanged. It was popularised in the 1960s with the release", "description_en": "Lorem Ipsum is simply dummy text of the printing and typesetting industry. Lorem Ipsum has been the industry's standard dummy text ever since the 1500s, when an unknown printer took a galley of type and scrambled it to make a type specimen book. It has survived not only five centuries, but also the leap into electronic typesetting, remaining essentially unchanged. It was popularised in the 1960s with the release", "description_ru": null, "tour_type": 1, "country": "Azerbaijan", "city": "Baku", "address": "28 May Street", "price": 22, "pricefor": 5, "currency": "AZN", "discount": null, "distance": null, "durationday": 2, "durationnight": 3, "datefrom": "2021-01-27", "dateto": "2021-01-29", "viewcount": 3, "avatar": "tour/avatar/AdobeStock_66932447_qbopNZI.jpeg", "cover": "tour/cover/bmw_tKyhOXG.jpg", "guide": "Mirvari", "status": 1, "rating": null, "activated": true, "map_link": "https://www.google.com/maps/d/u/0/embed?mid=1AO8_s0SB_PgUR4Tzh9e4CCwNqwx2zSoP"}}, {"model": "tour.tour", "pk": 19, "fields": {"organizer": 1, "title": "test 9", "keyword": null, "description": "Lorem Ipsum is simply dummy text of the printing and typesetting industry. Lorem Ipsum has been the industry's standard dummy text ever since the 1500s, when an unknown printer took a galley of type and scrambled it to make a type specimen book. It has survived not only five centuries, but also the leap into electronic typesetting, remaining essentially unchanged. It was popularised in the 1960s with the release", "description_az": "Lorem Ipsum is simply dummy text of the printing and typesetting industry. Lorem Ipsum has been the industry's standard dummy text ever since the 1500s, when an unknown printer took a galley of type and scrambled it to make a type specimen book. It has survived not only five centuries, but also the leap into electronic typesetting, remaining essentially unchanged. It was popularised in the 1960s with the release", "description_en": "Lorem Ipsum is simply dummy text of the printing and typesetting industry. Lorem Ipsum has been the industry's standard dummy text ever since the 1500s, when an unknown printer took a galley of type and scrambled it to make a type specimen book. It has survived not only five centuries, but also the leap into electronic typesetting, remaining essentially unchanged. It was popularised in the 1960s with the release", "description_ru": null, "tour_type": 1, "country": "Turkey", "city": "Baku", "address": "28 May Street", "price": 22, "pricefor": 1, "currency": "AZN", "discount": null, "distance": null, "durationday": null, "durationnight": null, "datefrom": "2021-01-25", "dateto": "2021-01-29", "viewcount": 0, "avatar": "", "cover": "", "guide": "Mirvari", "status": 2, "rating": null, "activated": false, "map_link": "https://www.google.com/maps/d/u/0/embed?mid=1AO8_s0SB_PgUR4Tzh9e4CCwNqwx2zSoP"}}, {"model": "tour.tour", "pk": 21, "fields": {"organizer": 1, "title": "test 11", "keyword": null, "description": "Lorem Ipsum is simply dummy text of the printing and typesetting industry. Lorem Ipsum has been the industry's standard dummy text ever since the 1500s, when an unknown printer took a galley of type and scrambled it to make a type specimen book. It has survived not only five centuries, but also the leap into electronic typesetting, remaining essentially unchanged. It was popularised in the 1960s with the release", "description_az": "Lorem Ipsum is simply dummy text of the printing and typesetting industry. Lorem Ipsum has been the industry's standard dummy text ever since the 1500s, when an unknown printer took a galley of type and scrambled it to make a type specimen book. It has survived not only five centuries, but also the leap into electronic typesetting, remaining essentially unchanged. It was popularised in the 1960s with the release", "description_en": "Lorem Ipsum is simply dummy text of the printing and typesetting industry. Lorem Ipsum has been the industry's standard dummy text ever since the 1500s, when an unknown printer took a galley of type and scrambled it to make a type specimen book. It has survived not only five centuries, but also the leap into electronic typesetting, remaining essentially unchanged. It was popularised in the 1960s with the release", "description_ru": null, "tour_type": 1, "country": "Azerbaijan", "city": "Baku", "address": "28 May Street", "price": 22, "pricefor": 1, "currency": "AZN", "discount": null, "distance": null, "durationday": null, "durationnight": null, "datefrom": "2021-01-19", "dateto": "2021-01-30", "viewcount": 0, "avatar": "", "cover": "", "guide": "Mirvari", "status": 2, "rating": null, "activated": false, "map_link": "https://www.google.com/maps/d/u/0/embed?mid=1AO8_s0SB_PgUR4Tzh9e4CCwNqwx2zSoP"}}, {"model": "tour.tour", "pk": 22, "fields": {"organizer": 1, "title": "test 12", "keyword": null, "description": "Lorem Ipsum is simply dummy text of the printing and typesetting industry. Lorem Ipsum has been the industry's standard dummy text ever since the 1500s, when an unknown printer took a galley of type and scrambled it to make a type specimen book. It has survived not only five centuries, but also the leap into electronic typesetting, remaining essentially unchanged. It was popularised in the 1960s with the release", "description_az": "Lorem Ipsum is simply dummy text of the printing and typesetting industry. Lorem Ipsum has been the industry's standard dummy text ever since the 1500s, when an unknown printer took a galley of type and scrambled it to make a type specimen book. It has survived not only five centuries, but also the leap into electronic typesetting, remaining essentially unchanged. It was popularised in the 1960s with the release", "description_en": "Lorem Ipsum is simply dummy text of the printing and typesetting industry. Lorem Ipsum has been the industry's standard dummy text ever since the 1500s, when an unknown printer took a galley of type and scrambled it to make a type specimen book. It has survived not only five centuries, but also the leap into electronic typesetting, remaining essentially unchanged. It was popularised in the 1960s with the release", "description_ru": null, "tour_type": 1, "country": "Azerbaijan", "city": "Baku", "address": "28 May Street", "price": 22, "pricefor": 1, "currency": "AZN", "discount": null, "distance": null, "durationday": null, "durationnight": null, "datefrom": "2021-01-12", "dateto": "2021-01-30", "viewcount": 0, "avatar": "", "cover": "", "guide": "Mirvari", "status": 2, "rating": null, "activated": false, "map_link": "https://www.google.com/maps/d/u/0/embed?mid=1AO8_s0SB_PgUR4Tzh9e4CCwNqwx2zSoP"}}, {"model": "tour.tour", "pk": 24, "fields": {"organizer": 1, "title": "test 13", "keyword": null, "description": "Lorem Ipsum is simply dummy text of the printing and typesetting industry. Lorem Ipsum has been the industry's standard dummy text ever since the 1500s, when an unknown printer took a galley of type and scrambled it to make a type specimen book. It has survived not only five centuries, but also the leap into electronic typesetting, remaining essentially unchanged. It was popularised in the 1960s with the release", "description_az": "Lorem Ipsum is simply dummy text of the printing and typesetting industry. Lorem Ipsum has been the industry's standard dummy text ever since the 1500s, when an unknown printer took a galley of type and scrambled it to make a type specimen book. It has survived not only five centuries, but also the leap into electronic typesetting, remaining essentially unchanged. It was popularised in the 1960s with the release", "description_en": "Lorem Ipsum is simply dummy text of the printing and typesetting industry. Lorem Ipsum has been the industry's standard dummy text ever since the 1500s, when an unknown printer took a galley of type and scrambled it to make a type specimen book. It has survived not only five centuries, but also the leap into electronic typesetting, remaining essentially unchanged. It was popularised in the 1960s with the release", "description_ru": null, "tour_type": 1, "country": "Azerbaijan", "city": "Baku", "address": "28 May Street", "price": 22, "pricefor": 1, "currency": "AZN", "discount": null, "distance": null, "durationday": null, "durationnight": null, "datefrom": "2021-01-29", "dateto": "2021-01-29", "viewcount": 0, "avatar": "", "cover": "", "guide": "Mirvari", "status": 2, "rating": null, "activated": false, "map_link": "https://www.google.com/maps/d/u/0/embed?mid=1AO8_s0SB_PgUR4Tzh9e4CCwNqwx2zSoP"}}, {"model": "tour.tour", "pk": 25, "fields": {"organizer": 1, "title": "test 14", "keyword": null, "description": "Lorem Ipsum is simply dummy text of the printing and typesetting industry. Lorem Ipsum has been the industry's standard dummy text ever since the 1500s, when an unknown printer took a galley of type and scrambled it to make a type specimen book. It has survived not only five centuries, but also the leap into electronic typesetting, remaining essentially unchanged. It was popularised in the 1960s with the release", "description_az": "Lorem Ipsum is simply dummy text of the printing and typesetting industry. Lorem Ipsum has been the industry's standard dummy text ever since the 1500s, when an unknown printer took a galley of type and scrambled it to make a type specimen book. It has survived not only five centuries, but also the leap into electronic typesetting, remaining essentially unchanged. It was popularised in the 1960s with the release", "description_en": "Lorem Ipsum is simply dummy text of the printing and typesetting industry. Lorem Ipsum has been the industry's standard dummy text ever since the 1500s, when an unknown printer took a galley of type and scrambled it to make a type specimen book. It has survived not only five centuries, but also the leap into electronic typesetting, remaining essentially unchanged. It was popularised in the 1960s with the release", "description_ru": null, "tour_type": 1, "country": "Turkey", "city": "Baku", "address": "28 May Street", "price": 22, "pricefor": 1, "currency": "AZN", "discount": null, "distance": null, "durationday": null, "durationnight": null, "datefrom": "2021-01-25", "dateto": "2021-01-30", "viewcount": 0, "avatar": "", "cover": "", "guide": "Mirvari", "status": 2, "rating": null, "activated": false, "map_link": "https://www.google.com/maps/d/u/0/embed?mid=1AO8_s0SB_PgUR4Tzh9e4CCwNqwx2zSoP"}}, {"model": "tour.tour", "pk": 26, "fields": {"organizer": 1, "title": "test 15", "keyword": null, "description": "Tour Description in Russia:", "description_az": "Tour Description in Engilsh:", "description_en": "Tour Description in Russia:", "description_ru": null, "tour_type": 1, "country": "Azerbaijan", "city": "Baku", "address": "28 May Street", "price": 22, "pricefor": 1, "currency": "AZN", "discount": null, "distance": null, "durationday": null, "durationnight": null, "datefrom": "2021-01-20", "dateto": "2021-01-29", "viewcount": 0, "avatar": "", "cover": "", "guide": "Mirvari", "status": 2, "rating": null, "activated": false, "map_link": "https://www.google.com/maps/d/u/0/embed?mid=1AO8_s0SB_PgUR4Tzh9e4CCwNqwx2zSoP"}}, {"model": "tour.tour", "pk": 27, "fields": {"organizer": 1, "title": "test 15", "keyword": null, "description": "Tour Description in Russia:", "description_az": "Tour Description in Engilsh:", "description_en": "Tour Description in Russia:", "description_ru": null, "tour_type": 1, "country": "Azerbaijan", "city": "Baku", "address": "28 May Street", "price": 22, "pricefor": 1, "currency": "AZN", "discount": null, "distance": null, "durationday": null, "durationnight": null, "datefrom": "2021-01-20", "dateto": "2021-01-29", "viewcount": 0, "avatar": "", "cover": "", "guide": "Mirvari", "status": 2, "rating": null, "activated": false, "map_link": "https://www.google.com/maps/d/u/0/embed?mid=1AO8_s0SB_PgUR4Tzh9e4CCwNqwx2zSoP"}}, {"model": "tour.tour", "pk": 28, "fields": {"organizer": 1, "title": "test 16", "keyword": null, "description": "Tour Description in Russia:", "description_az": "Tour Description in Engilsh:", "description_en": "Tour Description in Russia:", "description_ru": null, "tour_type": 1, "country": "Azerbaijan", "city": "Baku", "address": "28 May Street", "price": 22, "pricefor": 1, "currency": "AZN", "discount": null, "distance": null, "durationday": null, "durationnight": null, "datefrom": "2021-01-18", "dateto": "2021-01-29", "viewcount": 1, "avatar": "", "cover": "", "guide": "ruhin", "status": 2, "rating": null, "activated": false, "map_link": "https://www.google.com/maps/d/u/0/embed?mid=1AO8_s0SB_PgUR4Tzh9e4CCwNqwx2zSoP"}}, {"model": "tour.tour", "pk": 29, "fields": {"organizer": 1, "title": "test 17", "keyword": null, "description": "Tour Description in Russia:", "description_az": "Tour Description in Engilsh:", "description_en": "Tour Description in Russia:", "description_ru": null, "tour_type": 1, "country": "Azerbaijan", "city": "Baku", "address": "28 May Street", "price": 22, "pricefor": 1, "currency": "AZN", "discount": null, "distance": null, "durationday": null, "durationnight": null, "datefrom": "2021-01-20", "dateto": "2021-01-27", "viewcount": 0, "avatar": "", "cover": "", "guide": "Mirvari", "status": 2, "rating": null, "activated": false, "map_link": "https://www.google.com/maps/d/u/0/embed?mid=1AO8_s0SB_PgUR4Tzh9e4CCwNqwx2zSoP"}}, {"model": "tour.tour", "pk": 30, "fields": {"organizer": 3, "title": "test 18", "keyword": null, "description": "Tour Description in Russia:", "description_az": "Tour Description in Engilsh:", "description_en": "Tour Description in Russia:", "description_ru": null, "tour_type": 1, "country": "Azerbaijan", "city": "Baku", "address": "28 May Street", "price": 22, "pricefor": 1, "currency": "AZN", "discount": null, "distance": null, "durationday": null, "durationnight": null, "datefrom": "2001-12-12", "dateto": "2001-12-12", "viewcount": 1, "avatar": "", "cover": "", "guide": "ruhin", "status": 4, "rating": null, "activated": true, "map_link": "https://www.google.com/maps/d/u/0/embed?mid=1AO8_s0SB_PgUR4Tzh9e4CCwNqwx2zSoP"}}, {"model": "tour.tour", "pk": 31, "fields": {"organizer": 1, "title": "test 10", "keyword": null, "description": "Lorem Ipsum is simply dummy text of the printing and typesetting industry. Lorem Ipsum has been the industry's standard dummy text ever since the 1500s, when an unknown printer took a galley of type and scrambled it to make a type specimen book. It has survived not only five centuries, but also the leap into electronic typesetting, remaining essentially unchanged. It was popularised in the 1960s with the release", "description_az": "Lorem Ipsum is simply dummy text of the printing and typesetting industry. Lorem Ipsum has been the industry's standard dummy text ever since the 1500s, when an unknown printer took a galley of type and scrambled it to make a type specimen book. It has survived not only five centuries, but also the leap into electronic typesetting, remaining essentially unchanged. It was popularised in the 1960s with the release", "description_en": "Lorem Ipsum is simply dummy text of the printing and typesetting industry. Lorem Ipsum has been the industry's standard dummy text ever since the 1500s, when an unknown printer took a galley of type and scrambled it to make a type specimen book. It has survived not only five centuries, but also the leap into electronic typesetting, remaining essentially unchanged. It was popularised in the 1960s with the release", "description_ru": null, "tour_type": 1, "country": "Azerbaijan", "city": "Baku", "address": "28 May Street", "price": 22, "pricefor": 1, "currency": "AZN", "discount": null, "distance": null, "durationday": null, "durationnight": null, "datefrom": "2021-01-13", "dateto": "2021-01-22", "viewcount": 0, "avatar": "", "cover": "", "guide": "Mirvari", "status": 2, "rating": null, "activated": false, "map_link": "https://www.google.com/maps/d/u/0/embed?mid=1AO8_s0SB_PgUR4Tzh9e4CCwNqwx2zSoP"}}, {"model": "tour.tour", "pk": 33, "fields": {"organizer": 1, "title": "task 1", "keyword": null, "description": "Tour Description in Russia:", "description_az": "Tour Description in Engilsh:", "description_en": "Tour Description in Russia:", "description_ru": null, "tour_type": 1, "country": "Azerbaijan", "city": "Baku", "address": "28 May Street", "price": 22, "pricefor": 1, "currency": "AZN", "discount": null, "distance": null, "durationday": 2, "durationnight": 3, "datefrom": "2021-01-18", "dateto": "2021-01-29", "viewcount": 1, "avatar": "tour/avatar/open_top_london_bus_tour_640x360_AdlRbzc.jpg", "cover": "tour/cover/react.jpg", "guide": "Mirvari", "status": 4, "rating": null, "activated": true, "map_link": "https://www.google.com/maps/d/u/0/embed?mid=1AO8_s0SB_PgUR4Tzh9e4CCwNqwx2zSoP"}}, {"model": "tour.tour", "pk": 34, "fields": {"organizer": 1, "title": "new test", "keyword": null, "description": "Lorem Ipsum is simply dummy text of the printing and typesetting industry. Lorem Ipsum has been the industry's standard dummy text ever since the 1500s, when an unknown printer took a galley of type and scrambled it to make a type specimen book. It has survived not only five centuries,", "description_az": "Lorem Ipsum is simply dummy text of the printing and typesetting industry. Lorem Ipsum has been the industry's standard dummy text ever since the 1500s, when an unknown printer took a galley of type and scrambled it to make a type specimen book. It has survived not only five centuries,", "description_en": "Lorem Ipsum is simply dummy text of the printing and typesetting industry. Lorem Ipsum has been the industry's standard dummy text ever since the 1500s, when an unknown printer took a galley of type and scrambled it to make a type specimen book. It has survived not only five centuries,", "description_ru": null, "tour_type": 1, "country": "Azerbaijan", "city": "Baku", "address": "28 May Street", "price": 22, "pricefor": 1, "currency": "AZN", "discount": null, "distance": null, "durationday": null, "durationnight": null, "datefrom": "2021-02-15", "dateto": "2021-02-26", "viewcount": 4, "avatar": "tour/avatar/bmw_1_xxmObBi.jpg", "cover": "tour/cover/big-cat_36dqAKm.jpg", "guide": "Mirvari", "status": 1, "rating": null, "activated": true, "map_link": "https://www.google.com/maps/d/u/0/embed?mid=1AO8_s0SB_PgUR4Tzh9e4CCwNqwx2zSoP"}}, {"model": "tour.tour", "pk": 35, "fields": {"organizer": 1, "title": "task 1", "keyword": null, "description": "aefewsfdew", "description_az": "arsdfewf", "description_en": "aefewsfdew", "description_ru": null, "tour_type": 1, "country": "Azerbaijan", "city": "Baku", "address": "28 May Street", "price": 22, "pricefor": 1, "currency": "AZN", "discount": null, "distance": null, "durationday": null, "durationnight": null, "datefrom": "2021-02-17", "dateto": "2021-03-06", "viewcount": 0, "avatar": "", "cover": "", "guide": "ruhin", "status": 2, "rating": null, "activated": false, "map_link": null}}, {"model": "tour.tour", "pk": 36, "fields": {"organizer": 1, "title": "task 1", "keyword": null, "description": "aefewsfdew", "description_az": "arsdfewf", "description_en": "aefewsfdew", "description_ru": null, "tour_type": 1, "country": "Azerbaijan", "city": "Baku", "address": "28 May Street", "price": 22, "pricefor": 1, "currency": "AZN", "discount": null, "distance": null, "durationday": null, "durationnight": null, "datefrom": "2021-02-17", "dateto": "2021-03-06", "viewcount": 0, "avatar": "", "cover": "", "guide": "ruhin", "status": 2, "rating": null, "activated": false, "map_link": null}}, {"model": "tour.tour", "pk": 37, "fields": {"organizer": 1, "title": "task 1", "keyword": null, "description": "3otijq34rnj3", "description_az": "3otijq34rnj3", "description_en": "3otijq34rnj3", "description_ru": null, "tour_type": 1, "country": "Turkey", "city": "Baku", "address": "28 May Street", "price": 22, "pricefor": 1, "currency": "AZN", "discount": null, "distance": null, "durationday": null, "durationnight": null, "datefrom": "2021-02-25", "dateto": "2021-02-27", "viewcount": 0, "avatar": "", "cover": "", "guide": "Mirvari", "status": 2, "rating": null, "activated": false, "map_link": null}}, {"model": "tour.tour", "pk": 38, "fields": {"organizer": 1, "title": "task 1", "keyword": null, "description": "kjwqkjwnfjlkqwefnkjewf", "description_az": "kjwqkjwnfjlkqwefnkjewf", "description_en": "kjwqkjwnfjlkqwefnkjewf", "description_ru": null, "tour_type": 1, "country": "Azerbaijan", "city": "Baku", "address": "28 May Street", "price": 22, "pricefor": 1, "currency": "AZN", "discount": null, "distance": null, "durationday": null, "durationnight": null, "datefrom": null, "dateto": null, "viewcount": 0, "avatar": "", "cover": "", "guide": "ruhin", "status": 2, "rating": null, "activated": false, "map_link": null}}, {"model": "tour.tour", "pk": 39, "fields": {"organizer": 1, "title": "story 1", "keyword": null, "description": "utcfvgubjyhkilokpijuygf", "description_az": "utcfvgubjyhkilokpijuygf", "description_en": "utcfvgubjyhkilokpijuygf", "description_ru": null, "tour_type": 1, "country": "Azerbaijan", "city": "Baku", "address": "28 May Street", "price": 22, "pricefor": 1, "currency": "AZN", "discount": null, "distance": null, "durationday": null, "durationnight": null, "datefrom": null, "dateto": null, "viewcount": 0, "avatar": "", "cover": "", "guide": "ruhin", "status": 2, "rating": null, "activated": false, "map_link": null}}, {"model": "tour.tour", "pk": 40, "fields": {"organizer": 1, "title": "task 1", "keyword": null, "description": "kjenrfjwkenfsewfn", "description_az": "kjenrfjwkenfsewfn", "description_en": "kjenrfjwkenfsewfn", "description_ru": null, "tour_type": 1, "country": "Azerbaijan", "city": "Baku", "address": "28 May Street", "price": 22, "pricefor": 1, "currency": "AZN", "discount": null, "distance": null, "durationday": null, "durationnight": null, "datefrom": null, "dateto": null, "viewcount": 0, "avatar": "", "cover": "", "guide": "ruhin", "status": 2, "rating": null, "activated": false, "map_link": null}}, {"model": "tour.tour", "pk": 41, "fields": {"organizer": 1, "title": "task 1", "keyword": null, "description": "kjneargrofjkqwnf", "description_az": "kjneargrofjkqwnf", "description_en": "kjneargrofjkqwnf", "description_ru": null, "tour_type": 1, "country": "Azerbaijan", "city": "Ankara", "address": "28 May Street", "price": 22, "pricefor": 1, "currency": "AZN", "discount": null, "distance": null, "durationday": null, "durationnight": null, "datefrom": null, "dateto": null, "viewcount": 1, "avatar": "", "cover": "", "guide": "ruhin", "status": 1, "rating": null, "activated": true, "map_link": null}}, {"model": "tour.tour", "pk": 42, "fields": {"organizer": 1, "title": "task 1", "keyword": null, "description": "pqemrgvqerkvlnmermegrklwvkr", "description_az": "pqemrgvqerkvlnmermegrklwvkr", "description_en": "pqemrgvqerkvlnmermegrklwvkr", "description_ru": null, "tour_type": 1, "country": "Azerbaijan", "city": "Baku", "address": "28 May Street", "price": 22, "pricefor": 1, "currency": "AZN", "discount": null, "distance": null, "durationday": null, "durationnight": null, "datefrom": "2021-02-24", "dateto": "2021-02-27", "viewcount": 0, "avatar": "", "cover": "", "guide": "ruhin", "status": 2, "rating": null, "activated": false, "map_link": null}}, {"model": "tour.tour", "pk": 43, "fields": {"organizer": 1, "title": "task 1", "keyword": null, "description": "pqemrgvqerkvlnmermegrklwvkr", "description_az": "pqemrgvqerkvlnmermegrklwvkr", "description_en": "pqemrgvqerkvlnmermegrklwvkr", "description_ru": null, "tour_type": 1, "country": "Azerbaijan", "city": "Baku", "address": "28 May Street", "price": 22, "pricefor": 1, "currency": "AZN", "discount": null, "distance": null, "durationday": null, "durationnight": null, "datefrom": "2021-02-24", "dateto": "2021-02-27", "viewcount": 0, "avatar": "", "cover": "", "guide": "ruhin", "status": 2, "rating": null, "activated": false, "map_link": null}}, {"model": "tour.tour", "pk": 44, "fields": {"organizer": 1, "title": "task 1", "keyword": null, "description": "pqemrgvqerkvlnmermegrklwvkr", "description_az": "pqemrgvqerkvlnmermegrklwvkr", "description_en": "pqemrgvqerkvlnmermegrklwvkr", "description_ru": null, "tour_type": 1, "country": "Azerbaijan", "city": "Baku", "address": "28 May Street", "price": 22, "pricefor": 1, "currency": "AZN", "discount": null, "distance": null, "durationday": null, "durationnight": null, "datefrom": "2021-02-24", "dateto": "2021-02-27", "viewcount": 0, "avatar": "", "cover": "", "guide": "ruhin", "status": 2, "rating": null, "activated": false, "map_link": null}}, {"model": "tour.tour", "pk": 45, "fields": {"organizer": 1, "title": "task 1", "keyword": null, "description": "kmwrrgflkemwf,.ewkm", "description_az": "kmwrrgflkemwf,.ewkm", "description_en": "kmwrrgflkemwf,.ewkm", "description_ru": null, "tour_type": 1, "country": "Azerbaijan", "city": "Baku", "address": "28 May Street", "price": 22, "pricefor": 1, "currency": "AZN", "discount": null, "distance": null, "durationday": null, "durationnight": null, "datefrom": "2021-03-02", "dateto": "2021-02-25", "viewcount": 0, "avatar": "", "cover": "", "guide": "Mirvari", "status": 2, "rating": null, "activated": false, "map_link": null}}, {"model": "tour.tour", "pk": 46, "fields": {"organizer": 1, "title": "task 1", "keyword": null, "description": "kmwrrgflkemwf,.ewkm", "description_az": "kmwrrgflkemwf,.ewkm", "description_en": "kmwrrgflkemwf,.ewkm", "description_ru": null, "tour_type": 1, "country": "Azerbaijan", "city": "Baku", "address": "28 May Street", "price": 22, "pricefor": 1, "currency": "AZN", "discount": null, "distance": null, "durationday": null, "durationnight": null, "datefrom": "2021-03-02", "dateto": "2021-02-25", "viewcount": 0, "avatar": "", "cover": "", "guide": "Mirvari", "status": 2, "rating": null, "activated": false, "map_link": null}}, {"model": "tour.tour", "pk": 47, "fields": {"organizer": 1, "title": "task 1", "keyword": null, "description": "kmwrrgflkemwf,.ewkm", "description_az": "kmwrrgflkemwf,.ewkm", "description_en": "kmwrrgflkemwf,.ewkm", "description_ru": null, "tour_type": 1, "country": "Azerbaijan", "city": "Baku", "address": "28 May Street", "price": 22, "pricefor": 1, "currency": "AZN", "discount": null, "distance": null, "durationday": null, "durationnight": null, "datefrom": "2021-03-02", "dateto": "2021-02-25", "viewcount": 0, "avatar": "", "cover": "", "guide": "Mirvari", "status": 4, "rating": null, "activated": false, "map_link": null}}, {"model": "tour.tour", "pk": 48, "fields": {"organizer": 1, "title": "task 1", "keyword": null, "description": "kmwrrgflkemwf,.ewkm", "description_az": "kmwrrgflkemwf,.ewkm", "description_en": "kmwrrgflkemwf,.ewkm", "description_ru": null, "tour_type": 1, "country": "Azerbaijan", "city": "Baku", "address": "28 May Street", "price": 22, "pricefor": 1, "currency": "AZN", "discount": null, "distance": null, "durationday": null, "durationnight": null, "datefrom": "2021-03-02", "dateto": "2021-02-25", "viewcount": 0, "avatar": "", "cover": "", "guide": "Mirvari", "status": 2, "rating": null, "activated": false, "map_link": null}}, {"model": "tour.tour", "pk": 49, "fields": {"organizer": 1, "title": "task 1", "keyword": null, "description": "lowijefoiewjnfjen", "description_az": "lowijefoiewjnfjen", "description_en": "lowijefoiewjnfjen", "description_ru": null, "tour_type": 1, "country": "Azerbaijan", "city": "Baku", "address": "28 May Street", "price": 22, "pricefor": 1, "currency": "AZN", "discount": null, "distance": null, "durationday": null, "durationnight": null, "datefrom": "2021-02-15", "dateto": "2021-02-26", "viewcount": 0, "avatar": "", "cover": "", "guide": "Mirvari", "status": 2, "rating": null, "activated": false, "map_link": null}}, {"model": "tour.tour", "pk": 50, "fields": {"organizer": 1, "title": "task 1", "keyword": null, "description": "lowijefoiewjnfjen", "description_az": "lowijefoiewjnfjen", "description_en": "lowijefoiewjnfjen", "description_ru": null, "tour_type": 1, "country": "Azerbaijan", "city": "Baku", "address": "28 May Street", "price": 22, "pricefor": 1, "currency": "AZN", "discount": null, "distance": null, "durationday": null, "durationnight": null, "datefrom": "2021-02-15", "dateto": "2021-02-26", "viewcount": 0, "avatar": "", "cover": "", "guide": "Mirvari", "status": 2, "rating": null, "activated": false, "map_link": null}}, {"model": "tour.tour", "pk": 51, "fields": {"organizer": 1, "title": "task 1", "keyword": null, "description": "lowijefoiewjnfjen", "description_az": "lowijefoiewjnfjen", "description_en": "lowijefoiewjnfjen", "description_ru": null, "tour_type": 3, "country": "Azerbaijan", "city": "Baku", "address": "28 May Street", "price": 22, "pricefor": 1, "currency": "AZN", "discount": null, "distance": null, "durationday": null, "durationnight": null, "datefrom": "2021-02-15", "dateto": "2021-02-26", "viewcount": 0, "avatar": "", "cover": "", "guide": "Mirvari", "status": 2, "rating": null, "activated": false, "map_link": null}}, {"model": "tour.tour", "pk": 52, "fields": {"organizer": 1, "title": "general test", "keyword": null, "description": "Tour Description in Russia:", "description_az": "Tour Description in Engilsh:", "description_en": "Tour Description in Russia:", "description_ru": null, "tour_type": 2, "country": "Azerbaijan", "city": "Baku", "address": "28 May Street", "price": 22, "pricefor": 1, "currency": "AZN", "discount": null, "distance": null, "durationday": null, "durationnight": null, "datefrom": "2021-02-23", "dateto": "2021-03-05", "viewcount": 2, "avatar": "tour/avatar/international-tour-packages_31HrP5X.jpg", "cover": "tour/cover/bmw_ue47MFt.jpg", "guide": "Mirvari", "status": 1, "rating": null, "activated": true, "map_link": "https://www.google.com/maps/d/u/0/embed?mid=1AO8_s0SB_PgUR4Tzh9e4CCwNqwx2zSoP"}}, {"model": "tour.tour", "pk": 53, "fields": {"organizer": 1, "title": "story 1", "keyword": null, "description": "", "description_az": "Tour Description in Engilsh:", "description_en": "", "description_ru": null, "tour_type": 2, "country": "Pakistan", "city": "Ankara", "address": "Garabagh", "price": 34, "pricefor": 1, "currency": "AZN", "discount": null, "distance": null, "durationday": null, "durationnight": null, "datefrom": "2021-03-02", "dateto": "2021-03-04", "viewcount": 2, "avatar": "", "cover": "", "guide": "Mirvari", "status": 2, "rating": null, "activated": false, "map_link": "https://www.google.com/maps/d/u/0/embed?mid=1AO8_s0SB_PgUR4Tzh9e4CCwNqwx2zSoP"}}, {"model": "tour.tour", "pk": 54, "fields": {"organizer": 1, "title": "test 1 for detail", "keyword": null, "description": "Tour Description in Engilsh: update", "description_az": "Tour Description in Azerbaijan:", "description_en": "Tour Description in Engilsh: update", "description_ru": "Tour Description in Russia:", "tour_type": 2, "country": "Azerbaijan", "city": "Baku", "address": "28 May Street", "price": 22, "pricefor": 1, "currency": "AZN", "discount": null, "distance": null, "durationday": null, "durationnight": null, "datefrom": "2021-03-11", "dateto": "2021-03-19", "viewcount": 1, "avatar": "tour/avatar/bmw_BR7VbRb.jpg", "cover": "tour/cover/7gwVYS.jpg", "guide": "Mirvari", "status": 3, "rating": null, "activated": true, "map_link": "https://www.google.com/maps/d/u/0/embed?mid=1AO8_s0SB_PgUR4Tzh9e4CCwNqwx2zSoP"}}, {"model": "tour.tour", "pk": 55, "fields": {"organizer": 1, "title": "task 1", "keyword": null, "description": "Tour Description in Engilsh:", "description_az": "Tour Description in Azerbaijan:", "description_en": "Tour Description in Engilsh:", "description_ru": "Tour Description in Russia:", "tour_type": 1, "country": "Azerbaijan", "city": "Baku", "address": "28 May Street", "price": 22, "pricefor": 1, "currency": "AZN", "discount": null, "distance": null, "durationday": null, "durationnight": null, "datefrom": "2021-03-16", "dateto": "2021-03-26", "viewcount": 0, "avatar": "", "cover": "", "guide": "Mirvari", "status": 2, "rating": null, "activated": false, "map_link": "https://www.google.com/maps/d/u/0/embed?mid=1AO8_s0SB_PgUR4Tzh9e4CCwNqwx2zSoP"}}, {"model": "tour.tour", "pk": 56, "fields": {"organizer": 1, "title": "test detail", "keyword": null, "description": "Tour Description in Engilsh:", "description_az": "", "description_en": "Tour Description in Engilsh:", "description_ru": "", "tour_type": 1, "country": "Azerbaijan", "city": "Baku", "address": "28 May Street", "price": 22, "pricefor": 1, "currency": "AZN", "discount": null, "distance": null, "durationday": null, "durationnight": null, "datefrom": "2021-03-24", "dateto": "2021-03-27", "viewcount": 0, "avatar": "", "cover": "", "guide": "Mirvari", "status": 2, "rating": null, "activated": false, "map_link": "https://www.google.com/maps/d/u/0/embed?mid=1AO8_s0SB_PgUR4Tzh9e4CCwNqwx2zSoP"}}, {"model": "tour.tour", "pk": 57, "fields": {"organizer": 1, "title": "test", "keyword": null, "description": "Tour Description in Engilsh:", "description_az": "Tour Description in Azerbaijan:", "description_en": "Tour Description in Engilsh:", "description_ru": "", "tour_type": 3, "country": "Turkey", "city": "Ankara", "address": "Garabagh", "price": 22, "pricefor": 1, "currency": "AZN", "discount": null, "distance": null, "durationday": null, "durationnight": null, "datefrom": "2021-03-15", "dateto": "2021-03-26", "viewcount": 1, "avatar": "", "cover": "", "guide": "Mirvari", "status": 2, "rating": null, "activated": false, "map_link": "https://www.google.com/maps/d/u/0/embed?mid=1AO8_s0SB_PgUR4Tzh9e4CCwNqwx2zSoP"}}, {"model": "tour.tour", "pk": 58, "fields": {"organizer": 1, "title": "task 1", "keyword": null, "description": "Tour Description in Engilsh:", "description_az": "", "description_en": "Tour Description in Engilsh:", "description_ru": "", "tour_type": 1, "country": "Azerbaijan", "city": "Baku", "address": "28 May Street", "price": 22, "pricefor": 1, "currency": "AZN", "discount": null, "distance": null, "durationday": null, "durationnight": null, "datefrom": null, "dateto": null, "viewcount": 0, "avatar": "", "cover": "", "guide": "Mirvari", "status": 2, "rating": null, "activated": false, "map_link": null}}, {"model": "tour.tour", "pk": 59, "fields": {"organizer": 1, "title": "story 1", "keyword": null, "description": "Tour Description in Engilsh:", "description_az": "", "description_en": "Tour Description in Engilsh:", "description_ru": "", "tour_type": 1, "country": "Azerbaijan", "city": "Baku", "address": "28 May Street", "price": 22, "pricefor": 1, "currency": "AZN", "discount": null, "distance": null, "durationday": null, "durationnight": null, "datefrom": null, "dateto": null, "viewcount": 0, "avatar": "", "cover": "", "guide": "ruhin", "status": 2, "rating": null, "activated": false, "map_link": "https://www.google.com/maps/d/u/0/embed?mid=1AO8_s0SB_PgUR4Tzh9e4CCwNqwx2zSoP"}}, {"model": "tour.tour", "pk": 60, "fields": {"organizer": 1, "title": "task 1", "keyword": null, "description": "Tour Description in Engilsh:", "description_az": "", "description_en": "Tour Description in Engilsh:", "description_ru": "", "tour_type": 2, "country": "Azerbaijan", "city": "Baku", "address": "28 May Street", "price": 22, "pricefor": 1, "currency": "AZN", "discount": null, "distance": null, "durationday": null, "durationnight": null, "datefrom": null, "dateto": null, "viewcount": 1, "avatar": "", "cover": "", "guide": "Mirvari", "status": 3, "rating": null, "activated": false, "map_link": "https://www.google.com/maps/d/u/0/embed?mid=1AO8_s0SB_PgUR4Tzh9e4CCwNqwx2zSoP"}}, {"model": "tour.tourdetail", "pk": 1, "fields": {"tour": 54, "title": "test 1 update", "title_az": "test 1", "title_en": "test 1 update", "title_ru": "test 1", "text": "Tour Description in Engilsh: 1", "text_az": "Tour Description in Azerbaijan: 1", "text_en": "Tour Description in Engilsh: 1", "text_ru": "Tour Description in Russia: 1"}}, {"model": "tour.tourdetail", "pk": 2, "fields": {"tour": 54, "title": "test 2", "title_az": "test 2", "title_en": "test 2", "title_ru": "test 2", "text": "Tour Description in Engilsh: 2", "text_az": "Tour Description in Azerbaijan: 2", "text_en": "Tour Description in Engilsh: 2", "text_ru": "Tour Description in Russia: 2"}}, {"model": "tour.tourdetail", "pk": 3, "fields": {"tour": 55, "title": "test 1", "title_az": "test 1", "title_en": "test 1", "title_ru": "test 1", "text": "Tour Description in Engilsh:", "text_az": "Tour Description in Azerbaijan:", "text_en": "Tour Description in Engilsh:", "text_ru": "Tour Description in Russia:"}}, {"model": "tour.tourdetail", "pk": 4, "fields": {"tour": 56, "title": "test 1", "title_az": "", "title_en": "test 1", "title_ru": "", "text": "Tour Description in Engilsh:", "text_az": "", "text_en": "Tour Description in Engilsh:", "text_ru": ""}}, {"model": "tour.tourdetail", "pk": 5, "fields": {"tour": 57, "title": "test 1", "title_az": "", "title_en": "test 1", "title_ru": "", "text": "Tour Description in Engilsh:", "text_az": "", "text_en": "Tour Description in Engilsh:", "text_ru": ""}}, {"model": "tour.tourdetail", "pk": 6, "fields": {"tour": 57, "title": "test 2", "title_az": "", "title_en": "test 2", "title_ru": "", "text": "Tour Description in Engilsh:", "text_az": "", "text_en": "Tour Description in Engilsh:", "text_ru": ""}}, {"model": "tour.tourimage", "pk": 5, "fields": {"tour": 5, "image": "tour/image/open_top_london_bus_tour_640x360.jpg"}}, {"model": "tour.tourimage", "pk": 13, "fields": {"tour": 14, "image": "tour/image/bmw_gT8ZGUr.jpg"}}, {"model": "tour.tourimage", "pk": 14, "fields": {"tour": 14, "image": "tour/image/big-cat_naMcvdT.jpg"}}, {"model": "tour.tourimage", "pk": 15, "fields": {"tour": 14, "image": "tour/image/dark-road_VjTwo3s.jpg"}}, {"model": "tour.tourimage", "pk": 16, "fields": {"tour": 15, "image": "tour/image/bmw_RsKXY3I.jpg"}}, {"model": "tour.tourimage", "pk": 17, "fields": {"tour": 16, "image": "tour/image/bmw_NfD80ZP.jpg"}}, {"model": "tour.tourimage", "pk": 18, "fields": {"tour": 18, "image": "tour/image/bmw_mwKcpt3.jpg"}}, {"model": "tour.tourimage", "pk": 19, "fields": {"tour": 18, "image": "tour/image/bmw_1_EzXhsmp.jpg"}}, {"model": "tour.tourimage", "pk": 20, "fields": {"tour": 18, "image": "tour/image/international-tour-packages_2t6XWJC.jpg"}}, {"model": "tour.tourimage", "pk": 21, "fields": {"tour": 18, "image": "tour/image/dark-road_ZljBWac.jpg"}}, {"model": "tour.tourimage", "pk": 23, "fields": {"tour": 33, "image": "tour/image/big-cat_ONPu1EA.jpg"}}, {"model": "tour.tourimage", "pk": 24, "fields": {"tour": 33, "image": "tour/image/bmw_nQHaTrG.jpg"}}, {"model": "tour.tourimage", "pk": 25, "fields": {"tour": 34, "image": "tour/image/bmw_43sKl7K.jpg"}}, {"model": "tour.tourimage", "pk": 26, "fields": {"tour": 9, "image": "tour/image/bmw_QGZpbf4.jpg"}}, {"model": "tour.tourimage", "pk": 27, "fields": {"tour": 51, "image": "tour/image/big-cat_7N6gBvV.jpg"}}, {"model": "tour.tourimage", "pk": 29, "fields": {"tour": 52, "image": "tour/image/big-cat_zGGqYPZ.jpg"}}, {"model": "tour.tourimage", "pk": 30, "fields": {"tour": 52, "image": "tour/image/bmw_1_BbNSTUT.jpg"}}, {"model": "tour.tourimage", "pk": 31, "fields": {"tour": 52, "image": "tour/image/dark-road_LiemNNq.jpg"}}, {"model": "tour.tourimage", "pk": 32, "fields": {"tour": 52, "image": "tour/image/open_top_london_bus_tour_640x360_aHVF2kD.jpg"}}, {"model": "tour.tourschedule", "pk": 5, "fields": {"tour": 5, "schedule_image": "tour/schedule/open_top_london_bus_tour_640x360_b9tQTBG.jpg"}}, {"model": "tour.tourschedule", "pk": 8, "fields": {"tour": 14, "schedule_image": "tour/schedule/bmw_V8onpbE.jpg"}}, {"model": "tour.tourschedule", "pk": 9, "fields": {"tour": 14, "schedule_image": "tour/schedule/big-cat_1qES3kE.jpg"}}, {"model": "tour.tourschedule", "pk": 10, "fields": {"tour": 14, "schedule_image": "tour/schedule/dark-road_gEnPIlf.jpg"}}, {"model": "tour.tourschedule", "pk": 11, "fields": {"tour": 15, "schedule_image": "tour/schedule/bmw_goYVlRj.jpg"}}, {"model": "tour.tourschedule", "pk": 12, "fields": {"tour": 16, "schedule_image": "tour/schedule/bmw_AWZQq20.jpg"}}, {"model": "tour.tourschedule", "pk": 13, "fields": {"tour": 17, "schedule_image": "tour/schedule/AdobeStock_66932447_xY4FuAQ.jpeg"}}, {"model": "tour.tourschedule", "pk": 14, "fields": {"tour": 17, "schedule_image": "tour/schedule/bmw_1_r8xpyOc.jpg"}}, {"model": "tour.tourschedule", "pk": 15, "fields": {"tour": 18, "schedule_image": "tour/schedule/big-cat_8ug1h9q.jpg"}}, {"model": "tour.tourschedule", "pk": 16, "fields": {"tour": 18, "schedule_image": "tour/schedule/bmw_1_6Q90rGJ.jpg"}}, {"model": "tour.tourschedule", "pk": 17, "fields": {"tour": 18, "schedule_image": "tour/schedule/bmw_tExz692.jpg"}}, {"model": "tour.tourschedule", "pk": 18, "fields": {"tour": 33, "schedule_image": "tour/schedule/bmw_1_xQEtUPM.jpg"}}, {"model": "tour.tourschedule", "pk": 19, "fields": {"tour": 33, "schedule_image": "tour/schedule/family-tour-odisha.jpg"}}, {"model": "tour.tourschedule", "pk": 20, "fields": {"tour": 34, "schedule_image": "tour/schedule/dark-road_xOs2XlC.jpg"}}, {"model": "tour.tourschedule", "pk": 21, "fields": {"tour": 9, "schedule_image": "tour/schedule/big-cat_yhRpnhf.jpg"}}, {"model": "tour.tourschedule", "pk": 22, "fields": {"tour": 9, "schedule_image": "tour/schedule/bmw_1ehXDvs.jpg"}}, {"model": "tour.tourschedule", "pk": 23, "fields": {"tour": 52, "schedule_image": "tour/schedule/tour-operator-business-plan.jpg"}}, {"model": "tour.tourschedule", "pk": 24, "fields": {"tour": 52, "schedule_image": "tour/schedule/dark-road_zA2aq7z.jpg"}}, {"model": "tour.tourschedule", "pk": 25, "fields": {"tour": 52, "schedule_image": "tour/schedule/AdobeStock_66932447_wHPZJNd.jpeg"}}, {"model": "tour.tourschedule", "pk": 26, "fields": {"tour": 52, "schedule_image": "tour/schedule/bmw_qosnmtX.jpg"}}, {"model": "tour.tourschedule", "pk": 27, "fields": {"tour": 52, "schedule_image": "tour/schedule/international-tour-packages.jpg"}}, {"model": "tour.tourschedule", "pk": 28, "fields": {"tour": 52, "schedule_image": "tour/schedule/family-tour-odisha_IVVGMGL.jpg"}}, {"model": "tour.tourschedule", "pk": 29, "fields": {"tour": 52, "schedule_image": "tour/schedule/tour-operator-business-plan_bb4MTgH.jpg"}}, {"model": "tour.toururl", "pk": 4, "fields": {"tour": 4, "url": "https://soundcloud.com/discover"}}, {"model": "tour.toururl", "pk": 5, "fields": {"tour": 4, "url": "https://soundcloud.com/discover"}}, {"model": "tour.toururl", "pk": 8, "fields": {"tour": 4, "url": "https://soundcloud.com/discover"}}, {"model": "tour.toururl", "pk": 9, "fields": {"tour": 4, "url": "https://soundcloud.com/discover"}}, {"model": "tour.toururl", "pk": 10, "fields": {"tour": 4, "url": "https://soundcloud.com/discover"}}, {"model": "tour.toururl", "pk": 11, "fields": {"tour": 4, "url": "https://soundcloud.com/discover"}}, {"model": "tour.toururl", "pk": 12, "fields": {"tour": 4, "url": "https://soundcloud.com/discover"}}, {"model": "tour.toururl", "pk": 13, "fields": {"tour": 4, "url": "https://soundcloud.com/discover"}}, {"model": "tour.toururl", "pk": 14, "fields": {"tour": 5, "url": "https://soundcloud.com/discover"}}, {"model": "tour.toururl", "pk": 15, "fields": {"tour": 5, "url": "https://soundcloud.com/discover"}}, {"model": "tour.toururl", "pk": 16, "fields": {"tour": 5, "url": "https://soundcloud.com/discover"}}, {"model": "tour.toururl", "pk": 22, "fields": {"tour": 18, "url": "https://soundcloud.com/discover"}}, {"model": "tour.toururl", "pk": 23, "fields": {"tour": 18, "url": "https://soundcloud.com/discover"}}, {"model": "tour.toururl", "pk": 24, "fields": {"tour": 18, "url": "https://soundcloud.com/discover"}}, {"model": "tour.toururl", "pk": 25, "fields": {"tour": 18, "url": "https://soundcloud.com/discover"}}, {"model": "tour.toururl", "pk": 26, "fields": {"tour": 18, "url": "https://soundcloud.com/discover"}}, {"model": "tour.toururl", "pk": 27, "fields": {"tour": 18, "url": "https://soundcloud.com/discover"}}, {"model": "tour.toururl", "pk": 71, "fields": {"tour": 33, "url": "https://soundcloud.com/discover"}}, {"model": "tour.toururl", "pk": 72, "fields": {"tour": 33, "url": "https://soundcloud.com/discover"}}, {"model": "tour.toururl", "pk": 73, "fields": {"tour": 33, "url": "https://soundcloud.com/discover"}}, {"model": "tour.toururl", "pk": 74, "fields": {"tour": 34, "url": "https://soundcloud.com/discover"}}, {"model": "tour.toururl", "pk": 75, "fields": {"tour": 34, "url": "https://soundcloud.com/discover"}}, {"model": "tour.toururl", "pk": 76, "fields": {"tour": 34, "url": "https://soundcloud.com/discover"}}, {"model": "tour.toururl", "pk": 77, "fields": {"tour": 52, "url": "https://soundcloud.com/discover"}}, {"model": "tour.toururl", "pk": 78, "fields": {"tour": 52, "url": "https://soundcloud.com/discover"}}, {"model": "tour.toururl", "pk": 79, "fields": {"tour": 52, "url": "https://soundcloud.com/discover"}}, {"model": "tour.toururl", "pk": 80, "fields": {"tour": 52, "url": "https://soundcloud.com/discover"}}, {"model": "tour.toururl", "pk": 81, "fields": {"tour": 52, "url": "https://soundcloud.com/discover"}}, {"model": "tour.toururl", "pk": 82, "fields": {"tour": 52, "url": "https://soundcloud.com/discover"}}, {"model": "tour.toururl", "pk": 83, "fields": {"tour": 52, "url": "https://soundcloud.com/discover"}}, {"model": "tour.tourcomment", "pk": 40, "fields": {"message": "test comment", "commented_at": "2021-01-01", "rating": 4, "comment_reply": null, "tour": 6, "user": ["muradmemmedli"]}}, {"model": "tour.tourcomment", "pk": 41, "fields": {"message": "reply", "commented_at": "2021-01-01", "rating": null, "comment_reply": 40, "tour": 6, "user": ["muradmemmedli"]}}, {"model": "tour.tourcomment", "pk": 42, "fields": {"message": "reply reply", "commented_at": "2021-01-01", "rating": null, "comment_reply": 41, "tour": 6, "user": ["muradmemmedli"]}}, {"model": "tour.tourcomment", "pk": 43, "fields": {"message": "test comment 2", "commented_at": "2021-01-01", "rating": 0, "comment_reply": null, "tour": 6, "user": ["muradmemmedli"]}}, {"model": "tour.tourcomment", "pk": 44, "fields": {"message": "new test comment", "commented_at": "2021-02-16", "rating": null, "comment_reply": 43, "tour": 6, "user": ["ruhinshukurlu"]}}, {"model": "tour.tourcomment", "pk": 45, "fields": {"message": "new test comment reply", "commented_at": "2021-02-16", "rating": null, "comment_reply": 44, "tour": 6, "user": ["ruhinshukurlu"]}}, {"model": "tour.tourcomment", "pk": 46, "fields": {"message": "new reply", "commented_at": "2021-02-19", "rating": null, "comment_reply": 40, "tour": 6, "user": ["ruhinshukurlu"]}}, {"model": "tour.tourcomment", "pk": 47, "fields": {"message": "new reply 2", "commented_at": "2021-02-19", "rating": null, "comment_reply": 40, "tour": 6, "user": ["ruhinshukurlu"]}}, {"model": "tour.tourcomment", "pk": 48, "fields": {"message": "reply 3", "commented_at": "2021-02-19", "rating": null, "comment_reply": 40, "tour": 6, "user": ["ruhinshukurlu"]}}, {"model": "tour.tourcomment", "pk": 49, "fields": {"message": "new comment 3", "commented_at": "2021-02-19", "rating": 5, "comment_reply": null, "tour": 6, "user": ["muradmemmedli"]}}, {"model": "tour.tourcomment", "pk": 50, "fields": {"message": "new reply", "commented_at": "2021-02-19", "rating": null, "comment_reply": 49, "tour": 6, "user": ["muradmemmedli"]}}, {"model": "tour.tourcomment", "pk": 51, "fields": {"message": "reply 2", "commented_at": "2021-02-19", "rating": null, "comment_reply": 49, "tour": 6, "user": ["muradmemmedli"]}}, {"model": "tour.tourcomment", "pk": 52, "fields": {"message": "test 1", "commented_at": "2021-02-21", "rating": 5, "comment_reply": null, "tour": 4, "user": ["muradmemmedli"]}}, {"model": "tour.tourcomment", "pk": 53, "fields": {"message": "test 2", "commented_at": "2021-02-21", "rating": 4, "comment_reply": null, "tour": 4, "user": ["muradmemmedli"]}}, {"model": "tour.tourcomment", "pk": 54, "fields": {"message": "new comment", "commented_at": "2021-02-27", "rating": 5, "comment_reply": null, "tour": 5, "user": ["muradmemmedli"]}}, {"model": "tour.tourcomment", "pk": 55, "fields": {"message": "new comment 2", "commented_at": "2021-02-27", "rating": 3, "comment_reply": null, "tour": 5, "user": ["muradmemmedli"]}}, {"model": "activity.activity", "pk": 1, "fields": {"organizer": 1, "title": "activity 1 update", "keyword": null, "description": "Lorem Ipsum is simply dummy text of the printing and typesetting industry. Lorem Ipsum has been the industry's standard dummy text ever since the 1500s, when an unknown printer took a galley of type and scrambled it to make a typ", "description_az": "Lorem Ipsum is simply dummy text of the printing and typesetting industry. Lorem Ipsum has been the industry's standard dummy text ever since the 1500s, when an unknown printer took a galley of type and scrambled it to make a typ", "description_en": "Lorem Ipsum is simply dummy text of the printing and typesetting industry. Lorem Ipsum has been the industry's standard dummy text ever since the 1500s, when an unknown printer took a galley of type and scrambled it to make a typ", "description_ru": null, "activity_type": 1, "country": "Azerbaijan", "city": "Baku", "address": "28 May Street", "price": 343, "pricefor": 1, "currency": "AZN", "discount": null, "distance": null, "durationday": 3, "durationnight": 3, "datefrom": "2020-11-16", "dateto": "2020-12-04", "viewcount": 1, "avatar": "activity/avatar/open_top_london_bus_tour_640x360.jpg", "cover": "activity/cover/bmw.jpg", "guide": "Mirvari", "availabledays": null, "status": 4, "rating": 4, "map_link": null, "activated": true}}, {"model": "activity.activity", "pk": 2, "fields": {"organizer": 1, "title": "test 1", "keyword": null, "description": "Activity Description in Russia:", "description_az": "Activity Description in English:", "description_en": "Activity Description in Russia:", "description_ru": null, "activity_type": 1, "country": "Azerbaijan", "city": "Baku", "address": "28 May Street", "price": 22, "pricefor": 1, "currency": "AZN", "discount": null, "distance": null, "durationday": null, "durationnight": null, "datefrom": "2021-02-24", "dateto": "2021-02-27", "viewcount": 1, "avatar": "activity/avatar/bmw_1OhDn2g.jpg", "cover": "activity/cover/tour-operator-business-plan.jpg", "guide": "ruhin", "availabledays": null, "status": 3, "rating": null, "map_link": "https://www.google.com/maps/d/u/0/embed?mid=1AO8_s0SB_PgUR4Tzh9e4CCwNqwx2zSoP", "activated": false}}, {"model": "activity.activity", "pk": 3, "fields": {"organizer": 1, "title": "test", "keyword": null, "description": "Activity Description in Russia:", "description_az": "Activity Description in English:", "description_en": "Activity Description in Russia:", "description_ru": null, "activity_type": 1, "country": "Azerbaijan", "city": "Baku", "address": "28 May Street", "price": 22, "pricefor": 1, "currency": "AZN", "discount": null, "distance": null, "durationday": null, "durationnight": null, "datefrom": "2001-12-12", "dateto": "2001-12-12", "viewcount": 1, "avatar": "", "cover": "", "guide": "ruhin", "availabledays": null, "status": 2, "rating": null, "map_link": "https://www.google.com/maps/d/u/0/embed?mid=1AO8_s0SB_PgUR4Tzh9e4CCwNqwx2zSoP", "activated": false}}, {"model": "activity.activity", "pk": 4, "fields": {"organizer": 1, "title": "general test update 4", "keyword": null, "description": "Activity Description in Russia:", "description_az": "Activity Description in English:", "description_en": "Activity Description in Russia:", "description_ru": null, "activity_type": 1, "country": "Azerbaijan", "city": "Baku", "address": "28 May Street", "price": 22, "pricefor": 1, "currency": "AZN", "discount": null, "distance": null, "durationday": 2, "durationnight": 3, "datefrom": "2020-12-12", "dateto": "2012-12-12", "viewcount": 0, "avatar": "activity/avatar/bmw_wUELg3Q.jpg", "cover": "activity/cover/big-cat_oIopOIu.jpg", "guide": "Mirvari", "availabledays": null, "status": 1, "rating": 4, "map_link": "https://www.google.com/maps/d/u/0/embed?mid=1AO8_s0SB_PgUR4Tzh9e4CCwNqwx2zSoP", "activated": true}}, {"model": "activity.activity", "pk": 5, "fields": {"organizer": 1, "title": "general test 2", "keyword": null, "description": "Activity Description in Russia:", "description_az": "Activity Description in English:", "description_en": "Activity Description in Russia:", "description_ru": null, "activity_type": 1, "country": "Turkey", "city": "Baku", "address": "28 May Street", "price": 22, "pricefor": 1, "currency": "AZN", "discount": 21, "distance": null, "durationday": 2, "durationnight": 3, "datefrom": "2021-02-24", "dateto": "2021-03-06", "viewcount": 1, "avatar": "activity/avatar/bmw_cYpwIck.jpg", "cover": "activity/cover/big-cat_Wi8SMCJ.jpg", "guide": "Mirvari", "availabledays": null, "status": 1, "rating": 4, "map_link": "https://www.google.com/maps/d/u/0/embed?mid=1AO8_s0SB_PgUR4Tzh9e4CCwNqwx2zSoP", "activated": true}}, {"model": "activity.activity", "pk": 6, "fields": {"organizer": 1, "title": "test detail", "keyword": null, "description": "Activity Description in English:", "description_az": "Activity Description in Azerbaijan:", "description_en": "Activity Description in English:", "description_ru": "Activity Description in Russia:", "activity_type": 1, "country": "Azerbaijan", "city": "Baku", "address": "28 May Street", "price": 22, "pricefor": 1, "currency": "AZN", "discount": null, "distance": null, "durationday": null, "durationnight": null, "datefrom": "2021-03-16", "dateto": "2021-03-27", "viewcount": 1, "avatar": "activity/avatar/bmw_pj2uK7C.jpg", "cover": "activity/cover/7gwVYS.jpg", "guide": "ruhin", "availabledays": null, "status": 1, "rating": null, "map_link": "https://www.google.com/maps/d/u/0/embed?mid=1AO8_s0SB_PgUR4Tzh9e4CCwNqwx2zSoP", "activated": true}}, {"model": "activity.activity", "pk": 7, "fields": {"organizer": 1, "title": "task 1", "keyword": null, "description": "Activity Description in English:", "description_az": "", "description_en": "Activity Description in English:", "description_ru": "", "activity_type": 2, "country": "Azerbaijan", "city": "Ankara", "address": "28 May Street", "price": 22, "pricefor": 1, "currency": "AZN", "discount": null, "distance": null, "durationday": null, "durationnight": null, "datefrom": null, "dateto": null, "viewcount": 0, "avatar": "", "cover": "", "guide": "Mirvari", "availabledays": null, "status": 2, "rating": null, "map_link": "https://www.google.com/maps/d/u/0/embed?mid=1AO8_s0SB_PgUR4Tzh9e4CCwNqwx2zSoP", "activated": false}}, {"model": "activity.activitydetail", "pk": 1, "fields": {"activity": 6, "title": "test 1", "title_az": "test 1", "title_en": "test 1", "title_ru": "test 1", "text": "Activity Description in English:", "text_az": "Activity Description in Azerbaijan:", "text_en": "Activity Description in English:", "text_ru": "Activity Description in Russia:"}}, {"model": "activity.activityimage", "pk": 1, "fields": {"activity": 4, "image": "activity/image/AdobeStock_66932447.jpeg"}}, {"model": "activity.activityimage", "pk": 2, "fields": {"activity": 4, "image": "activity/image/bmw_1.jpg"}}, {"model": "activity.activityimage", "pk": 3, "fields": {"activity": 4, "image": "activity/image/family-tour-odisha.jpg"}}, {"model": "activity.activityimage", "pk": 5, "fields": {"activity": 5, "image": "activity/image/AdobeStock_66932447_IZ6U5QA.jpeg"}}, {"model": "activity.activityimage", "pk": 6, "fields": {"activity": 5, "image": "activity/image/bmw.jpg"}}, {"model": "activity.activityimage", "pk": 7, "fields": {"activity": 5, "image": "activity/image/bmw_1_ppmSXcU.jpg"}}, {"model": "activity.activityimage", "pk": 8, "fields": {"activity": 2, "image": "activity/image/big-cat_RHHsHmZ.jpg"}}, {"model": "activity.activityimage", "pk": 9, "fields": {"activity": 2, "image": "activity/image/bmw_wtK0CrU.jpg"}}, {"model": "activity.activityschedule", "pk": 1, "fields": {"activity": 5, "schedule_image": "activity/schedule/dark-road_rdNKV96.jpg"}}, {"model": "activity.activityschedule", "pk": 2, "fields": {"activity": 5, "schedule_image": "activity/schedule/international-tour-packages.jpg"}}, {"model": "activity.activityschedule", "pk": 3, "fields": {"activity": 5, "schedule_image": "activity/schedule/international-tour-packages_LbVs4W6.jpg"}}, {"model": "activity.activityschedule", "pk": 4, "fields": {"activity": 2, "schedule_image": "activity/schedule/dark-road_0atndNf.jpg"}}, {"model": "activity.activityschedule", "pk": 5, "fields": {"activity": 2, "schedule_image": "activity/schedule/AdobeStock_66932447.jpeg"}}, {"model": "activity.activityurl", "pk": 1, "fields": {"activity": 1, "url": "https://lipsum.com/"}}, {"model": "activity.activityurl", "pk": 2, "fields": {"activity": 1, "url": "https://lipsum.com/"}}, {"model": "activity.activityurl", "pk": 3, "fields": {"activity": 1, "url": "https://lipsum.com/"}}, {"model": "activity.activityurl", "pk": 4, "fields": {"activity": 4, "url": "https://soundcloud.com/discover"}}, {"model": "activity.activityurl", "pk": 5, "fields": {"activity": 4, "url": "https://soundcloud.com/discover"}}, {"model": "activity.activityurl", "pk": 6, "fields": {"activity": 4, "url": "https://soundcloud.com/discover"}}, {"model": "activity.activityurl", "pk": 7, "fields": {"activity": 4, "url": "https://soundcloud.com/discover"}}, {"model": "activity.activityurl", "pk": 8, "fields": {"activity": 4, "url": "https://soundcloud.com/discover"}}, {"model": "activity.activityurl", "pk": 9, "fields": {"activity": 4, "url": "https://soundcloud.com/discover"}}, {"model": "activity.activityurl", "pk": 10, "fields": {"activity": 5, "url": "https://soundcloud.com/discover"}}, {"model": "activity.activityurl", "pk": 11, "fields": {"activity": 5, "url": "https://soundcloud.com/discover"}}, {"model": "activity.activityurl", "pk": 12, "fields": {"activity": 5, "url": "https://soundcloud.com/discover"}}, {"model": "activity.activitycomment", "pk": 17, "fields": {"message": "activity 1", "commented_at": "2020-11-13", "rating": 4, "comment_reply": null, "activity": 1, "user": ["muradmemmedli"]}}, {"model": "activity.activitycomment", "pk": 18, "fields": {"message": "activity 2", "commented_at": "2020-11-13", "rating": 4, "comment_reply": null, "activity": 1, "user": ["muradmemmedli"]}}, {"model": "activity.activitycomment", "pk": 19, "fields": {"message": "activity 1 reply", "commented_at": "2020-11-13", "rating": null, "comment_reply": 17, "activity": 1, "user": ["muradmemmedli"]}}, {"model": "activity.activitycomment", "pk": 20, "fields": {"message": "activity 1 reply 2", "commented_at": "2020-11-13", "rating": null, "comment_reply": 17, "activity": 1, "user": ["muradmemmedli"]}}, {"model": "activity.activitycomment", "pk": 21, "fields": {"message": "activity 2 reply", "commented_at": "2020-11-13", "rating": null, "comment_reply": 18, "activity": 1, "user": ["muradmemmedli"]}}, {"model": "activity.activitycomment", "pk": 22, "fields": {"message": "activity 2 reply reply", "commented_at": "2020-11-14", "rating": null, "comment_reply": 21, "activity": 1, "user": ["ruhinshukurlu054"]}}, {"model": "activity.activitycomment", "pk": 23, "fields": {"message": "test", "commented_at": "2021-02-21", "rating": 5, "comment_reply": null, "activity": 5, "user": ["muradmemmedli"]}}, {"model": "activity.activitycomment", "pk": 24, "fields": {"message": "test 2", "commented_at": "2021-02-21", "rating": 4, "comment_reply": null, "activity": 5, "user": ["muradmemmedli"]}}, {"model": "activity.activitycomment", "pk": 25, "fields": {"message": "test 3", "commented_at": "2021-02-21", "rating": 3, "comment_reply": null, "activity": 5, "user": ["muradmemmedli"]}}, {"model": "activity.activitycomment", "pk": 26, "fields": {"message": "test", "commented_at": "2021-02-21", "rating": 4, "comment_reply": null, "activity": 4, "user": ["muradmemmedli"]}}, {"model": "activity.activitycomment", "pk": 27, "fields": {"message": "test 2", "commented_at": "2021-02-21", "rating": 5, "comment_reply": null, "activity": 4, "user": ["muradmemmedli"]}}, {"model": "activity.activitycomment", "pk": 28, "fields": {"message": "test 4", "commented_at": "2021-02-21", "rating": 5, "comment_reply": null, "activity": 5, "user": ["muradmemmedli"]}}, {"model": "activity.activitycomment", "pk": 29, "fields": {"message": "test 5", "commented_at": "2021-02-21", "rating": 5, "comment_reply": null, "activity": 5, "user": ["muradmemmedli"]}}, {"model": "training.training", "pk": 1, "fields": {"organizer": 1, "title": "training 1", "keyword": null, "description": "Lorem Ipsum is simply dummy text of the printing and typesetting industry. Lorem Ipsum has been the industry's standard dummy text ever since the 1500s, when an unknown printer took a galley of type and scrambled it to make a type specimen book. It has survived not only five centuries,", "description_az": "Lorem Ipsum is simply dummy text of the printing and typesetting industry. Lorem Ipsum has been the industry's standard dummy text ever since the 1500s, when an unknown printer took a galley of type and scrambled it to make a type specimen book. It has survived not only five centuries,", "description_en": "Lorem Ipsum is simply dummy text of the printing and typesetting industry. Lorem Ipsum has been the industry's standard dummy text ever since the 1500s, when an unknown printer took a galley of type and scrambled it to make a type specimen book. It has survived not only five centuries,", "description_ru": null, "training_type": 1, "country": "Azerbaijan", "city": "Baku", "address": "28 May Street", "price": 345, "pricefor": 1, "currency": "AZN", "discount": null, "distance": null, "durationday": 4, "durationnight": 5, "datefrom": "2021-02-18", "dateto": "2021-02-26", "viewcount": 1, "avatar": "training/avatar/international-tour-packages.jpg", "cover": "training/cover/big-cat_EMoAbse.jpg", "trainer": null, "availabledays": null, "status": 1, "rating": 3, "start_hour": "08:30:00", "finish_hour": "21:00:00", "map_link": null, "activated": true}}, {"model": "training.training", "pk": 2, "fields": {"organizer": 1, "title": "training 2 update", "keyword": null, "description": "Lorem Ipsum is simply dummy text of the printing and typesetting industry. Lorem Ipsum has been the industry's standard dummy text ever since the 1500s, when an unknown printer took a galley of type and scrambled it to make a type specimen book. It has survived not only five centuries,", "description_az": "Lorem Ipsum is simply dummy text of the printing and typesetting industry. Lorem Ipsum has been the industry's standard dummy text ever since the 1500s, when an unknown printer took a galley of type and scrambled it to make a type specimen book. It has survived not only five centuries,", "description_en": "Lorem Ipsum is simply dummy text of the printing and typesetting industry. Lorem Ipsum has been the industry's standard dummy text ever since the 1500s, when an unknown printer took a galley of type and scrambled it to make a type specimen book. It has survived not only five centuries,", "description_ru": null, "training_type": 1, "country": "Turkey", "city": "Baku", "address": "28 May Street", "price": 43, "pricefor": 1, "currency": "AZN", "discount": null, "distance": null, "durationday": 3, "durationnight": 4, "datefrom": "2020-11-23", "dateto": "2020-11-27", "viewcount": 0, "avatar": "training/avatar/open_top_london_bus_tour_640x360.jpg", "cover": "training/cover/dark-road.jpg", "trainer": null, "availabledays": null, "status": 3, "rating": 3, "start_hour": "23:34:00", "finish_hour": "12:34:00", "map_link": null, "activated": true}}, {"model": "training.training", "pk": 3, "fields": {"organizer": 1, "title": "task 1", "keyword": null, "description": "Lorem Ipsum is simply dummy text of the printing and typesetting industry. Lorem Ipsum has been the industry's standard dummy text ever since the 1500s, when an unknown printer took a galley of type and scrambled it to make a type specimen book. It has survived not only five centuries, but also the leap into electronic typesetting, remaining essentially unchanged. It was popularised in the 1960s with the release", "description_az": "Lorem Ipsum is simply dummy text of the printing and typesetting industry. Lorem Ipsum has been the industry's standard dummy text ever since the 1500s, when an unknown printer took a galley of type and scrambled it to make a type specimen book. It has survived not only five centuries, but also the leap into electronic typesetting, remaining essentially unchanged. It was popularised in the 1960s with the release", "description_en": "Lorem Ipsum is simply dummy text of the printing and typesetting industry. Lorem Ipsum has been the industry's standard dummy text ever since the 1500s, when an unknown printer took a galley of type and scrambled it to make a type specimen book. It has survived not only five centuries, but also the leap into electronic typesetting, remaining essentially unchanged. It was popularised in the 1960s with the release", "description_ru": null, "training_type": 1, "country": "Turkey", "city": "Ankara", "address": "Garabagh", "price": 22, "pricefor": 1, "currency": "AZN", "discount": null, "distance": null, "durationday": null, "durationnight": null, "datefrom": "2021-01-13", "dateto": "2021-01-27", "viewcount": 0, "avatar": "", "cover": "", "trainer": "Mirvari", "availabledays": null, "status": 3, "rating": null, "start_hour": "19:38:00", "finish_hour": "19:40:00", "map_link": null, "activated": false}}, {"model": "training.training", "pk": 4, "fields": {"organizer": 1, "title": "test 2", "keyword": null, "description": "Lorem Ipsum is simply dummy text of the printing and typesetting industry. Lorem Ipsum has been the industry's standard dummy text ever since the 1500s, when an unknown printer took a galley of type and scrambled it to make a type specimen book. It has survived not only five centuries, but also the leap into electronic typesetting, remaining essentially unchanged. It was popularised in the 1960s with the release", "description_az": "Lorem Ipsum is simply dummy text of the printing and typesetting industry. Lorem Ipsum has been the industry's standard dummy text ever since the 1500s, when an unknown printer took a galley of type and scrambled it to make a type specimen book. It has survived not only five centuries, but also the leap into electronic typesetting, remaining essentially unchanged. It was popularised in the 1960s with the release", "description_en": "Lorem Ipsum is simply dummy text of the printing and typesetting industry. Lorem Ipsum has been the industry's standard dummy text ever since the 1500s, when an unknown printer took a galley of type and scrambled it to make a type specimen book. It has survived not only five centuries, but also the leap into electronic typesetting, remaining essentially unchanged. It was popularised in the 1960s with the release", "description_ru": null, "training_type": 1, "country": "Turkey", "city": "Ankara", "address": "Garabagh", "price": 22, "pricefor": 1, "currency": "AZN", "discount": null, "distance": null, "durationday": null, "durationnight": null, "datefrom": "2021-01-13", "dateto": "2021-01-22", "viewcount": 1, "avatar": "training/avatar/dark-road_2mhnq8g.jpg", "cover": "training/cover/bmw.jpg", "trainer": "Mirvari", "availabledays": null, "status": 2, "rating": null, "start_hour": "21:31:00", "finish_hour": "21:32:00", "map_link": "https://www.google.com/maps/d/u/0/embed?mid=1AO8_s0SB_PgUR4Tzh9e4CCwNqwx2zSoP", "activated": false}}, {"model": "training.training", "pk": 5, "fields": {"organizer": 1, "title": "test", "keyword": null, "description": "Training Description in Russia:", "description_az": "Training Description in English:", "description_en": "Training Description in Russia:", "description_ru": null, "training_type": 1, "country": "Turkey", "city": "Baku", "address": "28 May Street", "price": 22, "pricefor": 1, "currency": "AZN", "discount": null, "distance": null, "durationday": null, "durationnight": null, "datefrom": "2021-02-19", "dateto": "2021-02-25", "viewcount": 0, "avatar": "", "cover": "", "trainer": null, "availabledays": null, "status": 2, "rating": null, "start_hour": "01:43:00", "finish_hour": "04:42:00", "map_link": "https://www.google.com/maps/d/u/0/embed?mid=1AO8_s0SB_PgUR4Tzh9e4CCwNqwx2zSoP", "activated": false}}, {"model": "training.training", "pk": 6, "fields": {"organizer": 1, "title": "test 2", "keyword": null, "description": "Training Description in Russia:", "description_az": "Training Description in English:", "description_en": "Training Description in Russia:", "description_ru": null, "training_type": 1, "country": "Azerbaijan", "city": "Baku", "address": "28 May Street", "price": 22, "pricefor": 1, "currency": "AZN", "discount": 20, "distance": null, "durationday": null, "durationnight": null, "datefrom": "2021-01-13", "dateto": "2021-01-29", "viewcount": 0, "avatar": "", "cover": "", "trainer": null, "availabledays": null, "status": 2, "rating": null, "start_hour": "06:50:00", "finish_hour": "01:48:00", "map_link": "https://www.google.com/maps/d/u/0/embed?mid=1AO8_s0SB_PgUR4Tzh9e4CCwNqwx2zSoP", "activated": false}}, {"model": "training.training", "pk": 7, "fields": {"organizer": 1, "title": "test 3", "keyword": null, "description": "Training Description in English:", "description_az": "Training Description in English:", "description_en": "Training Description in English:", "description_ru": null, "training_type": 1, "country": "Azerbaijan", "city": "Baku", "address": "28 May Street", "price": 22, "pricefor": 1, "currency": "AZN", "discount": null, "distance": null, "durationday": null, "durationnight": null, "datefrom": "2021-01-15", "dateto": "2021-01-22", "viewcount": 1, "avatar": "", "cover": "", "trainer": null, "availabledays": null, "status": 2, "rating": null, "start_hour": "01:54:00", "finish_hour": "01:52:00", "map_link": "https://www.google.com/maps/d/u/0/embed?mid=1AO8_s0SB_PgUR4Tzh9e4CCwNqwx2zSoP", "activated": false}}, {"model": "training.training", "pk": 8, "fields": {"organizer": 1, "title": "test 4", "keyword": null, "description": "Training Description in English:", "description_az": "Training Description in English:", "description_en": "Training Description in English:", "description_ru": null, "training_type": 1, "country": "Turkey", "city": "Ankara", "address": "28 May Street", "price": 22, "pricefor": 1, "currency": "AZN", "discount": null, "distance": null, "durationday": null, "durationnight": null, "datefrom": "2021-01-20", "dateto": "2021-01-29", "viewcount": 0, "avatar": "", "cover": "", "trainer": "Mirvari", "availabledays": null, "status": 2, "rating": null, "start_hour": "01:56:00", "finish_hour": "01:58:00", "map_link": "https://www.google.com/maps/d/u/0/embed?mid=1AO8_s0SB_PgUR4Tzh9e4CCwNqwx2zSoP", "activated": false}}, {"model": "training.training", "pk": 9, "fields": {"organizer": 1, "title": "test 5", "keyword": null, "description": "Training Description in English:", "description_az": "Training Description in English:", "description_en": "Training Description in English:", "description_ru": null, "training_type": 1, "country": "Azerbaijan", "city": "Baku", "address": "28 May Street", "price": 22, "pricefor": 1, "currency": "AZN", "discount": null, "distance": null, "durationday": null, "durationnight": null, "datefrom": "2021-01-08", "dateto": "2021-01-15", "viewcount": 1, "avatar": "", "cover": "", "trainer": "Mirvari", "availabledays": null, "status": 3, "rating": null, "start_hour": "05:58:00", "finish_hour": "01:57:00", "map_link": "https://www.google.com/maps/d/u/0/embed?mid=1AO8_s0SB_PgUR4Tzh9e4CCwNqwx2zSoP", "activated": false}}, {"model": "training.training", "pk": 10, "fields": {"organizer": 1, "title": "test 6", "keyword": null, "description": "Training Description in English:", "description_az": "Training Description in English:", "description_en": "Training Description in English:", "description_ru": null, "training_type": 1, "country": "Azerbaijan", "city": "Baku", "address": "28 May Street", "price": 22, "pricefor": 1, "currency": "AZN", "discount": null, "distance": null, "durationday": null, "durationnight": null, "datefrom": "2021-01-19", "dateto": "2021-01-29", "viewcount": 0, "avatar": "", "cover": "", "trainer": "Mirvari", "availabledays": null, "status": 2, "rating": null, "start_hour": "14:33:00", "finish_hour": "14:13:00", "map_link": "https://www.google.com/maps/d/u/0/embed?mid=1AO8_s0SB_PgUR4Tzh9e4CCwNqwx2zSoP", "activated": false}}, {"model": "training.training", "pk": 11, "fields": {"organizer": 1, "title": "test 7", "keyword": null, "description": "Training Description in Azerbaijan:", "description_az": "Training Description in English:", "description_en": "Training Description in Azerbaijan:", "description_ru": null, "training_type": 1, "country": "Azerbaijan", "city": "Baku", "address": "28 May Street", "price": 22, "pricefor": 1, "currency": "AZN", "discount": null, "distance": null, "durationday": null, "durationnight": null, "datefrom": "2021-01-28", "dateto": "2021-01-26", "viewcount": 0, "avatar": "", "cover": "", "trainer": "Mirvari", "availabledays": null, "status": 2, "rating": null, "start_hour": "12:23:00", "finish_hour": "00:32:00", "map_link": "https://www.google.com/maps/d/u/0/embed?mid=1AO8_s0SB_PgUR4Tzh9e4CCwNqwx2zSoP", "activated": false}}, {"model": "training.training", "pk": 12, "fields": {"organizer": 1, "title": "test 7", "keyword": null, "description": "Training Description in Azerbaijan:", "description_az": "Training Description in English:", "description_en": "Training Description in Azerbaijan:", "description_ru": null, "training_type": 1, "country": "Azerbaijan", "city": "Baku", "address": "28 May Street", "price": 22, "pricefor": 1, "currency": "AZN", "discount": null, "distance": null, "durationday": null, "durationnight": null, "datefrom": "2021-01-28", "dateto": "2021-01-26", "viewcount": 0, "avatar": "", "cover": "", "trainer": "Mirvari", "availabledays": null, "status": 2, "rating": null, "start_hour": "12:23:00", "finish_hour": "00:32:00", "map_link": "https://www.google.com/maps/d/u/0/embed?mid=1AO8_s0SB_PgUR4Tzh9e4CCwNqwx2zSoP", "activated": false}}, {"model": "training.training", "pk": 13, "fields": {"organizer": 1, "title": "test 8", "keyword": null, "description": "Training Description in English:", "description_az": "Training Description in English:", "description_en": "Training Description in English:", "description_ru": null, "training_type": 1, "country": "Turkey", "city": "Ankara", "address": "28 May Street", "price": 22, "pricefor": 1, "currency": "AZN", "discount": null, "distance": null, "durationday": null, "durationnight": null, "datefrom": "2021-01-20", "dateto": "2021-01-30", "viewcount": 0, "avatar": "", "cover": "", "trainer": "Mirvari", "availabledays": null, "status": 2, "rating": null, "start_hour": "14:07:00", "finish_hour": "14:07:00", "map_link": "https://www.google.com/maps/d/u/0/embed?mid=1AO8_s0SB_PgUR4Tzh9e4CCwNqwx2zSoP", "activated": false}}, {"model": "training.training", "pk": 14, "fields": {"organizer": 1, "title": "task 1", "keyword": null, "description": "Training Description in English:", "description_az": "Training Description in English:", "description_en": "Training Description in English:", "description_ru": null, "training_type": 1, "country": "Azerbaijan", "city": "Ankara", "address": "28 May Street", "price": 22, "pricefor": 1, "currency": "AZN", "discount": null, "distance": null, "durationday": null, "durationnight": null, "datefrom": "2021-02-04", "dateto": "2021-01-23", "viewcount": 0, "avatar": "", "cover": "", "trainer": "Mirvari", "availabledays": null, "status": 2, "rating": null, "start_hour": "12:21:00", "finish_hour": "00:24:00", "map_link": "https://www.google.com/maps/d/u/0/embed?mid=1AO8_s0SB_PgUR4Tzh9e4CCwNqwx2zSoP", "activated": false}}, {"model": "training.training", "pk": 15, "fields": {"organizer": 1, "title": "task 2", "keyword": null, "description": "Training Description in English:", "description_az": "Training Description in English:", "description_en": "Training Description in English:", "description_ru": null, "training_type": 1, "country": "Azerbaijan", "city": "Baku", "address": "28 May Street", "price": 22, "pricefor": 1, "currency": "AZN", "discount": null, "distance": null, "durationday": null, "durationnight": null, "datefrom": "2021-01-28", "dateto": "2021-01-29", "viewcount": 0, "avatar": "", "cover": "", "trainer": "Mirvari", "availabledays": null, "status": 2, "rating": null, "start_hour": "12:12:00", "finish_hour": "12:12:00", "map_link": "https://www.google.com/maps/d/u/0/embed?mid=1AO8_s0SB_PgUR4Tzh9e4CCwNqwx2zSoP", "activated": false}}, {"model": "training.training", "pk": 16, "fields": {"organizer": 1, "title": "task 3", "keyword": null, "description": "Training Description in English:", "description_az": "Training Description in English:", "description_en": "Training Description in English:", "description_ru": null, "training_type": 1, "country": "Azerbaijan", "city": "Baku", "address": "28 May Street", "price": 22, "pricefor": 1, "currency": "AZN", "discount": null, "distance": null, "durationday": null, "durationnight": null, "datefrom": "2021-01-27", "dateto": "2021-01-29", "viewcount": 0, "avatar": "", "cover": "", "trainer": "Mirvari", "availabledays": null, "status": 2, "rating": null, "start_hour": "12:21:00", "finish_hour": "15:44:00", "map_link": "https://www.google.com/maps/d/u/0/embed?mid=1AO8_s0SB_PgUR4Tzh9e4CCwNqwx2zSoP", "activated": false}}, {"model": "training.training", "pk": 17, "fields": {"organizer": 1, "title": "task 4", "keyword": null, "description": "Training Description in English:", "description_az": "Training Description in English:", "description_en": "Training Description in English:", "description_ru": null, "training_type": 1, "country": "Azerbaijan", "city": "Baku", "address": "28 May Street", "price": 22, "pricefor": 1, "currency": "AZN", "discount": null, "distance": null, "durationday": null, "durationnight": null, "datefrom": "2021-01-28", "dateto": "2021-01-28", "viewcount": 0, "avatar": "", "cover": "", "trainer": "Mirvari", "availabledays": null, "status": 2, "rating": null, "start_hour": "02:01:00", "finish_hour": "12:12:00", "map_link": "https://www.google.com/maps/d/u/0/embed?mid=1AO8_s0SB_PgUR4Tzh9e4CCwNqwx2zSoP", "activated": false}}, {"model": "training.training", "pk": 18, "fields": {"organizer": 1, "title": "task 6", "keyword": null, "description": "Training Description in English:", "description_az": "Training Description in English:", "description_en": "Training Description in English:", "description_ru": null, "training_type": 1, "country": "Azerbaijan", "city": "Baku", "address": "28 May Street", "price": 22, "pricefor": 1, "currency": "AZN", "discount": null, "distance": null, "durationday": null, "durationnight": null, "datefrom": "2021-01-05", "dateto": "2021-01-29", "viewcount": 0, "avatar": "", "cover": "", "trainer": "Mirvari", "availabledays": null, "status": 2, "rating": null, "start_hour": "12:33:00", "finish_hour": "12:33:00", "map_link": "https://www.google.com/maps/d/u/0/embed?mid=1AO8_s0SB_PgUR4Tzh9e4CCwNqwx2zSoP", "activated": false}}, {"model": "training.training", "pk": 19, "fields": {"organizer": 1, "title": "test", "keyword": null, "description": "Training Description in Russia:", "description_az": "Training Description in English:", "description_en": "Training Description in Russia:", "description_ru": null, "training_type": 1, "country": "Azerbaijan", "city": "Baku", "address": "28 May Street", "price": 22, "pricefor": 1, "currency": "AZN", "discount": null, "distance": null, "durationday": null, "durationnight": null, "datefrom": "2001-12-12", "dateto": "2001-12-12", "viewcount": 0, "avatar": "", "cover": "", "trainer": "Mirvari", "availabledays": null, "status": 2, "rating": null, "start_hour": "12:12:00", "finish_hour": "12:12:00", "map_link": "https://www.google.com/maps/d/u/0/embed?mid=1AO8_s0SB_PgUR4Tzh9e4CCwNqwx2zSoP", "activated": false}}, {"model": "training.training", "pk": 20, "fields": {"organizer": 1, "title": "general test", "keyword": null, "description": "Training Description in Russia:", "description_az": "Training Description in English:", "description_en": "Training Description in Russia:", "description_ru": null, "training_type": 1, "country": "Azerbaijan", "city": "Baku", "address": "28 May Street", "price": 22, "pricefor": 1, "currency": "EUR", "discount": null, "distance": null, "durationday": 2, "durationnight": 3, "datefrom": "2021-02-19", "dateto": "2021-02-26", "viewcount": 3, "avatar": "training/avatar/international-tour-packages_xsq203s.jpg", "cover": "training/cover/tour-operator-business-plan.jpg", "trainer": null, "availabledays": null, "status": 1, "rating": null, "start_hour": "12:12:00", "finish_hour": "12:12:00", "map_link": "https://www.google.com/maps/d/u/0/embed?mid=1AO8_s0SB_PgUR4Tzh9e4CCwNqwx2zSoP", "activated": true}}, {"model": "training.training", "pk": 21, "fields": {"organizer": 1, "title": "story 1", "keyword": null, "description": "Training Description in English:", "description_az": "Training Description in English:", "description_en": "Training Description in English:", "description_ru": null, "training_type": 1, "country": "Azerbaijan", "city": "Baku", "address": "28 May Street", "price": 22, "pricefor": 1, "currency": "AZN", "discount": null, "distance": null, "durationday": 3, "durationnight": 5, "datefrom": "2001-12-12", "dateto": "2001-12-12", "viewcount": 0, "avatar": "", "cover": "", "trainer": "Mirvari", "availabledays": null, "status": 2, "rating": null, "start_hour": "12:12:00", "finish_hour": "12:12:00", "map_link": "https://www.google.com/maps/d/u/0/embed?mid=1AO8_s0SB_PgUR4Tzh9e4CCwNqwx2zSoP", "activated": false}}, {"model": "training.training", "pk": 23, "fields": {"organizer": 1, "title": "task 1", "keyword": null, "description": "Training Description in English:", "description_az": "Training Description in English:", "description_en": "Training Description in English:", "description_ru": null, "training_type": 1, "country": "Azerbaijan", "city": "Baku", "address": "28 May Street", "price": 22, "pricefor": 1, "currency": "AZN", "discount": null, "distance": null, "durationday": null, "durationnight": null, "datefrom": "2001-12-12", "dateto": "2001-12-12", "viewcount": 0, "avatar": "", "cover": "", "trainer": "Mirvari", "availabledays": null, "status": 2, "rating": null, "start_hour": "12:12:00", "finish_hour": "12:12:00", "map_link": "https://www.google.com/maps/d/u/0/embed?mid=1AO8_s0SB_PgUR4Tzh9e4CCwNqwx2zSoP", "activated": false}}, {"model": "training.training", "pk": 24, "fields": {"organizer": 1, "title": "test 2", "keyword": null, "description": "Training Description in English:", "description_az": "Training Description in English:", "description_en": "Training Description in English:", "description_ru": null, "training_type": 1, "country": "Turkey", "city": "Baku", "address": "28 May Street", "price": 22, "pricefor": 1, "currency": "AZN", "discount": null, "distance": null, "durationday": null, "durationnight": null, "datefrom": "2001-12-12", "dateto": "2001-12-12", "viewcount": 0, "avatar": "", "cover": "", "trainer": "Mirvari", "availabledays": null, "status": 2, "rating": null, "start_hour": "12:12:00", "finish_hour": "12:12:00", "map_link": "https://www.google.com/maps/d/u/0/embed?mid=1AO8_s0SB_PgUR4Tzh9e4CCwNqwx2zSoP", "activated": false}}, {"model": "training.training", "pk": 25, "fields": {"organizer": 1, "title": "task 1", "keyword": null, "description": "Training Description in English:", "description_az": "Training Description in English:", "description_en": "Training Description in English:", "description_ru": null, "training_type": 1, "country": "Turkey", "city": "Baku", "address": "28 May Street", "price": 22, "pricefor": 1, "currency": "AZN", "discount": null, "distance": null, "durationday": null, "durationnight": null, "datefrom": "2002-12-12", "dateto": "2001-12-12", "viewcount": 0, "avatar": "", "cover": "", "trainer": "Mirvari", "availabledays": null, "status": 2, "rating": null, "start_hour": "12:12:00", "finish_hour": "12:12:00", "map_link": "https://www.google.com/maps/d/u/0/embed?mid=1AO8_s0SB_PgUR4Tzh9e4CCwNqwx2zSoP", "activated": false}}, {"model": "training.training", "pk": 27, "fields": {"organizer": 1, "title": "test detail", "keyword": null, "description": "Training Description in English:", "description_az": "Training Description in Azerbaijan:", "description_en": "Training Description in English:", "description_ru": "Training Description in Russia:", "training_type": 1, "country": "Azerbaijan", "city": "Baku", "address": "28 May Street", "price": 22, "pricefor": 1, "currency": "AZN", "discount": null, "distance": null, "durationday": null, "durationnight": null, "datefrom": "2021-03-12", "dateto": "2021-03-26", "viewcount": 1, "avatar": "training/avatar/bmw_zdn56Mv.jpg", "cover": "training/cover/7gwVYS_usVn8lZ.jpg", "trainer": null, "availabledays": null, "status": 1, "rating": null, "start_hour": "00:56:00", "finish_hour": "00:57:00", "map_link": "https://www.google.com/maps/d/u/0/embed?mid=1AO8_s0SB_PgUR4Tzh9e4CCwNqwx2zSoP", "activated": true}}, {"model": "training.training", "pk": 28, "fields": {"organizer": 1, "title": "task 1", "keyword": null, "description": "Training Description in English:", "description_az": "", "description_en": "Training Description in English:", "description_ru": "", "training_type": 2, "country": "Azerbaijan", "city": "Baku", "address": "28 May Street", "price": 22, "pricefor": 1, "currency": "AZN", "discount": null, "distance": null, "durationday": null, "durationnight": null, "datefrom": null, "dateto": null, "viewcount": 0, "avatar": "", "cover": "", "trainer": "Mirvari", "availabledays": null, "status": 2, "rating": null, "start_hour": "23:36:00", "finish_hour": "23:35:00", "map_link": "https://www.google.com/maps/d/u/0/embed?mid=1AO8_s0SB_PgUR4Tzh9e4CCwNqwx2zSoP", "activated": false}}, {"model": "training.training", "pk": 29, "fields": {"organizer": 1, "title": "task 1", "keyword": null, "description": "Training Description in English:", "description_az": "", "description_en": "Training Description in English:", "description_ru": "", "training_type": 2, "country": "Azerbaijan", "city": "Baku", "address": "28 May Street", "price": 22, "pricefor": 1, "currency": "AZN", "discount": null, "distance": null, "durationday": null, "durationnight": null, "datefrom": null, "dateto": null, "viewcount": 0, "avatar": "", "cover": "", "trainer": "Mirvari", "availabledays": null, "status": 2, "rating": null, "start_hour": "23:36:00", "finish_hour": "23:35:00", "map_link": "https://www.google.com/maps/d/u/0/embed?mid=1AO8_s0SB_PgUR4Tzh9e4CCwNqwx2zSoP", "activated": false}}, {"model": "training.training", "pk": 30, "fields": {"organizer": 1, "title": "task 1", "keyword": null, "description": "Training Description in English:", "description_az": "", "description_en": "Training Description in English:", "description_ru": "", "training_type": 2, "country": "Azerbaijan", "city": "Baku", "address": "28 May Street", "price": 22, "pricefor": 1, "currency": "AZN", "discount": null, "distance": null, "durationday": null, "durationnight": null, "datefrom": null, "dateto": null, "viewcount": 0, "avatar": "", "cover": "", "trainer": "Mirvari", "availabledays": null, "status": 2, "rating": null, "start_hour": "23:42:00", "finish_hour": "23:43:00", "map_link": "https://www.google.com/maps/d/u/0/embed?mid=1AO8_s0SB_PgUR4Tzh9e4CCwNqwx2zSoP", "activated": false}}, {"model": "training.training", "pk": 31, "fields": {"organizer": 1, "title": "task 1", "keyword": null, "description": "raining Description in English:", "description_az": "", "description_en": "raining Description in English:", "description_ru": "", "training_type": 2, "country": "Turkey", "city": "Baku", "address": "28 May Street", "price": 22, "pricefor": 1, "currency": "AZN", "discount": null, "distance": null, "durationday": null, "durationnight": null, "datefrom": null, "dateto": null, "viewcount": 0, "avatar": "", "cover": "", "trainer": "Mirvari", "availabledays": null, "status": 2, "rating": null, "start_hour": "12:23:00", "finish_hour": "03:43:00", "map_link": "https://www.google.com/maps/d/u/0/embed?mid=1AO8_s0SB_PgUR4Tzh9e4CCwNqwx2zSoP", "activated": false}}, {"model": "training.training", "pk": 32, "fields": {"organizer": 1, "title": "task 1", "keyword": null, "description": "raining Description in English:", "description_az": "", "description_en": "raining Description in English:", "description_ru": "", "training_type": 2, "country": "Turkey", "city": "Baku", "address": "28 May Street", "price": 22, "pricefor": 1, "currency": "AZN", "discount": null, "distance": null, "durationday": null, "durationnight": null, "datefrom": null, "dateto": null, "viewcount": 0, "avatar": "", "cover": "", "trainer": "Mirvari", "availabledays": null, "status": 2, "rating": null, "start_hour": "12:23:00", "finish_hour": "03:43:00", "map_link": "https://www.google.com/maps/d/u/0/embed?mid=1AO8_s0SB_PgUR4Tzh9e4CCwNqwx2zSoP", "activated": false}}, {"model": "training.training", "pk": 33, "fields": {"organizer": 1, "title": "story 1", "keyword": null, "description": "Training Description in English:", "description_az": "", "description_en": "Training Description in English:", "description_ru": "", "training_type": 1, "country": "Turkey", "city": "Baku", "address": "Garabagh", "price": 22, "pricefor": 1, "currency": "AZN", "discount": null, "distance": null, "durationday": null, "durationnight": null, "datefrom": null, "dateto": null, "viewcount": 0, "avatar": "", "cover": "", "trainer": "Mirvari", "availabledays": null, "status": 2, "rating": null, "start_hour": "23:48:00", "finish_hour": "23:48:00", "map_link": "https://www.google.com/maps/d/u/0/embed?mid=1AO8_s0SB_PgUR4Tzh9e4CCwNqwx2zSoP", "activated": false}}, {"model": "training.training", "pk": 34, "fields": {"organizer": 1, "title": "story 1", "keyword": null, "description": "Training Description in English:", "description_az": "", "description_en": "Training Description in English:", "description_ru": "", "training_type": 1, "country": "Turkey", "city": "Baku", "address": "Garabagh", "price": 22, "pricefor": 1, "currency": "AZN", "discount": null, "distance": null, "durationday": null, "durationnight": null, "datefrom": null, "dateto": null, "viewcount": 0, "avatar": "", "cover": "", "trainer": "Mirvari", "availabledays": null, "status": 2, "rating": null, "start_hour": "23:48:00", "finish_hour": "23:48:00", "map_link": "https://www.google.com/maps/d/u/0/embed?mid=1AO8_s0SB_PgUR4Tzh9e4CCwNqwx2zSoP", "activated": false}}, {"model": "training.training", "pk": 36, "fields": {"organizer": 1, "title": "task 1", "keyword": null, "description": "Training Description in English:", "description_az": "", "description_en": "Training Description in English:", "description_ru": "", "training_type": 2, "country": "Azerbaijan", "city": "Baku", "address": "28 May Street", "price": 22, "pricefor": 1, "currency": "AZN", "discount": null, "distance": null, "durationday": null, "durationnight": null, "datefrom": null, "dateto": null, "viewcount": 0, "avatar": "", "cover": "", "trainer": "Mirvari", "availabledays": null, "status": 2, "rating": null, "start_hour": "12:23:00", "finish_hour": "00:23:00", "map_link": "https://www.google.com/maps/d/u/0/embed?mid=1AO8_s0SB_PgUR4Tzh9e4CCwNqwx2zSoP", "activated": false}}, {"model": "training.training", "pk": 37, "fields": {"organizer": 1, "title": "task 1", "keyword": null, "description": "Training Description in English:", "description_az": "", "description_en": "Training Description in English:", "description_ru": "", "training_type": 2, "country": "Azerbaijan", "city": "Baku", "address": "28 May Street", "price": 22, "pricefor": 1, "currency": "AZN", "discount": null, "distance": null, "durationday": null, "durationnight": null, "datefrom": null, "dateto": null, "viewcount": 0, "avatar": "", "cover": "", "trainer": "Mirvari", "availabledays": null, "status": 2, "rating": null, "start_hour": "12:23:00", "finish_hour": "00:23:00", "map_link": "https://www.google.com/maps/d/u/0/embed?mid=1AO8_s0SB_PgUR4Tzh9e4CCwNqwx2zSoP", "activated": false}}, {"model": "training.training", "pk": 38, "fields": {"organizer": 1, "title": "task 1", "keyword": null, "description": "Training Description in English:", "description_az": "", "description_en": "Training Description in English:", "description_ru": "", "training_type": 1, "country": "Azerbaijan", "city": "Baku", "address": "28 May Street", "price": 22, "pricefor": 1, "currency": "AZN", "discount": null, "distance": null, "durationday": null, "durationnight": null, "datefrom": null, "dateto": null, "viewcount": 0, "avatar": "", "cover": "", "trainer": "Mirvari", "availabledays": null, "status": 2, "rating": null, "start_hour": "12:23:00", "finish_hour": "02:13:00", "map_link": "https://www.google.com/maps/d/u/0/embed?mid=1AO8_s0SB_PgUR4Tzh9e4CCwNqwx2zSoP", "activated": false}}, {"model": "training.training", "pk": 39, "fields": {"organizer": 1, "title": "last test", "keyword": null, "description": "Training Description in English:", "description_az": "", "description_en": "Training Description in English:", "description_ru": "", "training_type": 2, "country": "Azerbaijan", "city": "Baku", "address": "28 May Street", "price": 22, "pricefor": 1, "currency": "AZN", "discount": null, "distance": null, "durationday": null, "durationnight": null, "datefrom": null, "dateto": null, "viewcount": 0, "avatar": "", "cover": "", "trainer": "Mirvari", "availabledays": null, "status": 2, "rating": null, "start_hour": "00:03:00", "finish_hour": "12:03:00", "map_link": "https://www.google.com/maps/d/u/0/embed?mid=1AO8_s0SB_PgUR4Tzh9e4CCwNqwx2zSoP", "activated": false}}, {"model": "training.training", "pk": 40, "fields": {"organizer": 1, "title": "last test", "keyword": null, "description": "Training Description in English:", "description_az": "", "description_en": "Training Description in English:", "description_ru": "", "training_type": 2, "country": "Azerbaijan", "city": "Baku", "address": "28 May Street", "price": 22, "pricefor": 1, "currency": "AZN", "discount": null, "distance": null, "durationday": null, "durationnight": null, "datefrom": null, "dateto": null, "viewcount": 0, "avatar": "", "cover": "", "trainer": "Mirvari", "availabledays": null, "status": 2, "rating": null, "start_hour": "00:03:00", "finish_hour": "12:03:00", "map_link": "https://www.google.com/maps/d/u/0/embed?mid=1AO8_s0SB_PgUR4Tzh9e4CCwNqwx2zSoP", "activated": false}}, {"model": "training.training", "pk": 41, "fields": {"organizer": 1, "title": "last test", "keyword": null, "description": "Training Description in English:", "description_az": "", "description_en": "Training Description in English:", "description_ru": "", "training_type": 2, "country": "Azerbaijan", "city": "Baku", "address": "28 May Street", "price": 22, "pricefor": 1, "currency": "AZN", "discount": null, "distance": null, "durationday": null, "durationnight": null, "datefrom": null, "dateto": null, "viewcount": 0, "avatar": "", "cover": "", "trainer": "Mirvari", "availabledays": null, "status": 2, "rating": null, "start_hour": "00:03:00", "finish_hour": "12:03:00", "map_link": "https://www.google.com/maps/d/u/0/embed?mid=1AO8_s0SB_PgUR4Tzh9e4CCwNqwx2zSoP", "activated": false}}, {"model": "training.training", "pk": 42, "fields": {"organizer": 1, "title": "last test", "keyword": null, "description": "Training Description in English:", "description_az": "", "description_en": "Training Description in English:", "description_ru": "", "training_type": 2, "country": "Azerbaijan", "city": "Baku", "address": "28 May Street", "price": 22, "pricefor": 1, "currency": "AZN", "discount": null, "distance": null, "durationday": null, "durationnight": null, "datefrom": null, "dateto": null, "viewcount": 0, "avatar": "", "cover": "", "trainer": "Mirvari", "availabledays": null, "status": 2, "rating": null, "start_hour": "00:03:00", "finish_hour": "12:03:00", "map_link": "https://www.google.com/maps/d/u/0/embed?mid=1AO8_s0SB_PgUR4Tzh9e4CCwNqwx2zSoP", "activated": false}}, {"model": "training.trainingdetail", "pk": 1, "fields": {"training": 27, "title": "test 1 update#", "title_az": "test 1", "title_en": "test 1 update#", "title_ru": "test 1", "text": "Training Description in English:", "text_az": "Training Description in Azerbaijan:", "text_en": "Training Description in English:", "text_ru": "Training Description in Russia:"}}, {"model": "training.trainingdetail", "pk": 2, "fields": {"training": 30, "title": "test 1", "title_az": "", "title_en": "test 1", "title_ru": "", "text": "Training Description in English:", "text_az": "", "text_en": "Training Description in English:", "text_ru": ""}}, {"model": "training.trainingimage", "pk": 1, "fields": {"training": 1, "image": "training/image/family-tour-odisha.jpg"}}, {"model": "training.trainingimage", "pk": 2, "fields": {"training": 1, "image": "training/image/open_top_london_bus_tour_640x360.jpg"}}, {"model": "training.trainingimage", "pk": 3, "fields": {"training": 1, "image": "training/image/tour-operator-business-plan.jpg"}}, {"model": "training.trainingimage", "pk": 7, "fields": {"training": 2, "image": "training/image/big-cat_K1ymbZK.jpg"}}, {"model": "training.trainingimage", "pk": 8, "fields": {"training": 20, "image": "training/image/AdobeStock_66932447.jpeg"}}, {"model": "training.trainingimage", "pk": 9, "fields": {"training": 20, "image": "training/image/bmw_Od16YHD.jpg"}}, {"model": "training.trainingimage", "pk": 10, "fields": {"training": 20, "image": "training/image/dark-road_WpWN13j.jpg"}}, {"model": "training.trainingimage", "pk": 11, "fields": {"training": 1, "image": "training/image/bmw_zIVSGxM.jpg"}}, {"model": "training.trainingimage", "pk": 13, "fields": {"training": 5, "image": "training/image/big-cat_HyuzAfR.jpg"}}, {"model": "training.trainingimage", "pk": 14, "fields": {"training": 7, "image": "training/image/bmw_sQPVBkL.jpg"}}, {"model": "training.trainingschedule", "pk": 1, "fields": {"training": 1, "schedule_image": "training/schedule/bmw_1.jpg"}}, {"model": "training.trainingschedule", "pk": 2, "fields": {"training": 1, "schedule_image": "training/schedule/international-tour-packages.jpg"}}, {"model": "training.trainingschedule", "pk": 3, "fields": {"training": 2, "schedule_image": "training/schedule/big-cat_uUaaGcJ.jpg"}}, {"model": "training.trainingschedule", "pk": 4, "fields": {"training": 2, "schedule_image": "training/schedule/dark-road.jpg"}}, {"model": "training.trainingschedule", "pk": 5, "fields": {"training": 2, "schedule_image": "training/schedule/bmw.jpg"}}, {"model": "training.trainingschedule", "pk": 6, "fields": {"training": 20, "schedule_image": "training/schedule/big-cat_t7B1u1I.jpg"}}, {"model": "training.trainingschedule", "pk": 7, "fields": {"training": 20, "schedule_image": "training/schedule/international-tour-packages_2fUxDAM.jpg"}}, {"model": "training.trainingschedule", "pk": 8, "fields": {"training": 20, "schedule_image": "training/schedule/msid-67382051width-96height-65.cms"}}, {"model": "training.trainingschedule", "pk": 9, "fields": {"training": 1, "schedule_image": "training/schedule/bmw_EyhHZ56.jpg"}}, {"model": "training.trainingschedule", "pk": 10, "fields": {"training": 5, "schedule_image": "training/schedule/bmw_hUEFpjG.jpg"}}, {"model": "training.trainingschedule", "pk": 11, "fields": {"training": 7, "schedule_image": "training/schedule/big-cat_HZC9X9L.jpg"}}, {"model": "training.trainingurl", "pk": 1, "fields": {"training": 20, "url": "https://soundcloud.com/discover"}}, {"model": "training.trainingurl", "pk": 2, "fields": {"training": 20, "url": "https://soundcloud.com/discover"}}, {"model": "training.trainingurl", "pk": 3, "fields": {"training": 20, "url": "https://soundcloud.com/discover"}}, {"model": "training.comment", "pk": 29, "fields": {"message": "training 1", "commented_at": "2020-11-13", "rating": 3, "comment_reply": null, "training": 1, "user": ["muradmemmedli"]}}, {"model": "training.comment", "pk": 30, "fields": {"message": "training 2", "commented_at": "2020-11-13", "rating": 4, "comment_reply": null, "training": 1, "user": ["muradmemmedli"]}}, {"model": "training.comment", "pk": 31, "fields": {"message": "training 1 reply", "commented_at": "2020-11-13", "rating": null, "comment_reply": 29, "training": 1, "user": ["muradmemmedli"]}}, {"model": "training.comment", "pk": 32, "fields": {"message": "training 1 reply 2", "commented_at": "2020-11-13", "rating": null, "comment_reply": 29, "training": 1, "user": ["muradmemmedli"]}}, {"model": "training.comment", "pk": 33, "fields": {"message": "training 1 reply reply", "commented_at": "2020-11-13", "rating": null, "comment_reply": 31, "training": 1, "user": ["muradmemmedli"]}}, {"model": "training.comment", "pk": 34, "fields": {"message": "training 1 reply reply 2", "commented_at": "2020-11-13", "rating": null, "comment_reply": 31, "training": 1, "user": ["muradmemmedli"]}}, {"model": "training.comment", "pk": 35, "fields": {"message": "training 1 reply 2 reply", "commented_at": "2020-11-13", "rating": null, "comment_reply": 32, "training": 1, "user": ["muradmemmedli"]}}, {"model": "training.comment", "pk": 36, "fields": {"message": "training 3", "commented_at": "2020-11-19", "rating": 3, "comment_reply": null, "training": 1, "user": ["muradmemmedli"]}}, {"model": "training.comment", "pk": 37, "fields": {"message": "training 1", "commented_at": "2020-11-19", "rating": 5, "comment_reply": null, "training": 2, "user": ["muradmemmedli"]}}, {"model": "training.comment", "pk": 38, "fields": {"message": "training 2", "commented_at": "2020-11-19", "rating": 1, "comment_reply": null, "training": 2, "user": ["muradmemmedli"]}}, {"model": "training.comment", "pk": 39, "fields": {"message": "training  reply", "commented_at": "2020-11-19", "rating": null, "comment_reply": 37, "training": 2, "user": ["ruhinshukurlu"]}}, {"model": "training.comment", "pk": 40, "fields": {"message": "new test comment", "commented_at": "2021-02-16", "rating": null, "comment_reply": 29, "training": 1, "user": ["ruhinshukurlu"]}}, {"model": "social_django.usersocialauth", "pk": 1, "fields": {"user": ["ruhid.sukurlu2001"], "provider": "google-oauth2", "uid": "ruhid.sukurlu2001@gmail.com", "extra_data": "{\"auth_time\": 1613813819, \"expires\": 3599, \"token_type\": \"Bearer\", \"access_token\": \"ya29.A0AfH6SMCR6oEBzPZjqdtqkTgKpfEPKlYGdCxlt2iOVzCoLABCjBqL8sUrpB6ISg27JZRiahzWIGs5Wii2PLpF-LvnAnMR26G0pb-y0tnO9bch4o8keeuY4NP3XL1vwKKAsVvuVziMyTDMxUpxN6gsu9YCrYel\"}", "created": "2021-02-20T09:36:59.585Z", "modified": "2021-02-20T09:36:59.592Z"}}]