[{"model": "sessions.session", "pk": "06dud66iekiifuambs9f87x1glwk5apw", "fields": {"session_data": "NWZkMGI1YzBkMjgwNmQ1ZjhjYTQ5NzAzOWQ4YzVhMTQwYjk0NGU0ZDp7fQ==", "expire_date": "2021-03-01T12:23:53.927Z"}}, {"model": "sessions.session", "pk": "0wlij74kys0fd3l052yawat8pn1av3ag", "fields": {"session_data": "NWZkMGI1YzBkMjgwNmQ1ZjhjYTQ5NzAzOWQ4YzVhMTQwYjk0NGU0ZDp7fQ==", "expire_date": "2021-02-21T12:03:41.539Z"}}, {"model": "sessions.session", "pk": "1df32l6ucshnh9ar1tbr613nkgff3l77", "fields": {"session_data": "ZDgwOTlkZGY3ODYxM2MzMGZjNjZiNGVlMmRiMzA0ZjZjZDUxM2Y3NTp7Il9hdXRoX3VzZXJfaWQiOiIzIiwiX2F1dGhfdXNlcl9iYWNrZW5kIjoiZGphbmdvLmNvbnRyaWIuYXV0aC5iYWNrZW5kcy5Nb2RlbEJhY2tlbmQiLCJfYXV0aF91c2VyX2hhc2giOiI1NzQyNTQ2NzdhMTQ2NDMyZDM4MmM2MTVlOTQ4ZmY2MWNlZDkxODg4In0=", "expire_date": "2021-03-07T09:44:33.621Z"}}, {"model": "sessions.session", "pk": "371sxbw4bd0bmjevcadyopvoamdt7wx2", "fields": {"session_data": "NWZkMGI1YzBkMjgwNmQ1ZjhjYTQ5NzAzOWQ4YzVhMTQwYjk0NGU0ZDp7fQ==", "expire_date": "2021-02-20T07:08:43.859Z"}}, {"model": "sessions.session", "pk": "3tuf9eomqgkufocl8ms0uyqdbsol146o", "fields": {"session_data": "NWZkMGI1YzBkMjgwNmQ1ZjhjYTQ5NzAzOWQ4YzVhMTQwYjk0NGU0ZDp7fQ==", "expire_date": "2021-03-01T12:25:41.705Z"}}, {"model": "sessions.session", "pk": "3x39xve3tg8ev53hbm63m00kt78ibii3", "fields": {"session_data": "NzZmOTFlYzZlNjEzMTA1ZmY2MDM5ZGViN2JiZTFmMmNlZmNjZDIzNjp7Il9hdXRoX3VzZXJfaWQiOiIxIiwiX2F1dGhfdXNlcl9iYWNrZW5kIjoiZGphbmdvLmNvbnRyaWIuYXV0aC5iYWNrZW5kcy5Nb2RlbEJhY2tlbmQiLCJfYXV0aF91c2VyX2hhc2giOiI0MTUyNzJlZmU0NWU2MjgxNDNlYmYxMGRjNWYxZjJhY2NiYWQzYmQ5In0=", "expire_date": "2021-02-20T07:09:03.018Z"}}, {"model": "sessions.session", "pk": "4wn19l1b4vvpy4f3oq8pbwe3f7uebzg5", "fields": {"session_data": "YmFhZmFiMDhiNTE1OTY2NjhhNmY5ZWI2ZTBjNWIyODk1NjRhMWRmNjp7Il9hdXRoX3VzZXJfaWQiOiIyIiwiX2F1dGhfdXNlcl9iYWNrZW5kIjoiZGphbmdvLmNvbnRyaWIuYXV0aC5iYWNrZW5kcy5Nb2RlbEJhY2tlbmQiLCJfYXV0aF91c2VyX2hhc2giOiI2ZThhMTQ1MDA5ZjllY2ViODZiMTQ2YzIwMjk1NmE5OWNmODk3ZTVlIn0=", "expire_date": "2021-01-15T18:03:34.894Z"}}, {"model": "sessions.session", "pk": "6isz5vorz5skxqpyqtv530z0xjtcs3cs", "fields": {"session_data": "NWZkMGI1YzBkMjgwNmQ1ZjhjYTQ5NzAzOWQ4YzVhMTQwYjk0NGU0ZDp7fQ==", "expire_date": "2021-03-01T12:19:12.570Z"}}, {"model": "sessions.session", "pk": "6o6o8kaxj9ud0ckmuvvtab8tak2paw8l", "fields": {"session_data": "NWZkMGI1YzBkMjgwNmQ1ZjhjYTQ5NzAzOWQ4YzVhMTQwYjk0NGU0ZDp7fQ==", "expire_date": "2021-02-20T07:07:52.051Z"}}, {"model": "sessions.session", "pk": "6q73chic9twzo3t2wx9hwmorv947zrnp", "fields": {"session_data": "YmFhZmFiMDhiNTE1OTY2NjhhNmY5ZWI2ZTBjNWIyODk1NjRhMWRmNjp7Il9hdXRoX3VzZXJfaWQiOiIyIiwiX2F1dGhfdXNlcl9iYWNrZW5kIjoiZGphbmdvLmNvbnRyaWIuYXV0aC5iYWNrZW5kcy5Nb2RlbEJhY2tlbmQiLCJfYXV0aF91c2VyX2hhc2giOiI2ZThhMTQ1MDA5ZjllY2ViODZiMTQ2YzIwMjk1NmE5OWNmODk3ZTVlIn0=", "expire_date": "2021-01-20T08:58:04.700Z"}}, {"model": "sessions.session", "pk": "ar61bl2qpfn27zoxbasd80jplt1s7nfv", "fields": {"session_data": "NWZkMGI1YzBkMjgwNmQ1ZjhjYTQ5NzAzOWQ4YzVhMTQwYjk0NGU0ZDp7fQ==", "expire_date": "2021-03-01T12:18:23.058Z"}}, {"model": "sessions.session", "pk": "brblfho6v5fkywxj99xjja1942rgzxiu", "fields": {"session_data": "NWZkMGI1YzBkMjgwNmQ1ZjhjYTQ5NzAzOWQ4YzVhMTQwYjk0NGU0ZDp7fQ==", "expire_date": "2021-03-01T12:18:41.440Z"}}, {"model": "sessions.session", "pk": "fprrtilghm0h100pitchn0cu7gwewxo3", "fields": {"session_data": "ZDgwOTlkZGY3ODYxM2MzMGZjNjZiNGVlMmRiMzA0ZjZjZDUxM2Y3NTp7Il9hdXRoX3VzZXJfaWQiOiIzIiwiX2F1dGhfdXNlcl9iYWNrZW5kIjoiZGphbmdvLmNvbnRyaWIuYXV0aC5iYWNrZW5kcy5Nb2RlbEJhY2tlbmQiLCJfYXV0aF91c2VyX2hhc2giOiI1NzQyNTQ2NzdhMTQ2NDMyZDM4MmM2MTVlOTQ4ZmY2MWNlZDkxODg4In0=", "expire_date": "2020-12-03T04:55:15.613Z"}}, {"model": "sessions.session", "pk": "go40p0nyskrnqe33iiskmcahr6cv8mzb", "fields": {"session_data": "NzZmOTFlYzZlNjEzMTA1ZmY2MDM5ZGViN2JiZTFmMmNlZmNjZDIzNjp7Il9hdXRoX3VzZXJfaWQiOiIxIiwiX2F1dGhfdXNlcl9iYWNrZW5kIjoiZGphbmdvLmNvbnRyaWIuYXV0aC5iYWNrZW5kcy5Nb2RlbEJhY2tlbmQiLCJfYXV0aF91c2VyX2hhc2giOiI0MTUyNzJlZmU0NWU2MjgxNDNlYmYxMGRjNWYxZjJhY2NiYWQzYmQ5In0=", "expire_date": "2020-11-24T20:18:26.396Z"}}, {"model": "sessions.session", "pk": "lduzh7i6co7dsk2d6a3pv8c8ay047mht", "fields": {"session_data": "NWZkMGI1YzBkMjgwNmQ1ZjhjYTQ5NzAzOWQ4YzVhMTQwYjk0NGU0ZDp7fQ==", "expire_date": "2021-02-21T11:56:44.895Z"}}, {"model": "sessions.session", "pk": "li337fclvn3ehi27l6nn4h8xyd6bvbzq", "fields": {"session_data": "NzZmOTFlYzZlNjEzMTA1ZmY2MDM5ZGViN2JiZTFmMmNlZmNjZDIzNjp7Il9hdXRoX3VzZXJfaWQiOiIxIiwiX2F1dGhfdXNlcl9iYWNrZW5kIjoiZGphbmdvLmNvbnRyaWIuYXV0aC5iYWNrZW5kcy5Nb2RlbEJhY2tlbmQiLCJfYXV0aF91c2VyX2hhc2giOiI0MTUyNzJlZmU0NWU2MjgxNDNlYmYxMGRjNWYxZjJhY2NiYWQzYmQ5In0=", "expire_date": "2021-02-03T11:46:48.397Z"}}, {"model": "sessions.session", "pk": "oddma2x6bfy22gj6k0ascnvm5jg0rlr1", "fields": {"session_data": "NzZmOTFlYzZlNjEzMTA1ZmY2MDM5ZGViN2JiZTFmMmNlZmNjZDIzNjp7Il9hdXRoX3VzZXJfaWQiOiIxIiwiX2F1dGhfdXNlcl9iYWNrZW5kIjoiZGphbmdvLmNvbnRyaWIuYXV0aC5iYWNrZW5kcy5Nb2RlbEJhY2tlbmQiLCJfYXV0aF91c2VyX2hhc2giOiI0MTUyNzJlZmU0NWU2MjgxNDNlYmYxMGRjNWYxZjJhY2NiYWQzYmQ5In0=", "expire_date": "2020-11-29T14:57:09.816Z"}}, {"model": "sessions.session", "pk": "onxlhdugwl7tne7lly0yup3foo8ng9ug", "fields": {"session_data": "NzZmOTFlYzZlNjEzMTA1ZmY2MDM5ZGViN2JiZTFmMmNlZmNjZDIzNjp7Il9hdXRoX3VzZXJfaWQiOiIxIiwiX2F1dGhfdXNlcl9iYWNrZW5kIjoiZGphbmdvLmNvbnRyaWIuYXV0aC5iYWNrZW5kcy5Nb2RlbEJhY2tlbmQiLCJfYXV0aF91c2VyX2hhc2giOiI0MTUyNzJlZmU0NWU2MjgxNDNlYmYxMGRjNWYxZjJhY2NiYWQzYmQ5In0=", "expire_date": "2021-01-12T18:06:44.748Z"}}, {"model": "sessions.session", "pk": "pm7cmwthebm4jwnp4nuzh28ecr18f5dj", "fields": {"session_data": "NWZkMGI1YzBkMjgwNmQ1ZjhjYTQ5NzAzOWQ4YzVhMTQwYjk0NGU0ZDp7fQ==", "expire_date": "2021-02-20T07:08:18.155Z"}}, {"model": "sessions.session", "pk": "qzvuvz1e9e1d5k4jsb523asvqe5g6rq1", "fields": {"session_data": "YmFhZmFiMDhiNTE1OTY2NjhhNmY5ZWI2ZTBjNWIyODk1NjRhMWRmNjp7Il9hdXRoX3VzZXJfaWQiOiIyIiwiX2F1dGhfdXNlcl9iYWNrZW5kIjoiZGphbmdvLmNvbnRyaWIuYXV0aC5iYWNrZW5kcy5Nb2RlbEJhY2tlbmQiLCJfYXV0aF91c2VyX2hhc2giOiI2ZThhMTQ1MDA5ZjllY2ViODZiMTQ2YzIwMjk1NmE5OWNmODk3ZTVlIn0=", "expire_date": "2021-03-02T12:41:56.667Z"}}, {"model": "sessions.session", "pk": "rr9wwzd1vyhz4wjycs7moub7gl6rhnid", "fields": {"session_data": "NWZkMGI1YzBkMjgwNmQ1ZjhjYTQ5NzAzOWQ4YzVhMTQwYjk0NGU0ZDp7fQ==", "expire_date": "2021-02-20T07:14:54.298Z"}}, {"model": "sessions.session", "pk": "seub5qaua4sswmy7pwy48dm38b7ccxwl", "fields": {"session_data": "YmFhZmFiMDhiNTE1OTY2NjhhNmY5ZWI2ZTBjNWIyODk1NjRhMWRmNjp7Il9hdXRoX3VzZXJfaWQiOiIyIiwiX2F1dGhfdXNlcl9iYWNrZW5kIjoiZGphbmdvLmNvbnRyaWIuYXV0aC5iYWNrZW5kcy5Nb2RlbEJhY2tlbmQiLCJfYXV0aF91c2VyX2hhc2giOiI2ZThhMTQ1MDA5ZjllY2ViODZiMTQ2YzIwMjk1NmE5OWNmODk3ZTVlIn0=", "expire_date": "2020-12-03T05:22:37.565Z"}}, {"model": "sessions.session", "pk": "uawdozlooiq0utd70ai94uhryya4zety", "fields": {"session_data": "NzZmOTFlYzZlNjEzMTA1ZmY2MDM5ZGViN2JiZTFmMmNlZmNjZDIzNjp7Il9hdXRoX3VzZXJfaWQiOiIxIiwiX2F1dGhfdXNlcl9iYWNrZW5kIjoiZGphbmdvLmNvbnRyaWIuYXV0aC5iYWNrZW5kcy5Nb2RlbEJhY2tlbmQiLCJfYXV0aF91c2VyX2hhc2giOiI0MTUyNzJlZmU0NWU2MjgxNDNlYmYxMGRjNWYxZjJhY2NiYWQzYmQ5In0=", "expire_date": "2021-03-03T07:16:52.591Z"}}, {"model": "sessions.session", "pk": "z1ldtw16tc07b2rw02obhk6gt2apswcd", "fields": {"session_data": "NmI2ZTI3N2QwMDM0MmVjOGQ5NzlhMjA2NmU2MDcwZjM0ZWQ1OTNkMDp7Il9hdXRoX3VzZXJfaWQiOiI4IiwiX2F1dGhfdXNlcl9iYWNrZW5kIjoiZGphbmdvLmNvbnRyaWIuYXV0aC5iYWNrZW5kcy5Nb2RlbEJhY2tlbmQiLCJfYXV0aF91c2VyX2hhc2giOiJmYWJkNjBhNTNlNzVlMmJjNzIzYjY3ZDg0ODg1OWIwMzQ1ZGI2MWQ0In0=", "expire_date": "2021-02-16T14:54:39.509Z"}}, {"model": "account.user", "pk": 1, "fields": {"password": "pbkdf2_sha256$180000$bv1Wc1HiPsB2$2GJUdnK+rKxlad4kIF/HJFRgVy6HNdqKgW4HxYPabJc=", "last_login": "2021-02-17T07:16:52.588Z", "is_superuser": true, "first_name": "", "last_name": "", "is_user": false, "is_organizer": false, "email": "", "username": "admin", "profile_img": "", "date_joined": "2020-11-10T20:16:26.636Z", "is_staff": true, "is_active": true, "activated": false, "groups": [], "user_permissions": []}}, {"model": "account.user", "pk": 2, "fields": {"password": "pbkdf2_sha256$180000$KjxrmOHzmmQH$Mbb0hThW0vwUMbBoDvqIHTJdIAcqrCV2NY3TeMU4IHY=", "last_login": "2021-02-21T08:30:37.952Z", "is_superuser": false, "first_name": "", "last_name": "", "is_user": false, "is_organizer": true, "email": "ruhinshukurlu@gmail.com", "username": "ruhinshukurlu", "profile_img": "profile-pictures/bmw_4AmP9V7.jpg", "date_joined": "2020-11-10T20:19:09.805Z", "is_staff": false, "is_active": true, "activated": true, "groups": [], "user_permissions": []}}, {"model": "account.user", "pk": 3, "fields": {"password": "pbkdf2_sha256$180000$ok9wFq4quauW$19iy9uf84QibTqALRL9PT3VYgA14ofWPDRWzz8OnaTw=", "last_login": "2021-02-21T09:44:33.619Z", "is_superuser": false, "first_name": "", "last_name": "", "is_user": true, "is_organizer": false, "email": "murad@gmail.com", "username": "muradmemmedli", "profile_img": "profile-pictures/bmw_EAH4X4p.jpg", "date_joined": "2020-11-10T20:27:22.492Z", "is_staff": false, "is_active": true, "activated": false, "groups": [], "user_permissions": []}}, {"model": "account.user", "pk": 4, "fields": {"password": "pbkdf2_sha256$180000$fMlrupp91HEc$JLdcct78VnhfqgvGZUSxGVTzK42/cT/VykLz9z5IrKo=", "last_login": "2020-11-14T16:12:33.762Z", "is_superuser": false, "first_name": "", "last_name": "", "is_user": false, "is_organizer": true, "email": "ruhin@gmail.com", "username": "ruhinshukurlu054", "profile_img": "profile-pictures/open_top_london_bus_tour_640x360.jpg", "date_joined": "2020-11-14T16:11:21.896Z", "is_staff": false, "is_active": true, "activated": false, "groups": [], "user_permissions": []}}, {"model": "account.user", "pk": 5, "fields": {"password": "pbkdf2_sha256$180000$drjGUtkSqPDX$nxvw2af5hjfrbmj4nYaDlxdGbd0KGJ9ikvN59xvn3OU=", "last_login": "2020-11-15T15:03:17.642Z", "is_superuser": false, "first_name": "", "last_name": "", "is_user": false, "is_organizer": true, "email": "togrul@gmail.com", "username": "togrulmemmedli", "profile_img": "", "date_joined": "2020-11-15T15:03:17.634Z", "is_staff": false, "is_active": true, "activated": false, "groups": [], "user_permissions": []}}, {"model": "account.user", "pk": 6, "fields": {"password": "pbkdf2_sha256$180000$kilIUn81E9MW$qOaAhnM1Sv1ncAJcy78lhSeKDPi7q9Q8htaaH2PscLs=", "last_login": "2020-11-19T04:55:54.604Z", "is_superuser": false, "first_name": "", "last_name": "", "is_user": false, "is_organizer": true, "email": "ruhid@gmail.com", "username": "ruhid.shukurlu", "profile_img": "", "date_joined": "2020-11-17T20:19:08.232Z", "is_staff": false, "is_active": true, "activated": false, "groups": [], "user_permissions": []}}, {"model": "account.user", "pk": 9, "fields": {"password": "pbkdf2_sha256$180000$ZIiODXBM44tQ$bFK5J6+0T1tf6QD/1cm5qRw2UpierwIA7e/C3DpW4MU=", "last_login": null, "is_superuser": false, "first_name": "", "last_name": "", "is_user": false, "is_organizer": true, "email": "test@gmail.com", "username": "test_ruhin", "profile_img": "", "date_joined": "2021-02-07T12:07:52.176Z", "is_staff": false, "is_active": false, "activated": false, "groups": [], "user_permissions": []}}, {"model": "account.user", "pk": 12, "fields": {"password": "pbkdf2_sha256$180000$8OwIefkOp6iW$yrp7FSTvLWe0rYt1hPiJn+rUQ++kXHFP7YQuDs3VLi8=", "last_login": "2021-02-13T12:45:47.903Z", "is_superuser": false, "first_name": "", "last_name": "", "is_user": false, "is_organizer": true, "email": "email@gmail.com", "username": "email_test", "profile_img": "", "date_joined": "2021-02-13T12:45:44.838Z", "is_staff": false, "is_active": false, "activated": false, "groups": [], "user_permissions": []}}, {"model": "account.user", "pk": 13, "fields": {"password": "!DEIGG8weU6A62oWPcy112yaA0SzdLAfKVo0ZcfAW", "last_login": null, "is_superuser": false, "first_name": "Sukurlu", "last_name": "Ruhid", "is_user": false, "is_organizer": false, "email": "ruhid.sukurlu2001@gmail.com", "username": "ruhid.sukurlu2001", "profile_img": "", "date_joined": "2021-02-20T09:36:59.579Z", "is_staff": false, "is_active": true, "activated": false, "groups": [], "user_permissions": []}}, {"model": "account.user", "pk": 14, "fields": {"password": "pbkdf2_sha256$180000$zJwVUEWOgr0h$TF/xYC2+zVwL3dWlUPyssEiPb6ZGDHWMp6kjfRJj19g=", "last_login": "2021-02-20T12:07:53.224Z", "is_superuser": false, "first_name": "", "last_name": "", "is_user": false, "is_organizer": true, "email": "new_test@gmail.com", "username": "new_test", "profile_img": "profile-pictures/big-cat.jpg", "date_joined": "2021-02-20T12:07:50.530Z", "is_staff": false, "is_active": true, "activated": false, "groups": [], "user_permissions": []}}, {"model": "account.user", "pk": 15, "fields": {"password": "pbkdf2_sha256$180000$kXIEftDIYLOj$V8n5b54HTOnnRS742VA+tKizf5EWgQzgtISSx+qsFbw=", "last_login": "2021-02-20T17:35:02.231Z", "is_superuser": false, "first_name": "", "last_name": "", "is_user": false, "is_organizer": true, "email": "ruhidshukurlu@gmail.com", "username": "ruhidshukurlu", "profile_img": "profile-pictures/big-cat_0mudwRX.jpg", "date_joined": "2021-02-20T17:34:12.725Z", "is_staff": false, "is_active": true, "activated": true, "groups": [], "user_permissions": []}}, {"model": "account.user", "pk": 16, "fields": {"password": "pbkdf2_sha256$180000$vwTvlpo3yQNt$mf8lQVc/utTvAnBOe8sbKJSLr//+lAjgyRf9Bz8Sxkc=", "last_login": "2021-02-20T19:07:43.213Z", "is_superuser": false, "first_name": "", "last_name": "", "is_user": false, "is_organizer": true, "email": "new_test_2@gmail.com", "username": "new_test_2", "profile_img": "", "date_joined": "2021-02-20T19:07:10.399Z", "is_staff": false, "is_active": true, "activated": true, "groups": [], "user_permissions": []}}, {"model": "account.user", "pk": 17, "fields": {"password": "pbkdf2_sha256$180000$pxTaPG2hCUhN$RXAVqhg+z6jdeyjSWBe435vLEB/DM9IThpNjR+9SWXg=", "last_login": "2021-02-20T20:34:52.753Z", "is_superuser": false, "first_name": "", "last_name": "", "is_user": false, "is_organizer": true, "email": "last@gmail.com", "username": "last_test", "profile_img": "", "date_joined": "2021-02-20T20:34:47.525Z", "is_staff": false, "is_active": false, "activated": false, "groups": [], "user_permissions": []}}, {"model": "account.customer", "pk": 3, "fields": {}}, {"model": "main.partner", "pk": 1, "fields": {"partner_url": null, "partner_logo": "partner-images/bmw_1.jpg"}}, {"model": "main.partner", "pk": 2, "fields": {"partner_url": null, "partner_logo": "partner-images/big-cat.jpg"}}, {"model": "organizer.organizer", "pk": 1, "fields": {"user": ["ruhinshukurlu"], "email": "wetravel@gmail.com", "organizer_name": "We Travel", "description": "Lorem Ipsum is simply dummy text of the printing and typesetting industry. Lorem Ipsum has been the industry's standard dummy text ever since the 1500s, when an unknown printer took a galley of type and scrambled it to make a type specimen book. It h", "website": "http://www.thestarongrand.com/", "facebook": "https://lipsum.com/", "instagram": "https://lipsum.com/", "keyword": null, "organizer_type": null, "about": "about", "address": "28 May Street", "contact_number_1": "2342314", "contact_number_2": "2342314", "profile_photo": "organizer/cover/bmw_AYfPSSq.jpg", "cover": "organizer/cover/bmw_5kASxxX.jpg", "viewcount": 0}}, {"model": "organizer.organizer", "pk": 2, "fields": {"user": ["ruhinshukurlu054"], "email": "", "organizer_name": "Ovcular", "description": "Lorem Ipsum is simply dummy text of the printing and typesetting industry. Lorem Ipsum has been the industry's standard dummy text ever since the 1500s, when an unknown printer took a galley of type and scrambled it to make a type specimen book. It h", "website": "http://www.watergrill.com/", "facebook": "https://lipsum.com/", "instagram": "https://lipsum.com/", "keyword": null, "organizer_type": null, "about": "Lorem Ipsum is simply dummy text of the printing and typesetting industry. Lorem Ipsum has been the industry's standard dummy text ever since the 1500s, when an unknown printer took a galley of type and scrambled it to make a type specimen book. It h", "address": null, "contact_number_1": null, "contact_number_2": null, "profile_photo": "", "cover": "organizer/cover/bmw_H3oTWNH.jpg", "viewcount": 0}}, {"model": "organizer.organizer", "pk": 3, "fields": {"user": ["togrulmemmedli"], "email": null, "organizer_name": "Wactop", "description": "Lorem Ipsum is simply dummy text of the printing and typesetting industry. Lorem Ipsum has been the industry's standard dummy text ever since the 1500s, when an unknown printer took a galley of type and scrambled it to make a type specimen book. It h", "website": "http://www.empiresteakhousenyc.com/", "facebook": "https://lipsum.com/", "instagram": "https://lipsum.com/", "keyword": null, "organizer_type": null, "about": "Lorem Ipsum is simply dummy text of the printing and typesetting industry. Lorem Ipsum has been the industry's standard dummy text ever since the 1500s, when an unknown printer took a galley of type and scrambled it to make a type specimen book. It h", "address": "28 May Street", "contact_number_1": "8743948394", "contact_number_2": "87439483", "profile_photo": "organizer/cover/bmw_dI05FuI.jpg", "cover": "organizer/cover/big-cat_y4XJGmM.jpg", "viewcount": 0}}, {"model": "organizer.organizer", "pk": 4, "fields": {"user": ["ruhid.shukurlu"], "email": null, "organizer_name": "New organizer", "description": "Lorem Ipsum is simply dummy text of the printing and typesetting industry. Lorem Ipsum has been the industry's standard dummy text ever since the 1500s, when an unknown printer took a galley of type and scrambled it to make a type specimen book. It h", "website": "http://www.thestarongrand.com/", "facebook": "https://lipsum.com/", "instagram": "https://lipsum.com/", "keyword": null, "organizer_type": null, "about": "Lorem Ipsum is simply dummy text of the printing and typesetting industry. Lorem Ipsum has been the industry's standard dummy text ever since the 1500s, when an unknown printer took a galley of type and scrambled it to make a type specimen book. It h", "address": "28 May Street", "contact_number_1": "8743948394", "contact_number_2": "87439483", "profile_photo": "organizer/cover/bmw_ZsifXb3.jpg", "cover": "organizer/cover/dark-road.jpg", "viewcount": 0}}, {"model": "organizer.organizer", "pk": 6, "fields": {"user": ["test_ruhin"], "email": null, "organizer_name": "test organizer", "description": "Well, any machine learning problem can be assigned to one of the two broad classifications:\r\n#", "website": "http://www.juniperonthewater.com/", "facebook": "https://lipsum.com/", "instagram": "https://lipsum.com/", "keyword": null, "organizer_type": null, "about": "Well, any machine learning problem can be assigned to one of the two broad classifications:\r\nSupervised l", "address": "28 May Street", "contact_number_1": "8743948394", "contact_number_2": "87439483", "profile_photo": "organizer/cover/dark-road_6UgvotD.jpg", "cover": "organizer/cover/bmw_qywjx2k.jpg", "viewcount": 0}}, {"model": "organizer.organizer", "pk": 9, "fields": {"user": ["email_test"], "email": null, "organizer_name": "email Test", "description": "ndustry. Lorem Ipsum has been the industry's standard dummy text ever since the 1500s, when an unknown printer took a galley of type and scrambled it to make a type specimen book. It has survived not only five", "website": "http://www.juniperonthewater.com/", "facebook": "https://lipsum.com/", "instagram": "https://lipsum.com/", "keyword": null, "organizer_type": null, "about": "ndustry. Lorem Ipsum has been the industry's standard dummy text ever since the 1500s, when an unknown printer took a galley of type and scrambled it to make a type specimen book. It has survived not only five", "address": "28 May Street", "contact_number_1": "8743948394", "contact_number_2": "87439483", "profile_photo": "organizer/cover/activity-profile.jpg", "cover": "organizer/cover/activity-cover.jpg", "viewcount": 0}}, {"model": "organizer.organizer", "pk": 10, "fields": {"user": ["new_test"], "email": null, "organizer_name": "new general test", "description": "qerjmkfwfnf2qnfeerjkfnjfnkefjn", "website": "http://www.juniperonthewater.com/", "facebook": "https://lipsum.com/", "instagram": "https://lipsum.com/", "keyword": null, "organizer_type": null, "about": "qerjmkfwfnf2qnfeerjkfnjfnkefjn", "address": "28 May Street", "contact_number_1": "8743948394", "contact_number_2": "87439483", "profile_photo": "organizer/cover/bmw_UjMpv74.jpg", "cover": "organizer/cover/big-cat_g3cRxMi.jpg", "viewcount": 0}}, {"model": "organizer.organizer", "pk": 11, "fields": {"user": ["ruhidshukurlu"], "email": null, "organizer_name": "general test", "description": "Lorem Ipsum is simply dummy text of the printing and typesetting industry. Lorem Ipsum has been the industry's standard dummy text ever since the 1500s, when an unknown printer took a galley of type and scrambled it to make a type specimen book. It h", "website": "http://www.thestarongrand.com/", "facebook": "https://lipsum.com/", "instagram": "https://lipsum.com/", "keyword": null, "organizer_type": null, "about": "Lorem Ipsum is simply dummy text of the printing and typesetting industry. Lorem Ipsum has been the industry's standard dummy text ever since the 1500s, when an unknown printer took a galley of type and scrambled it to make a type specimen book. It h", "address": "28 May Street", "contact_number_1": "8743948394", "contact_number_2": "87439483", "profile_photo": "organizer/cover/bmw_Gf2NIsM.jpg", "cover": "organizer/cover/big-cat_9FO2r5p.jpg", "viewcount": 0}}, {"model": "organizer.organizer", "pk": 12, "fields": {"user": ["new_test_2"], "email": null, "organizer_name": "new test 2", "description": "description : Lorem Ipsum is simply dummy text of the printing and typesetting industry. Lorem Ipsum has been the industry's standard dummy text ever since the 1500s, when an unknown printer took a galley of type and scrambled it to make a type speci", "website": "http://www.watergrill.com/", "facebook": "https://lipsum.com/", "instagram": "https://lipsum.com/", "keyword": null, "organizer_type": null, "about": "about : Lorem Ipsum is simply dummy text of the printing and typesetting industry. Lorem Ipsum has been the industry's standard dummy text ever since the 1500s, when an unknown printer took a galley of type and scrambled it to make a type specimen bo", "address": "28 May Street", "contact_number_1": "8743948394", "contact_number_2": "87439483", "profile_photo": "organizer/cover/dark-road_K9CgEwi.jpg", "cover": "organizer/cover/bmw_mr1SbBS.jpg", "viewcount": 0}}, {"model": "organizer.organizer", "pk": 13, "fields": {"user": ["last_test"], "email": null, "organizer_name": "last test", "description": "Lorem Ipsum is simply dummy text of the printing and typesetting industry. Lorem Ipsum has been the industry's standard dummy text ever since the 1500s, when an unknown printer took a galley of type and scrambled it to make a type specimen book. It h", "website": "http://www.juniperonthewater.com/", "facebook": "https://lipsum.com/", "instagram": "https://lipsum.com/", "keyword": null, "organizer_type": null, "about": "Lorem Ipsum is simply dummy text of the printing and typesetting industry. Lorem Ipsum has been the industry's standard dummy text ever since the 1500s, when an unknown printer took a galley of type and scrambled it to make a type specimen book. It h", "address": "28 May Street", "contact_number_1": "8743948394", "contact_number_2": "87439483", "profile_photo": "organizer/cover/bmw_ISSBtaN.jpg", "cover": "organizer/cover/bmw_1_m0CmNJ3.jpg", "viewcount": 0}}, {"model": "organizer.organizerimage", "pk": 1, "fields": {"organizer": 1, "image": "organizer/image/family-tour-odisha_3hM9X8x.jpg"}}, {"model": "organizer.organizerimage", "pk": 2, "fields": {"organizer": 1, "image": "organizer/image/international-tour-packages_4fcVBgH.jpg"}}, {"model": "organizer.organizerimage", "pk": 3, "fields": {"organizer": 1, "image": "organizer/image/open_top_london_bus_tour_640x360_u8dAZL5.jpg"}}, {"model": "organizer.organizerimage", "pk": 4, "fields": {"organizer": 1, "image": "organizer/image/swiezmifobyjibudd4cc.webp"}}, {"model": "organizer.organizerimage", "pk": 5, "fields": {"organizer": 1, "image": "organizer/image/tour-operator-business-plan_RbpOiKr.jpg"}}, {"model": "organizer.organizerimage", "pk": 6, "fields": {"organizer": 1, "image": "organizer/image/big-cat_vCMk4SD.jpg"}}, {"model": "organizer.organizerimage", "pk": 7, "fields": {"organizer": 10, "image": "organizer/image/bmw_1_MahoPNz.jpg"}}, {"model": "organizer.guide", "pk": 1, "fields": {"organizer": 1, "name": "ruhin", "surname": "Shukurlu", "experience": "1 year", "certification": "amateur"}}, {"model": "organizer.instructor", "pk": 1, "fields": {"organizer": 1, "name": "Ruhid", "surname": "Shukurlu", "experience": "3 year", "certification": "amateur"}}, {"model": "organizer.contact", "pk": 1, "fields": {"first_name": "Ruhin", "last_name": "Shukurlu", "email": "ruhinshukurlu@gmail.com", "phone_number": "0519031166", "message": "Lorem Ipsum is simply dummy text of the printing and typesetting industry. Lorem Ipsum has been the industry's standard dummy text ever since the 1500s, when an unknown printer took a galley of type and scrambled it to make a type specimen book. It has survived not only five centuries,"}}, {"model": "organizer.contact", "pk": 2, "fields": {"first_name": "Mehemmed", "last_name": "Shukurlu", "email": "molla@gmail.com", "phone_number": "051 903 11 66", "message": "Lorem Ipsum is simply dummy text of the printing and typesetting industry. Lorem Ipsum has been the industry's standard dummy text ever since the 1500s, when an unknown printer took a galley of type and scrambled it to make a type specimen book. It has survived not only five centuries, but also the leap into electronic typesetting, remaining essen"}}, {"model": "organizer.contact", "pk": 3, "fields": {"first_name": "Ruhin", "last_name": "Shukurlu", "email": "ruhinshukurlu@gmail.com", "phone_number": "92482091830293", "message": "Lorem Ipsum is simply dummy text of the printing and typesetting industry. Lorem Ipsum has been the industry's standard dummy text ever since the 1500s, when an unknown printer took a galley of type and scrambled it to make a type specimen book. It has survived not only five centuries, but also the leap into electronic typesetting, remaining essen"}}, {"model": "tour.tourtype", "pk": 1, "fields": {"title": "Hiking"}}, {"model": "tour.type", "pk": 1, "fields": {"type": "Hiking"}}, {"model": "tour.tour", "pk": 3, "fields": {"organizer": 2, "title": "tour 3", "keyword": null, "descriptionaz": "Lorem Ipsum is simply dummy text of the printing and typesetting industry. Lorem Ipsum has been the industry's standard dummy text ever since the 1500s, when an unknown printer took a galley of type and scrambled it to make a type specimen book. It has survived not only five centuries,", "descriptionen": "Lorem Ipsum is simply dummy text of the printing and typesetting industry. Lorem Ipsum has been the industry's standard dummy text ever since the 1500s, when an unknown printer took a galley of type and scrambled it to make a type specimen book. It has survived not only five centuries,", "descriptionru": "Lorem Ipsum is simply dummy text of the printing and typesetting industry. Lorem Ipsum has been the industry's standard dummy text ever since the 1500s, when an unknown printer took a galley of type and scrambled it to make a type specimen book. It has survived not only five centuries,", "tour_type": 1, "country": "Pakistan", "city": "islamabad", "address": "Garabagh", "price": 323, "pricefor": 1, "currency": "AZN", "discount": null, "distance": null, "durationday": 3, "durationnight": 4, "datefrom": "2020-11-16", "dateto": "2020-11-26", "viewcount": 5, "avatar": "tour/avatar/swiezmifobyjibudd4cc.webp", "cover": "tour/cover/tour-operator-business-plan.jpg", "guide": "Mirvari", "status": 1, "rating": 4, "activated": true, "map_link": null}}, {"model": "tour.tour", "pk": 4, "fields": {"organizer": 2, "title": "tour 4", "keyword": null, "descriptionaz": "Lorem Ipsum is simply dummy text of the printing and typesetting industry. Lorem Ipsum has been the industry's standard dummy text ever since the 1500s, when an unknown printer took a galley of type and scrambled it to make a type specimen book. It has survived not only five centuries,", "descriptionen": "Lorem Ipsum is simply dummy text of the printing and typesetting industry. Lorem Ipsum has been the industry's standard dummy text ever since the 1500s, when an unknown printer took a galley of type and scrambled it to make a type specimen book. It has survived not only five centuries,", "descriptionru": "Lorem Ipsum is simply dummy text of the printing and typesetting industry. Lorem Ipsum has been the industry's standard dummy text ever since the 1500s, when an unknown printer took a galley of type and scrambled it to make a type specimen book. It has survived not only five centuries,", "tour_type": 1, "country": "Turkey", "city": "Ankara", "address": "28 May Street", "price": 23, "pricefor": 1, "currency": "AZN", "discount": null, "distance": null, "durationday": 2, "durationnight": 3, "datefrom": "2020-11-24", "dateto": "2020-11-27", "viewcount": 3, "avatar": "tour/avatar/open_top_london_bus_tour_640x360.jpg", "cover": "tour/cover/bmw_1_QO50MI0.jpg", "guide": "Mirvari", "status": 1, "rating": null, "activated": true, "map_link": null}}, {"model": "tour.tour", "pk": 5, "fields": {"organizer": 4, "title": "tour 5", "keyword": null, "descriptionaz": "Lorem Ipsum is simply dummy text of the printing and typesetting industry. Lorem Ipsum has been the industry's standard dummy text ever since the 1500s, when an unknown printer took a galley of type and scrambled it to make a type specimen book. It has survived not only five centuries,", "descriptionen": "Lorem Ipsum is simply dummy text of the printing and typesetting industry. Lorem Ipsum has been the industry's standard dummy text ever since the 1500s, when an unknown printer took a galley of type and scrambled it to make a type specimen book. It has survived not only five centuries,", "descriptionru": "Lorem Ipsum is simply dummy text of the printing and typesetting industry. Lorem Ipsum has been the industry's standard dummy text ever since the 1500s, when an unknown printer took a galley of type and scrambled it to make a type specimen book. It has survived not only five centuries,", "tour_type": 1, "country": "Turkey", "city": "Ankara", "address": "28 May Street", "price": 324, "pricefor": 1, "currency": "AZN", "discount": null, "distance": null, "durationday": 3, "durationnight": 4, "datefrom": "2020-11-16", "dateto": "2020-11-26", "viewcount": 4, "avatar": "tour/avatar/bmw_8SMqoBW.jpg", "cover": "tour/cover/big-cat_2zR20yC.jpg", "guide": "ruhin", "status": 1, "rating": null, "activated": true, "map_link": null}}, {"model": "tour.tour", "pk": 6, "fields": {"organizer": 4, "title": "tour 6", "keyword": null, "descriptionaz": "Lorem Ipsum is simply dummy text of the printing and typesetting industry. Lorem Ipsum has been the industry's standard dummy text ever since the 1500s, when an unknown printer took a galley of type and scrambled it to make a type specimen book. It has survived not only five centuries,", "descriptionen": "Lorem Ipsum is simply dummy text of the printing and typesetting industry. Lorem Ipsum has been the industry's standard dummy text ever since the 1500s, when an unknown printer took a galley of type and scrambled it to make a type specimen book. It has survived not only five centuries,", "descriptionru": "Lorem Ipsum is simply dummy text of the printing and typesetting industry. Lorem Ipsum has been the industry's standard dummy text ever since the 1500s, when an unknown printer took a galley of type and scrambled it to make a type specimen book. It has survived not only five centuries,", "tour_type": 1, "country": "Azerbaijan", "city": "Baku", "address": "Garabagh", "price": 23, "pricefor": 1, "currency": "AZN", "discount": 20, "distance": null, "durationday": 3, "durationnight": 4, "datefrom": "2020-11-16", "dateto": "2020-11-27", "viewcount": 4, "avatar": "tour/avatar/bmw_1.jpg", "cover": "tour/cover/big-cat_Xzrjdn8.jpg", "guide": "Mirvari", "status": 1, "rating": 3, "activated": true, "map_link": "https://www.google.com/maps/d/u/0/embed?mid=1AO8_s0SB_PgUR4Tzh9e4CCwNqwx2zSoP"}}, {"model": "tour.tour", "pk": 9, "fields": {"organizer": 1, "title": "tour 9 update", "keyword": null, "descriptionaz": "Lorem Ipsum is simply dummy text of the printing and typesetting industry. Lorem Ipsum has been the industry's standard dummy text ever since the 1500s, when an unknown printer took a galley of type and scrambled it to make a type specimen book. It has survived not only five centuries, but also the leap into electronic typesetting, remaining essentially unchanged. It was popularised in the 1960s with the release", "descriptionen": "Lorem Ipsum is simply dummy text of the printing and typesetting industry. Lorem Ipsum has been the industry's standard dummy text ever since the 1500s, when an unknown printer took a galley of type and scrambled it to make a type specimen book. It has survived not only five centuries, but also the leap into electronic typesetting, remaining essentially unchanged. It was popularised in the 1960s with the release", "descriptionru": "Lorem Ipsum is simply dummy text of the printing and typesetting industry. Lorem Ipsum has been the industry's standard dummy text ever since the 1500s, when an unknown printer took a galley of type and scrambled it to make a type specimen book. It has survived not only five centuries, but also the leap into electronic typesetting, remaining essentially unchanged. It was popularised in the 1960s with the release", "tour_type": 1, "country": "Azerbaijan", "city": "Baku", "address": "28 May Street", "price": 22, "pricefor": 1, "currency": "AZN", "discount": 20, "distance": null, "durationday": 3, "durationnight": 4, "datefrom": "2021-02-18", "dateto": "2021-02-26", "viewcount": 4, "avatar": "tour/avatar/bmw_GxrGgru.jpg", "cover": "tour/cover/bmw_1_2g09f5d.jpg", "guide": "Mirvari", "status": 3, "rating": null, "activated": true, "map_link": "https://www.google.com/maps/d/u/0/embed?mid=1AO8_s0SB_PgUR4Tzh9e4CCwNqwx2zSoP"}}, {"model": "tour.tour", "pk": 10, "fields": {"organizer": 1, "title": "task 1", "keyword": null, "descriptionaz": "Lorem Ipsum is simply dummy text of the printing and typesetting industry. Lorem Ipsum has been the industry's standard dummy text ever since the 1500s, when an unknown printer took a galley of type and scrambled it to make a type specimen book. It has survived not only five centuries, but also the leap into electronic typesetting, remaining essentially unchanged. It was popularised in the 1960s with the release", "descriptionen": "Lorem Ipsum is simply dummy text of the printing and typesetting industry. Lorem Ipsum has been the industry's standard dummy text ever since the 1500s, when an unknown printer took a galley of type and scrambled it to make a type specimen book. It has survived not only five centuries, but also the leap into electronic typesetting, remaining essentially unchanged. It was popularised in the 1960s with the release", "descriptionru": "Lorem Ipsum is simply dummy text of the printing and typesetting industry. Lorem Ipsum has been the industry's standard dummy text ever since the 1500s, when an unknown printer took a galley of type and scrambled it to make a type specimen book. It has survived not only five centuries, but also the leap into electronic typesetting, remaining essentially unchanged. It was popularised in the 1960s with the release", "tour_type": 1, "country": "Azerbaijan", "city": "Baku", "address": "28 May Street", "price": 22, "pricefor": 1, "currency": "AZN", "discount": null, "distance": null, "durationday": 3, "durationnight": 5, "datefrom": "2021-01-22", "dateto": "2021-01-26", "viewcount": 2, "avatar": "tour/avatar/activity-profile.jpg", "cover": "tour/cover/activity-cover.jpg", "guide": "Mirvari", "status": 3, "rating": null, "activated": true, "map_link": null}}, {"model": "tour.tour", "pk": 11, "fields": {"organizer": 1, "title": "task 2", "keyword": null, "descriptionaz": "Lorem Ipsum is simply dummy text of the printing and typesetting industry. Lorem Ipsum has been the industry's standard dummy text ever since the 1500s, when an unknown printer took a galley of type and scrambled it to make a type specimen book. It has survived not only five centuries, but also the leap into electronic typesetting, remaining essentially unchanged. It was popularised in the 1960s with the release", "descriptionen": "Lorem Ipsum is simply dummy text of the printing and typesetting industry. Lorem Ipsum has been the industry's standard dummy text ever since the 1500s, when an unknown printer took a galley of type and scrambled it to make a type specimen book. It has survived not only five centuries, but also the leap into electronic typesetting, remaining essentially unchanged. It was popularised in the 1960s with the release", "descriptionru": "Lorem Ipsum is simply dummy text of the printing and typesetting industry. Lorem Ipsum has been the industry's standard dummy text ever since the 1500s, when an unknown printer took a galley of type and scrambled it to make a type specimen book. It has survived not only five centuries, but also the leap into electronic typesetting, remaining essentially unchanged. It was popularised in the 1960s with the release", "tour_type": 1, "country": "Azerbaijan", "city": "Baku", "address": "28 May Street", "price": 22, "pricefor": 1, "currency": "AZN", "discount": null, "distance": null, "durationday": null, "durationnight": null, "datefrom": "2021-01-28", "dateto": "2021-01-22", "viewcount": 2, "avatar": "", "cover": "", "guide": "Mirvari", "status": 3, "rating": null, "activated": false, "map_link": null}}, {"model": "tour.tour", "pk": 12, "fields": {"organizer": 1, "title": "test", "keyword": null, "descriptionaz": "Lorem Ipsum is simply dummy text of the printing and typesetting industry. Lorem Ipsum has been the industry's standard dummy text ever since the 1500s, when an unknown printer took a galley of type and scrambled it to make a type specimen book. It has survived not only five centuries, but also the leap into electronic typesetting, remaining essentially unchanged. It was popularised in the 1960s with the release", "descriptionen": "Lorem Ipsum is simply dummy text of the printing and typesetting industry. Lorem Ipsum has been the industry's standard dummy text ever since the 1500s, when an unknown printer took a galley of type and scrambled it to make a type specimen book. It has survived not only five centuries, but also the leap into electronic typesetting, remaining essentially unchanged. It was popularised in the 1960s with the release", "descriptionru": "Lorem Ipsum is simply dummy text of the printing and typesetting industry. Lorem Ipsum has been the industry's standard dummy text ever since the 1500s, when an unknown printer took a galley of type and scrambled it to make a type specimen book. It has survived not only five centuries, but also the leap into electronic typesetting, remaining essentially unchanged. It was popularised in the 1960s with the release", "tour_type": 1, "country": "Azerbaijan", "city": "Baku", "address": "28 May Street", "price": 22, "pricefor": 1, "currency": "AZN", "discount": null, "distance": null, "durationday": 2, "durationnight": 3, "datefrom": "2021-01-13", "dateto": "2021-01-22", "viewcount": 1, "avatar": "tour/avatar/bmw_4GCwESk.jpg", "cover": "tour/cover/dark-road.jpg", "guide": "Mirvari", "status": 2, "rating": null, "activated": false, "map_link": "https://www.google.com/maps/d/u/0/embed?mid=1AO8_s0SB_PgUR4Tzh9e4CCwNqwx2zSoP"}}, {"model": "tour.tour", "pk": 13, "fields": {"organizer": 1, "title": "test 2", "keyword": null, "descriptionaz": "Lorem Ipsum is simply dummy text of the printing and typesetting industry. Lorem Ipsum has been the industry's standard dummy text ever since the 1500s, when an unknown printer took a galley of type and scrambled it to make a type specimen book. It has survived not only five centuries, but also the leap into electronic typesetting, remaining essentially unchanged. It was popularised in the 1960s with the release", "descriptionen": "Lorem Ipsum is simply dummy text of the printing and typesetting industry. Lorem Ipsum has been the industry's standard dummy text ever since the 1500s, when an unknown printer took a galley of type and scrambled it to make a type specimen book. It has survived not only five centuries, but also the leap into electronic typesetting, remaining essentially unchanged. It was popularised in the 1960s with the release", "descriptionru": "Lorem Ipsum is simply dummy text of the printing and typesetting industry. Lorem Ipsum has been the industry's standard dummy text ever since the 1500s, when an unknown printer took a galley of type and scrambled it to make a type specimen book. It has survived not only five centuries, but also the leap into electronic typesetting, remaining essentially unchanged. It was popularised in the 1960s with the release", "tour_type": 1, "country": "Azerbaijan", "city": "Baku", "address": "28 May Street", "price": 22, "pricefor": 1, "currency": "AZN", "discount": null, "distance": null, "durationday": null, "durationnight": null, "datefrom": "2021-01-14", "dateto": "2021-01-13", "viewcount": 0, "avatar": "", "cover": "", "guide": "Mirvari", "status": 2, "rating": null, "activated": false, "map_link": "https://www.google.com/maps/d/u/0/embed?mid=1AO8_s0SB_PgUR4Tzh9e4CCwNqwx2zSoP"}}, {"model": "tour.tour", "pk": 14, "fields": {"organizer": 1, "title": "test 3", "keyword": null, "descriptionaz": "Lorem Ipsum is simply dummy text of the printing and typesetting industry. Lorem Ipsum has been the industry's standard dummy text ever since the 1500s, when an unknown printer took a galley of type and scrambled it to make a type specimen book. It has survived not only five centuries, but also the leap into electronic typesetting, remaining essentially unchanged. It was popularised in the 1960s with the release", "descriptionen": "Lorem Ipsum is simply dummy text of the printing and typesetting industry. Lorem Ipsum has been the industry's standard dummy text ever since the 1500s, when an unknown printer took a galley of type and scrambled it to make a type specimen book. It has survived not only five centuries, but also the leap into electronic typesetting, remaining essentially unchanged. It was popularised in the 1960s with the release", "descriptionru": "Lorem Ipsum is simply dummy text of the printing and typesetting industry. Lorem Ipsum has been the industry's standard dummy text ever since the 1500s, when an unknown printer took a galley of type and scrambled it to make a type specimen book. It has survived not only five centuries, but also the leap into electronic typesetting, remaining essentially unchanged. It was popularised in the 1960s with the release", "tour_type": 1, "country": "Turkey", "city": "Ankara", "address": "28 May Street", "price": 200, "pricefor": 1, "currency": "AZN", "discount": 20, "distance": null, "durationday": 2, "durationnight": 3, "datefrom": "2021-01-13", "dateto": "2021-01-21", "viewcount": 3, "avatar": "tour/avatar/activity-profile_SNxO0oS.jpg", "cover": "tour/cover/activity-cover_uHmGKRL.jpg", "guide": "Mirvari", "status": 3, "rating": null, "activated": true, "map_link": "https://www.google.com/maps/d/u/0/embed?mid=1AO8_s0SB_PgUR4Tzh9e4CCwNqwx2zSoP"}}, {"model": "tour.tour", "pk": 15, "fields": {"organizer": 1, "title": "test 4", "keyword": null, "descriptionaz": "Lorem Ipsum is simply dummy text of the printing and typesetting industry. Lorem Ipsum has been the industry's standard dummy text ever since the 1500s, when an unknown printer took a galley of type and scrambled it to make a type specimen book. It has survived not only five centuries, but also the leap into electronic typesetting, remaining essentially unchanged. It was popularised in the 1960s with the release", "descriptionen": "Lorem Ipsum is simply dummy text of the printing and typesetting industry. Lorem Ipsum has been the industry's standard dummy text ever since the 1500s, when an unknown printer took a galley of type and scrambled it to make a type specimen book. It has survived not only five centuries, but also the leap into electronic typesetting, remaining essentially unchanged. It was popularised in the 1960s with the release", "descriptionru": "Lorem Ipsum is simply dummy text of the printing and typesetting industry. Lorem Ipsum has been the industry's standard dummy text ever since the 1500s, when an unknown printer took a galley of type and scrambled it to make a type specimen book. It has survived not only five centuries, but also the leap into electronic typesetting, remaining essentially unchanged. It was popularised in the 1960s with the release", "tour_type": 1, "country": "Pakistan", "city": "Baku", "address": "28 May Street", "price": 22, "pricefor": 1, "currency": "AZN", "discount": null, "distance": null, "durationday": null, "durationnight": null, "datefrom": "2021-01-20", "dateto": "2021-01-30", "viewcount": 0, "avatar": "", "cover": "", "guide": "Mirvari", "status": 2, "rating": null, "activated": false, "map_link": "https://www.google.com/maps/d/u/0/embed?mid=1AO8_s0SB_PgUR4Tzh9e4CCwNqwx2zSoP"}}, {"model": "tour.tour", "pk": 16, "fields": {"organizer": 1, "title": "test 5", "keyword": null, "descriptionaz": "Lorem Ipsum is simply dummy text of the printing and typesetting industry. Lorem Ipsum has been the industry's standard dummy text ever since the 1500s, when an unknown printer took a galley of type and scrambled it to make a type specimen book. It has survived not only five centuries, but also the leap into electronic typesetting, remaining essentially unchanged. It was popularised in the 1960s with the release", "descriptionen": "Lorem Ipsum is simply dummy text of the printing and typesetting industry. Lorem Ipsum has been the industry's standard dummy text ever since the 1500s, when an unknown printer took a galley of type and scrambled it to make a type specimen book. It has survived not only five centuries, but also the leap into electronic typesetting, remaining essentially unchanged. It was popularised in the 1960s with the release", "descriptionru": "Lorem Ipsum is simply dummy text of the printing and typesetting industry. Lorem Ipsum has been the industry's standard dummy text ever since the 1500s, when an unknown printer took a galley of type and scrambled it to make a type specimen book. It has survived not only five centuries, but also the leap into electronic typesetting, remaining essentially unchanged. It was popularised in the 1960s with the release", "tour_type": 1, "country": "Turkey", "city": "Baku", "address": "Garabagh", "price": 22, "pricefor": 1, "currency": "AZN", "discount": null, "distance": null, "durationday": null, "durationnight": null, "datefrom": "2021-01-21", "dateto": "2021-01-29", "viewcount": 1, "avatar": "", "cover": "", "guide": "Mirvari", "status": 3, "rating": null, "activated": false, "map_link": "https://www.google.com/maps/d/u/0/embed?mid=1AO8_s0SB_PgUR4Tzh9e4CCwNqwx2zSoP"}}, {"model": "tour.tour", "pk": 17, "fields": {"organizer": 1, "title": "test 6", "keyword": null, "descriptionaz": "Lorem Ipsum is simply dummy text of the printing and typesetting industry. Lorem Ipsum has been the industry's standard dummy text ever since the 1500s, when an unknown printer took a galley of type and scrambled it to make a type specimen book. It has survived not only five centuries, but also the leap into electronic typesetting, remaining essentially unchanged. It was popularised in the 1960s with the release", "descriptionen": "Lorem Ipsum is simply dummy text of the printing and typesetting industry. Lorem Ipsum has been the industry's standard dummy text ever since the 1500s, when an unknown printer took a galley of type and scrambled it to make a type specimen book. It has survived not only five centuries, but also the leap into electronic typesetting, remaining essentially unchanged. It was popularised in the 1960s with the release", "descriptionru": "Lorem Ipsum is simply dummy text of the printing and typesetting industry. Lorem Ipsum has been the industry's standard dummy text ever since the 1500s, when an unknown printer took a galley of type and scrambled it to make a type specimen book. It has survived not only five centuries, but also the leap into electronic typesetting, remaining essentially unchanged. It was popularised in the 1960s with the release", "tour_type": 1, "country": "Azerbaijan", "city": "Baku", "address": "28 May Street", "price": 22, "pricefor": 1, "currency": "AZN", "discount": null, "distance": null, "durationday": 3, "durationnight": 3, "datefrom": "2021-01-26", "dateto": "2021-02-01", "viewcount": 0, "avatar": "", "cover": "", "guide": "Mirvari", "status": 2, "rating": null, "activated": false, "map_link": "https://www.google.com/maps/d/u/0/embed?mid=1AO8_s0SB_PgUR4Tzh9e4CCwNqwx2zSoP"}}, {"model": "tour.tour", "pk": 18, "fields": {"organizer": 1, "title": "test 7", "keyword": null, "descriptionaz": "Lorem Ipsum is simply dummy text of the printing and typesetting industry. Lorem Ipsum has been the industry's standard dummy text ever since the 1500s, when an unknown printer took a galley of type and scrambled it to make a type specimen book. It has survived not only five centuries, but also the leap into electronic typesetting, remaining essentially unchanged. It was popularised in the 1960s with the release", "descriptionen": "Lorem Ipsum is simply dummy text of the printing and typesetting industry. Lorem Ipsum has been the industry's standard dummy text ever since the 1500s, when an unknown printer took a galley of type and scrambled it to make a type specimen book. It has survived not only five centuries, but also the leap into electronic typesetting, remaining essentially unchanged. It was popularised in the 1960s with the release", "descriptionru": "Lorem Ipsum is simply dummy text of the printing and typesetting industry. Lorem Ipsum has been the industry's standard dummy text ever since the 1500s, when an unknown printer took a galley of type and scrambled it to make a type specimen book. It has survived not only five centuries, but also the leap into electronic typesetting, remaining essentially unchanged. It was popularised in the 1960s with the release", "tour_type": 1, "country": "Azerbaijan", "city": "Baku", "address": "28 May Street", "price": 22, "pricefor": 5, "currency": "AZN", "discount": null, "distance": null, "durationday": 2, "durationnight": 3, "datefrom": "2021-01-27", "dateto": "2021-01-29", "viewcount": 2, "avatar": "tour/avatar/AdobeStock_66932447_qbopNZI.jpeg", "cover": "tour/cover/bmw_tKyhOXG.jpg", "guide": "Mirvari", "status": 1, "rating": null, "activated": true, "map_link": "https://www.google.com/maps/d/u/0/embed?mid=1AO8_s0SB_PgUR4Tzh9e4CCwNqwx2zSoP"}}, {"model": "tour.tour", "pk": 19, "fields": {"organizer": 1, "title": "test 9", "keyword": null, "descriptionaz": "Lorem Ipsum is simply dummy text of the printing and typesetting industry. Lorem Ipsum has been the industry's standard dummy text ever since the 1500s, when an unknown printer took a galley of type and scrambled it to make a type specimen book. It has survived not only five centuries, but also the leap into electronic typesetting, remaining essentially unchanged. It was popularised in the 1960s with the release", "descriptionen": "Lorem Ipsum is simply dummy text of the printing and typesetting industry. Lorem Ipsum has been the industry's standard dummy text ever since the 1500s, when an unknown printer took a galley of type and scrambled it to make a type specimen book. It has survived not only five centuries, but also the leap into electronic typesetting, remaining essentially unchanged. It was popularised in the 1960s with the release", "descriptionru": "Lorem Ipsum is simply dummy text of the printing and typesetting industry. Lorem Ipsum has been the industry's standard dummy text ever since the 1500s, when an unknown printer took a galley of type and scrambled it to make a type specimen book. It has survived not only five centuries, but also the leap into electronic typesetting, remaining essentially unchanged. It was popularised in the 1960s with the release", "tour_type": 1, "country": "Turkey", "city": "Baku", "address": "28 May Street", "price": 22, "pricefor": 1, "currency": "AZN", "discount": null, "distance": null, "durationday": null, "durationnight": null, "datefrom": "2021-01-25", "dateto": "2021-01-29", "viewcount": 0, "avatar": "", "cover": "", "guide": "Mirvari", "status": 2, "rating": null, "activated": false, "map_link": "https://www.google.com/maps/d/u/0/embed?mid=1AO8_s0SB_PgUR4Tzh9e4CCwNqwx2zSoP"}}, {"model": "tour.tour", "pk": 21, "fields": {"organizer": 1, "title": "test 11", "keyword": null, "descriptionaz": "Lorem Ipsum is simply dummy text of the printing and typesetting industry. Lorem Ipsum has been the industry's standard dummy text ever since the 1500s, when an unknown printer took a galley of type and scrambled it to make a type specimen book. It has survived not only five centuries, but also the leap into electronic typesetting, remaining essentially unchanged. It was popularised in the 1960s with the release", "descriptionen": "Lorem Ipsum is simply dummy text of the printing and typesetting industry. Lorem Ipsum has been the industry's standard dummy text ever since the 1500s, when an unknown printer took a galley of type and scrambled it to make a type specimen book. It has survived not only five centuries, but also the leap into electronic typesetting, remaining essentially unchanged. It was popularised in the 1960s with the release", "descriptionru": "Lorem Ipsum is simply dummy text of the printing and typesetting industry. Lorem Ipsum has been the industry's standard dummy text ever since the 1500s, when an unknown printer took a galley of type and scrambled it to make a type specimen book. It has survived not only five centuries, but also the leap into electronic typesetting, remaining essentially unchanged. It was popularised in the 1960s with the release", "tour_type": 1, "country": "Azerbaijan", "city": "Baku", "address": "28 May Street", "price": 22, "pricefor": 1, "currency": "AZN", "discount": null, "distance": null, "durationday": null, "durationnight": null, "datefrom": "2021-01-19", "dateto": "2021-01-30", "viewcount": 0, "avatar": "", "cover": "", "guide": "Mirvari", "status": 2, "rating": null, "activated": false, "map_link": "https://www.google.com/maps/d/u/0/embed?mid=1AO8_s0SB_PgUR4Tzh9e4CCwNqwx2zSoP"}}, {"model": "tour.tour", "pk": 22, "fields": {"organizer": 1, "title": "test 12", "keyword": null, "descriptionaz": "Lorem Ipsum is simply dummy text of the printing and typesetting industry. Lorem Ipsum has been the industry's standard dummy text ever since the 1500s, when an unknown printer took a galley of type and scrambled it to make a type specimen book. It has survived not only five centuries, but also the leap into electronic typesetting, remaining essentially unchanged. It was popularised in the 1960s with the release", "descriptionen": "Lorem Ipsum is simply dummy text of the printing and typesetting industry. Lorem Ipsum has been the industry's standard dummy text ever since the 1500s, when an unknown printer took a galley of type and scrambled it to make a type specimen book. It has survived not only five centuries, but also the leap into electronic typesetting, remaining essentially unchanged. It was popularised in the 1960s with the release", "descriptionru": "Lorem Ipsum is simply dummy text of the printing and typesetting industry. Lorem Ipsum has been the industry's standard dummy text ever since the 1500s, when an unknown printer took a galley of type and scrambled it to make a type specimen book. It has survived not only five centuries, but also the leap into electronic typesetting, remaining essentially unchanged. It was popularised in the 1960s with the release", "tour_type": 1, "country": "Azerbaijan", "city": "Baku", "address": "28 May Street", "price": 22, "pricefor": 1, "currency": "AZN", "discount": null, "distance": null, "durationday": null, "durationnight": null, "datefrom": "2021-01-12", "dateto": "2021-01-30", "viewcount": 0, "avatar": "", "cover": "", "guide": "Mirvari", "status": 2, "rating": null, "activated": false, "map_link": "https://www.google.com/maps/d/u/0/embed?mid=1AO8_s0SB_PgUR4Tzh9e4CCwNqwx2zSoP"}}, {"model": "tour.tour", "pk": 24, "fields": {"organizer": 1, "title": "test 13", "keyword": null, "descriptionaz": "Lorem Ipsum is simply dummy text of the printing and typesetting industry. Lorem Ipsum has been the industry's standard dummy text ever since the 1500s, when an unknown printer took a galley of type and scrambled it to make a type specimen book. It has survived not only five centuries, but also the leap into electronic typesetting, remaining essentially unchanged. It was popularised in the 1960s with the release", "descriptionen": "Lorem Ipsum is simply dummy text of the printing and typesetting industry. Lorem Ipsum has been the industry's standard dummy text ever since the 1500s, when an unknown printer took a galley of type and scrambled it to make a type specimen book. It has survived not only five centuries, but also the leap into electronic typesetting, remaining essentially unchanged. It was popularised in the 1960s with the release", "descriptionru": "Lorem Ipsum is simply dummy text of the printing and typesetting industry. Lorem Ipsum has been the industry's standard dummy text ever since the 1500s, when an unknown printer took a galley of type and scrambled it to make a type specimen book. It has survived not only five centuries, but also the leap into electronic typesetting, remaining essentially unchanged. It was popularised in the 1960s with the release", "tour_type": 1, "country": "Azerbaijan", "city": "Baku", "address": "28 May Street", "price": 22, "pricefor": 1, "currency": "AZN", "discount": null, "distance": null, "durationday": null, "durationnight": null, "datefrom": "2021-01-29", "dateto": "2021-01-29", "viewcount": 0, "avatar": "", "cover": "", "guide": "Mirvari", "status": 2, "rating": null, "activated": false, "map_link": "https://www.google.com/maps/d/u/0/embed?mid=1AO8_s0SB_PgUR4Tzh9e4CCwNqwx2zSoP"}}, {"model": "tour.tour", "pk": 25, "fields": {"organizer": 1, "title": "test 14", "keyword": null, "descriptionaz": "Lorem Ipsum is simply dummy text of the printing and typesetting industry. Lorem Ipsum has been the industry's standard dummy text ever since the 1500s, when an unknown printer took a galley of type and scrambled it to make a type specimen book. It has survived not only five centuries, but also the leap into electronic typesetting, remaining essentially unchanged. It was popularised in the 1960s with the release", "descriptionen": "Lorem Ipsum is simply dummy text of the printing and typesetting industry. Lorem Ipsum has been the industry's standard dummy text ever since the 1500s, when an unknown printer took a galley of type and scrambled it to make a type specimen book. It has survived not only five centuries, but also the leap into electronic typesetting, remaining essentially unchanged. It was popularised in the 1960s with the release", "descriptionru": "Lorem Ipsum is simply dummy text of the printing and typesetting industry. Lorem Ipsum has been the industry's standard dummy text ever since the 1500s, when an unknown printer took a galley of type and scrambled it to make a type specimen book. It has survived not only five centuries, but also the leap into electronic typesetting, remaining essentially unchanged. It was popularised in the 1960s with the release", "tour_type": 1, "country": "Turkey", "city": "Baku", "address": "28 May Street", "price": 22, "pricefor": 1, "currency": "AZN", "discount": null, "distance": null, "durationday": null, "durationnight": null, "datefrom": "2021-01-25", "dateto": "2021-01-30", "viewcount": 0, "avatar": "", "cover": "", "guide": "Mirvari", "status": 2, "rating": null, "activated": false, "map_link": "https://www.google.com/maps/d/u/0/embed?mid=1AO8_s0SB_PgUR4Tzh9e4CCwNqwx2zSoP"}}, {"model": "tour.tour", "pk": 26, "fields": {"organizer": 1, "title": "test 15", "keyword": null, "descriptionaz": "Tour Description in Azerbaijan:", "descriptionen": "Tour Description in Engilsh:", "descriptionru": "Tour Description in Russia:", "tour_type": 1, "country": "Azerbaijan", "city": "Baku", "address": "28 May Street", "price": 22, "pricefor": 1, "currency": "AZN", "discount": null, "distance": null, "durationday": null, "durationnight": null, "datefrom": "2021-01-20", "dateto": "2021-01-29", "viewcount": 0, "avatar": "", "cover": "", "guide": "Mirvari", "status": 2, "rating": null, "activated": false, "map_link": "https://www.google.com/maps/d/u/0/embed?mid=1AO8_s0SB_PgUR4Tzh9e4CCwNqwx2zSoP"}}, {"model": "tour.tour", "pk": 27, "fields": {"organizer": 1, "title": "test 15", "keyword": null, "descriptionaz": "Tour Description in Azerbaijan:", "descriptionen": "Tour Description in Engilsh:", "descriptionru": "Tour Description in Russia:", "tour_type": 1, "country": "Azerbaijan", "city": "Baku", "address": "28 May Street", "price": 22, "pricefor": 1, "currency": "AZN", "discount": null, "distance": null, "durationday": null, "durationnight": null, "datefrom": "2021-01-20", "dateto": "2021-01-29", "viewcount": 0, "avatar": "", "cover": "", "guide": "Mirvari", "status": 2, "rating": null, "activated": false, "map_link": "https://www.google.com/maps/d/u/0/embed?mid=1AO8_s0SB_PgUR4Tzh9e4CCwNqwx2zSoP"}}, {"model": "tour.tour", "pk": 28, "fields": {"organizer": 1, "title": "test 16", "keyword": null, "descriptionaz": "Tour Description in Azerbaijan:", "descriptionen": "Tour Description in Engilsh:", "descriptionru": "Tour Description in Russia:", "tour_type": 1, "country": "Azerbaijan", "city": "Baku", "address": "28 May Street", "price": 22, "pricefor": 1, "currency": "AZN", "discount": null, "distance": null, "durationday": null, "durationnight": null, "datefrom": "2021-01-18", "dateto": "2021-01-29", "viewcount": 1, "avatar": "", "cover": "", "guide": "ruhin", "status": 2, "rating": null, "activated": false, "map_link": "https://www.google.com/maps/d/u/0/embed?mid=1AO8_s0SB_PgUR4Tzh9e4CCwNqwx2zSoP"}}, {"model": "tour.tour", "pk": 29, "fields": {"organizer": 1, "title": "test 17", "keyword": null, "descriptionaz": "Tour Description in Azerbaijan:", "descriptionen": "Tour Description in Engilsh:", "descriptionru": "Tour Description in Russia:", "tour_type": 1, "country": "Azerbaijan", "city": "Baku", "address": "28 May Street", "price": 22, "pricefor": 1, "currency": "AZN", "discount": null, "distance": null, "durationday": null, "durationnight": null, "datefrom": "2021-01-20", "dateto": "2021-01-27", "viewcount": 0, "avatar": "", "cover": "", "guide": "Mirvari", "status": 2, "rating": null, "activated": false, "map_link": "https://www.google.com/maps/d/u/0/embed?mid=1AO8_s0SB_PgUR4Tzh9e4CCwNqwx2zSoP"}}, {"model": "tour.tour", "pk": 30, "fields": {"organizer": 3, "title": "test 18", "keyword": null, "descriptionaz": "Tour Description in Azerbaijan:", "descriptionen": "Tour Description in Engilsh:", "descriptionru": "Tour Description in Russia:", "tour_type": 1, "country": "Azerbaijan", "city": "Baku", "address": "28 May Street", "price": 22, "pricefor": 1, "currency": "AZN", "discount": null, "distance": null, "durationday": null, "durationnight": null, "datefrom": "2001-12-12", "dateto": "2001-12-12", "viewcount": 1, "avatar": "", "cover": "", "guide": "ruhin", "status": 4, "rating": null, "activated": true, "map_link": "https://www.google.com/maps/d/u/0/embed?mid=1AO8_s0SB_PgUR4Tzh9e4CCwNqwx2zSoP"}}, {"model": "tour.tour", "pk": 31, "fields": {"organizer": 1, "title": "test 10", "keyword": null, "descriptionaz": "Lorem Ipsum is simply dummy text of the printing and typesetting industry. Lorem Ipsum has been the industry's standard dummy text ever since the 1500s, when an unknown printer took a galley of type and scrambled it to make a type specimen book. It has survived not only five centuries, but also the leap into electronic typesetting, remaining essentially unchanged. It was popularised in the 1960s with the release", "descriptionen": "Lorem Ipsum is simply dummy text of the printing and typesetting industry. Lorem Ipsum has been the industry's standard dummy text ever since the 1500s, when an unknown printer took a galley of type and scrambled it to make a type specimen book. It has survived not only five centuries, but also the leap into electronic typesetting, remaining essentially unchanged. It was popularised in the 1960s with the release", "descriptionru": "Lorem Ipsum is simply dummy text of the printing and typesetting industry. Lorem Ipsum has been the industry's standard dummy text ever since the 1500s, when an unknown printer took a galley of type and scrambled it to make a type specimen book. It has survived not only five centuries, but also the leap into electronic typesetting, remaining essentially unchanged. It was popularised in the 1960s with the release", "tour_type": 1, "country": "Azerbaijan", "city": "Baku", "address": "28 May Street", "price": 22, "pricefor": 1, "currency": "AZN", "discount": null, "distance": null, "durationday": null, "durationnight": null, "datefrom": "2021-01-13", "dateto": "2021-01-22", "viewcount": 0, "avatar": "", "cover": "", "guide": "Mirvari", "status": 2, "rating": null, "activated": false, "map_link": "https://www.google.com/maps/d/u/0/embed?mid=1AO8_s0SB_PgUR4Tzh9e4CCwNqwx2zSoP"}}, {"model": "tour.tour", "pk": 33, "fields": {"organizer": 1, "title": "task 1", "keyword": null, "descriptionaz": "Tour Description in Azerbaijan:", "descriptionen": "Tour Description in Engilsh:", "descriptionru": "Tour Description in Russia:", "tour_type": 1, "country": "Azerbaijan", "city": "Baku", "address": "28 May Street", "price": 22, "pricefor": 1, "currency": "AZN", "discount": null, "distance": null, "durationday": 2, "durationnight": 3, "datefrom": "2021-01-18", "dateto": "2021-01-29", "viewcount": 1, "avatar": "tour/avatar/open_top_london_bus_tour_640x360_AdlRbzc.jpg", "cover": "tour/cover/react.jpg", "guide": "Mirvari", "status": 4, "rating": null, "activated": true, "map_link": "https://www.google.com/maps/d/u/0/embed?mid=1AO8_s0SB_PgUR4Tzh9e4CCwNqwx2zSoP"}}, {"model": "tour.tour", "pk": 34, "fields": {"organizer": 1, "title": "new test", "keyword": null, "descriptionaz": "Lorem Ipsum is simply dummy text of the printing and typesetting industry. Lorem Ipsum has been the industry's standard dummy text ever since the 1500s, when an unknown printer took a galley of type and scrambled it to make a type specimen book. It has survived not only five centuries,", "descriptionen": "Lorem Ipsum is simply dummy text of the printing and typesetting industry. Lorem Ipsum has been the industry's standard dummy text ever since the 1500s, when an unknown printer took a galley of type and scrambled it to make a type specimen book. It has survived not only five centuries,", "descriptionru": "Lorem Ipsum is simply dummy text of the printing and typesetting industry. Lorem Ipsum has been the industry's standard dummy text ever since the 1500s, when an unknown printer took a galley of type and scrambled it to make a type specimen book. It has survived not only five centuries,", "tour_type": 1, "country": "Azerbaijan", "city": "Baku", "address": "28 May Street", "price": 22, "pricefor": 1, "currency": "AZN", "discount": null, "distance": null, "durationday": null, "durationnight": null, "datefrom": "2021-02-15", "dateto": "2021-02-26", "viewcount": 4, "avatar": "tour/avatar/bmw_1_xxmObBi.jpg", "cover": "tour/cover/big-cat_36dqAKm.jpg", "guide": "Mirvari", "status": 1, "rating": null, "activated": true, "map_link": "https://www.google.com/maps/d/u/0/embed?mid=1AO8_s0SB_PgUR4Tzh9e4CCwNqwx2zSoP"}}, {"model": "tour.tour", "pk": 35, "fields": {"organizer": 1, "title": "task 1", "keyword": null, "descriptionaz": "eafadfce", "descriptionen": "arsdfewf", "descriptionru": "aefewsfdew", "tour_type": 1, "country": "Azerbaijan", "city": "Baku", "address": "28 May Street", "price": 22, "pricefor": 1, "currency": "AZN", "discount": null, "distance": null, "durationday": null, "durationnight": null, "datefrom": "2021-02-17", "dateto": "2021-03-06", "viewcount": 0, "avatar": "", "cover": "", "guide": "ruhin", "status": 2, "rating": null, "activated": false, "map_link": null}}, {"model": "tour.tour", "pk": 36, "fields": {"organizer": 1, "title": "task 1", "keyword": null, "descriptionaz": "eafadfce", "descriptionen": "arsdfewf", "descriptionru": "aefewsfdew", "tour_type": 1, "country": "Azerbaijan", "city": "Baku", "address": "28 May Street", "price": 22, "pricefor": 1, "currency": "AZN", "discount": null, "distance": null, "durationday": null, "durationnight": null, "datefrom": "2021-02-17", "dateto": "2021-03-06", "viewcount": 0, "avatar": "", "cover": "", "guide": "ruhin", "status": 2, "rating": null, "activated": false, "map_link": null}}, {"model": "tour.tour", "pk": 37, "fields": {"organizer": 1, "title": "task 1", "keyword": null, "descriptionaz": "3otijq34rnj3", "descriptionen": "3otijq34rnj3", "descriptionru": "3otijq34rnj3", "tour_type": 1, "country": "Turkey", "city": "Baku", "address": "28 May Street", "price": 22, "pricefor": 1, "currency": "AZN", "discount": null, "distance": null, "durationday": null, "durationnight": null, "datefrom": "2021-02-25", "dateto": "2021-02-27", "viewcount": 0, "avatar": "", "cover": "", "guide": "Mirvari", "status": 2, "rating": null, "activated": false, "map_link": null}}, {"model": "tour.tour", "pk": 38, "fields": {"organizer": 1, "title": "task 1", "keyword": null, "descriptionaz": "kjwqkjwnfjlkqwefnkjewf", "descriptionen": "kjwqkjwnfjlkqwefnkjewf", "descriptionru": "kjwqkjwnfjlkqwefnkjewf", "tour_type": 1, "country": "Azerbaijan", "city": "Baku", "address": "28 May Street", "price": 22, "pricefor": 1, "currency": "AZN", "discount": null, "distance": null, "durationday": null, "durationnight": null, "datefrom": null, "dateto": null, "viewcount": 0, "avatar": "", "cover": "", "guide": "ruhin", "status": 2, "rating": null, "activated": false, "map_link": null}}, {"model": "tour.tour", "pk": 39, "fields": {"organizer": 1, "title": "story 1", "keyword": null, "descriptionaz": "utcfvgubjyhkilokpijuygf", "descriptionen": "utcfvgubjyhkilokpijuygf", "descriptionru": "utcfvgubjyhkilokpijuygf", "tour_type": 1, "country": "Azerbaijan", "city": "Baku", "address": "28 May Street", "price": 22, "pricefor": 1, "currency": "AZN", "discount": null, "distance": null, "durationday": null, "durationnight": null, "datefrom": null, "dateto": null, "viewcount": 0, "avatar": "", "cover": "", "guide": "ruhin", "status": 2, "rating": null, "activated": false, "map_link": null}}, {"model": "tour.tour", "pk": 40, "fields": {"organizer": 1, "title": "task 1", "keyword": null, "descriptionaz": "kjenrfjwkenfsewfn", "descriptionen": "kjenrfjwkenfsewfn", "descriptionru": "kjenrfjwkenfsewfn", "tour_type": 1, "country": "Azerbaijan", "city": "Baku", "address": "28 May Street", "price": 22, "pricefor": 1, "currency": "AZN", "discount": null, "distance": null, "durationday": null, "durationnight": null, "datefrom": null, "dateto": null, "viewcount": 0, "avatar": "", "cover": "", "guide": "ruhin", "status": 2, "rating": null, "activated": false, "map_link": null}}, {"model": "tour.tour", "pk": 41, "fields": {"organizer": 1, "title": "task 1", "keyword": null, "descriptionaz": "kjneargrofjkqwnf", "descriptionen": "kjneargrofjkqwnf", "descriptionru": "kjneargrofjkqwnf", "tour_type": 1, "country": "Azerbaijan", "city": "Ankara", "address": "28 May Street", "price": 22, "pricefor": 1, "currency": "AZN", "discount": null, "distance": null, "durationday": null, "durationnight": null, "datefrom": null, "dateto": null, "viewcount": 1, "avatar": "", "cover": "", "guide": "ruhin", "status": 1, "rating": null, "activated": true, "map_link": null}}, {"model": "tour.tour", "pk": 42, "fields": {"organizer": 1, "title": "task 1", "keyword": null, "descriptionaz": "pqemrgvqerkvlnmermegrklwvkr", "descriptionen": "pqemrgvqerkvlnmermegrklwvkr", "descriptionru": "pqemrgvqerkvlnmermegrklwvkr", "tour_type": 1, "country": "Azerbaijan", "city": "Baku", "address": "28 May Street", "price": 22, "pricefor": 1, "currency": "AZN", "discount": null, "distance": null, "durationday": null, "durationnight": null, "datefrom": "2021-02-24", "dateto": "2021-02-27", "viewcount": 0, "avatar": "", "cover": "", "guide": "ruhin", "status": 2, "rating": null, "activated": false, "map_link": null}}, {"model": "tour.tour", "pk": 43, "fields": {"organizer": 1, "title": "task 1", "keyword": null, "descriptionaz": "pqemrgvqerkvlnmermegrklwvkr", "descriptionen": "pqemrgvqerkvlnmermegrklwvkr", "descriptionru": "pqemrgvqerkvlnmermegrklwvkr", "tour_type": 1, "country": "Azerbaijan", "city": "Baku", "address": "28 May Street", "price": 22, "pricefor": 1, "currency": "AZN", "discount": null, "distance": null, "durationday": null, "durationnight": null, "datefrom": "2021-02-24", "dateto": "2021-02-27", "viewcount": 0, "avatar": "", "cover": "", "guide": "ruhin", "status": 2, "rating": null, "activated": false, "map_link": null}}, {"model": "tour.tour", "pk": 44, "fields": {"organizer": 1, "title": "task 1", "keyword": null, "descriptionaz": "pqemrgvqerkvlnmermegrklwvkr", "descriptionen": "pqemrgvqerkvlnmermegrklwvkr", "descriptionru": "pqemrgvqerkvlnmermegrklwvkr", "tour_type": 1, "country": "Azerbaijan", "city": "Baku", "address": "28 May Street", "price": 22, "pricefor": 1, "currency": "AZN", "discount": null, "distance": null, "durationday": null, "durationnight": null, "datefrom": "2021-02-24", "dateto": "2021-02-27", "viewcount": 0, "avatar": "", "cover": "", "guide": "ruhin", "status": 2, "rating": null, "activated": false, "map_link": null}}, {"model": "tour.tour", "pk": 45, "fields": {"organizer": 1, "title": "task 1", "keyword": null, "descriptionaz": "kmwrrgflkemwf,.ewkm", "descriptionen": "kmwrrgflkemwf,.ewkm", "descriptionru": "kmwrrgflkemwf,.ewkm", "tour_type": 1, "country": "Azerbaijan", "city": "Baku", "address": "28 May Street", "price": 22, "pricefor": 1, "currency": "AZN", "discount": null, "distance": null, "durationday": null, "durationnight": null, "datefrom": "2021-03-02", "dateto": "2021-02-25", "viewcount": 0, "avatar": "", "cover": "", "guide": "Mirvari", "status": 2, "rating": null, "activated": false, "map_link": null}}, {"model": "tour.tour", "pk": 46, "fields": {"organizer": 1, "title": "task 1", "keyword": null, "descriptionaz": "kmwrrgflkemwf,.ewkm", "descriptionen": "kmwrrgflkemwf,.ewkm", "descriptionru": "kmwrrgflkemwf,.ewkm", "tour_type": 1, "country": "Azerbaijan", "city": "Baku", "address": "28 May Street", "price": 22, "pricefor": 1, "currency": "AZN", "discount": null, "distance": null, "durationday": null, "durationnight": null, "datefrom": "2021-03-02", "dateto": "2021-02-25", "viewcount": 0, "avatar": "", "cover": "", "guide": "Mirvari", "status": 2, "rating": null, "activated": false, "map_link": null}}, {"model": "tour.tour", "pk": 47, "fields": {"organizer": 1, "title": "task 1", "keyword": null, "descriptionaz": "kmwrrgflkemwf,.ewkm", "descriptionen": "kmwrrgflkemwf,.ewkm", "descriptionru": "kmwrrgflkemwf,.ewkm", "tour_type": 1, "country": "Azerbaijan", "city": "Baku", "address": "28 May Street", "price": 22, "pricefor": 1, "currency": "AZN", "discount": null, "distance": null, "durationday": null, "durationnight": null, "datefrom": "2021-03-02", "dateto": "2021-02-25", "viewcount": 0, "avatar": "", "cover": "", "guide": "Mirvari", "status": 4, "rating": null, "activated": false, "map_link": null}}, {"model": "tour.tour", "pk": 48, "fields": {"organizer": 1, "title": "task 1", "keyword": null, "descriptionaz": "kmwrrgflkemwf,.ewkm", "descriptionen": "kmwrrgflkemwf,.ewkm", "descriptionru": "kmwrrgflkemwf,.ewkm", "tour_type": 1, "country": "Azerbaijan", "city": "Baku", "address": "28 May Street", "price": 22, "pricefor": 1, "currency": "AZN", "discount": null, "distance": null, "durationday": null, "durationnight": null, "datefrom": "2021-03-02", "dateto": "2021-02-25", "viewcount": 0, "avatar": "", "cover": "", "guide": "Mirvari", "status": 2, "rating": null, "activated": false, "map_link": null}}, {"model": "tour.tour", "pk": 49, "fields": {"organizer": 1, "title": "task 1", "keyword": null, "descriptionaz": "lowijefoiewjnfjen", "descriptionen": "lowijefoiewjnfjen", "descriptionru": "lowijefoiewjnfjen", "tour_type": 1, "country": "Azerbaijan", "city": "Baku", "address": "28 May Street", "price": 22, "pricefor": 1, "currency": "AZN", "discount": null, "distance": null, "durationday": null, "durationnight": null, "datefrom": "2021-02-15", "dateto": "2021-02-26", "viewcount": 0, "avatar": "", "cover": "", "guide": "Mirvari", "status": 2, "rating": null, "activated": false, "map_link": null}}, {"model": "tour.tour", "pk": 50, "fields": {"organizer": 1, "title": "task 1", "keyword": null, "descriptionaz": "lowijefoiewjnfjen", "descriptionen": "lowijefoiewjnfjen", "descriptionru": "lowijefoiewjnfjen", "tour_type": 1, "country": "Azerbaijan", "city": "Baku", "address": "28 May Street", "price": 22, "pricefor": 1, "currency": "AZN", "discount": null, "distance": null, "durationday": null, "durationnight": null, "datefrom": "2021-02-15", "dateto": "2021-02-26", "viewcount": 0, "avatar": "", "cover": "", "guide": "Mirvari", "status": 2, "rating": null, "activated": false, "map_link": null}}, {"model": "tour.tour", "pk": 51, "fields": {"organizer": 1, "title": "task 1", "keyword": null, "descriptionaz": "lowijefoiewjnfjen", "descriptionen": "lowijefoiewjnfjen", "descriptionru": "lowijefoiewjnfjen", "tour_type": 1, "country": "Azerbaijan", "city": "Baku", "address": "28 May Street", "price": 22, "pricefor": 1, "currency": "AZN", "discount": null, "distance": null, "durationday": null, "durationnight": null, "datefrom": "2021-02-15", "dateto": "2021-02-26", "viewcount": 0, "avatar": "", "cover": "", "guide": "Mirvari", "status": 2, "rating": null, "activated": false, "map_link": null}}, {"model": "tour.tour", "pk": 52, "fields": {"organizer": 1, "title": "general test", "keyword": null, "descriptionaz": "Tour Description in Azerbaijan:", "descriptionen": "Tour Description in Engilsh:", "descriptionru": "Tour Description in Russia:", "tour_type": 1, "country": "Azerbaijan", "city": "Baku", "address": "28 May Street", "price": 22, "pricefor": 1, "currency": "AZN", "discount": null, "distance": null, "durationday": null, "durationnight": null, "datefrom": "2021-02-23", "dateto": "2021-03-05", "viewcount": 1, "avatar": "tour/avatar/international-tour-packages_31HrP5X.jpg", "cover": "tour/cover/bmw_ue47MFt.jpg", "guide": "Mirvari", "status": 1, "rating": null, "activated": true, "map_link": "https://www.google.com/maps/d/u/0/embed?mid=1AO8_s0SB_PgUR4Tzh9e4CCwNqwx2zSoP"}}, {"model": "tour.tourdetailaz", "pk": 2, "fields": {"tour": 3, "title_az": "test 1", "text_az": "Lorem Ipsum is simply dummy text of the printing and typesetting industry. Lorem Ipsum has been the industry's standard dummy text ever since the 1500s, when an unknown printer took a galley of type and scrambled it to make a type specimen book. It has survived not only five centuries,"}}, {"model": "tour.tourdetailaz", "pk": 8, "fields": {"tour": 24, "title_az": "test 1", "text_az": "Lorem Ipsum is simply dummy text of the printing and typesetting industry. Lorem Ipsum has been the industry's standard dummy text ever since the 1500s, when an unknown printer took a galley of type and scrambled it to make a type specimen book. It has survived not only five centuries, but also the leap into electronic typesetting, remaining essentially unchanged. It was popularised in the 1960s with the release"}}, {"model": "tour.tourdetailaz", "pk": 9, "fields": {"tour": 25, "title_az": "test 1", "text_az": "Tour Description in Russia:"}}, {"model": "tour.tourdetailaz", "pk": 10, "fields": {"tour": 26, "title_az": "test 1", "text_az": "Tour Description in Russia p"}}, {"model": "tour.tourdetailaz", "pk": 11, "fields": {"tour": 27, "title_az": "test 1", "text_az": "Tour Description in Russia p"}}, {"model": "tour.tourdetailaz", "pk": 12, "fields": {"tour": 28, "title_az": "test 1", "text_az": "Tour Description in Russia:"}}, {"model": "tour.tourdetailaz", "pk": 13, "fields": {"tour": 29, "title_az": "test 1", "text_az": "Tour Description in Azerbaijan:"}}, {"model": "tour.tourdetailaz", "pk": 14, "fields": {"tour": 30, "title_az": "test 1", "text_az": "Tour Description in Azerbaijan:"}}, {"model": "tour.tourdetailaz", "pk": 62, "fields": {"tour": 33, "title_az": "test 1", "text_az": "Tour Description in Azerbaijan:"}}, {"model": "tour.tourdetailaz", "pk": 63, "fields": {"tour": 34, "title_az": "test 1", "text_az": "Lorem Ipsum is simply dummy text of the printing and typesetting industry. Lorem Ipsum has been the industry's standard dummy text ever since the 1500s, when an unknown printer took a galley of type and scrambled it to make a type specimen book. It has survived not only five centuries,"}}, {"model": "tour.tourdetailaz", "pk": 64, "fields": {"tour": 52, "title_az": "test 1", "text_az": "Tour Description in Azerbaijan:"}}, {"model": "tour.tourdetailaz", "pk": 65, "fields": {"tour": 52, "title_az": "test 2", "text_az": "Tour Description in Azerbaijan:"}}, {"model": "tour.tourdetailaz", "pk": 66, "fields": {"tour": 52, "title_az": "test 3", "text_az": "Tour Description in Azerbaijan:"}}, {"model": "tour.tourdetailaz", "pk": 67, "fields": {"tour": 52, "title_az": "test 4", "text_az": "Tour Description in Azerbaijan:"}}, {"model": "tour.tourdetailen", "pk": 2, "fields": {"tour": 3, "title_en": "test 1", "text_en": "Lorem Ipsum is simply dummy text of the printing and typesetting industry. Lorem Ipsum has been the industry's standard dummy text ever since the 1500s, when an unknown printer took a galley of type and scrambled it to make a type specimen book. It has survived not only five centuries,"}}, {"model": "tour.tourdetailen", "pk": 8, "fields": {"tour": 24, "title_en": "test 1", "text_en": "Lorem Ipsum is simply dummy text of the printing and typesetting industry. Lorem Ipsum has been the industry's standard dummy text ever since the 1500s, when an unknown printer took a galley of type and scrambled it to make a type specimen book. It has survived not only five centuries, but also the leap into electronic typesetting, remaining essentially unchanged. It was popularised in the 1960s with the release"}}, {"model": "tour.tourdetailen", "pk": 9, "fields": {"tour": 25, "title_en": "test 1", "text_en": "Tour Description in Russia:"}}, {"model": "tour.tourdetailen", "pk": 10, "fields": {"tour": 26, "title_en": "test 1", "text_en": "Tour Description in Russia p"}}, {"model": "tour.tourdetailen", "pk": 11, "fields": {"tour": 27, "title_en": "test 1", "text_en": "Tour Description in Russia p"}}, {"model": "tour.tourdetailen", "pk": 12, "fields": {"tour": 28, "title_en": "test 1", "text_en": "Tour Description in Russia:"}}, {"model": "tour.tourdetailen", "pk": 13, "fields": {"tour": 29, "title_en": "test 1", "text_en": "Tour Description in Engilsh:"}}, {"model": "tour.tourdetailen", "pk": 14, "fields": {"tour": 30, "title_en": "test 1", "text_en": "Tour Description in Engilsh:"}}, {"model": "tour.tourdetailen", "pk": 18, "fields": {"tour": 31, "title_en": "test 1", "text_en": "kmrkg rkjvn erv tdvnjt"}}, {"model": "tour.tourdetailen", "pk": 19, "fields": {"tour": 31, "title_en": "test 2", "text_en": "jknv rkwjfv kj"}}, {"model": "tour.tourdetailen", "pk": 20, "fields": {"tour": 31, "title_en": "test 3", "text_en": "mnf vkewfv r"}}, {"model": "tour.tourdetailen", "pk": 21, "fields": {"tour": 31, "title_en": "test 4", "text_en": "krtm ekgjfbm dfkjvnt"}}, {"model": "tour.tourdetailen", "pk": 89, "fields": {"tour": 33, "title_en": "test 1", "text_en": "Tour Description in Engilsh:"}}, {"model": "tour.tourdetailen", "pk": 90, "fields": {"tour": 34, "title_en": "test 1", "text_en": "Lorem Ipsum is simply dummy text of the printing and typesetting industry. Lorem Ipsum has been the industry's standard dummy text ever since the 1500s, when an unknown printer took a galley of type and scrambled it to make a type specimen book. It has survived not only five centuries,"}}, {"model": "tour.tourdetailen", "pk": 91, "fields": {"tour": 38, "title_en": "nerfj", "text_en": "wenfk"}}, {"model": "tour.tourdetailen", "pk": 92, "fields": {"tour": 50, "title_en": "kwemfoi", "text_en": "ewjlkkjwnf"}}, {"model": "tour.tourdetailen", "pk": 93, "fields": {"tour": 51, "title_en": "kwemfoi", "text_en": "ewjlkkjwnf"}}, {"model": "tour.tourdetailen", "pk": 94, "fields": {"tour": 52, "title_en": "test 1", "text_en": "Tour Description in Engilsh:"}}, {"model": "tour.tourdetailen", "pk": 95, "fields": {"tour": 52, "title_en": "test 2", "text_en": "Tour Description in Engilsh:"}}, {"model": "tour.tourdetailen", "pk": 96, "fields": {"tour": 52, "title_en": "test 3", "text_en": "Tour Description in Engilsh:"}}, {"model": "tour.tourdetailen", "pk": 97, "fields": {"tour": 52, "title_en": "test 4", "text_en": "Tour Description in Engilsh:"}}, {"model": "tour.tourdetailen", "pk": 98, "fields": {"tour": 52, "title_en": "test 5", "text_en": "Tour Description in Engilsh:"}}, {"model": "tour.tourdetailen", "pk": 99, "fields": {"tour": 52, "title_en": "test 6", "text_en": "Tour Description in Engilsh:"}}, {"model": "tour.tourdetailen", "pk": 100, "fields": {"tour": 52, "title_en": "test 7", "text_en": "Tour Description in Engilsh:"}}, {"model": "tour.tourdetailru", "pk": 2, "fields": {"tour": 3, "title_ru": "test 1", "text_ru": "Lorem Ipsum is simply dummy text of the printing and typesetting industry. Lorem Ipsum has been the industry's standard dummy text ever since the 1500s, when an unknown printer took a galley of type and scrambled it to make a type specimen book. It has survived not only five centuries,"}}, {"model": "tour.tourdetailru", "pk": 8, "fields": {"tour": 24, "title_ru": "test 1", "text_ru": "Lorem Ipsum is simply dummy text of the printing and typesetting industry. Lorem Ipsum has been the industry's standard dummy text ever since the 1500s, when an unknown printer took a galley of type and scrambled it to make a type specimen book. It has survived not only five centuries, but also the leap into electronic typesetting, remaining essentially unchanged. It was popularised in the 1960s with the release"}}, {"model": "tour.tourdetailru", "pk": 9, "fields": {"tour": 25, "title_ru": "test 1", "text_ru": "Tour Description in Russia:"}}, {"model": "tour.tourdetailru", "pk": 10, "fields": {"tour": 26, "title_ru": "test 1", "text_ru": "Tour Description in Russia p"}}, {"model": "tour.tourdetailru", "pk": 11, "fields": {"tour": 27, "title_ru": "test 1", "text_ru": "Tour Description in Russia p"}}, {"model": "tour.tourdetailru", "pk": 12, "fields": {"tour": 28, "title_ru": "test 1", "text_ru": "Tour Description in Russia:"}}, {"model": "tour.tourdetailru", "pk": 13, "fields": {"tour": 29, "title_ru": "test 1", "text_ru": "Tour Description in Russia:"}}, {"model": "tour.tourdetailru", "pk": 14, "fields": {"tour": 30, "title_ru": "test 1", "text_ru": "Tour Description in Russia:"}}, {"model": "tour.tourdetailru", "pk": 63, "fields": {"tour": 33, "title_ru": "test 1", "text_ru": "Tour Description in Russia:"}}, {"model": "tour.tourdetailru", "pk": 64, "fields": {"tour": 34, "title_ru": "test 1", "text_ru": "Lorem Ipsum is simply dummy text of the printing and typesetting industry. Lorem Ipsum has been the industry's standard dummy text ever since the 1500s, when an unknown printer took a galley of type and scrambled it to make a type specimen book. It has survived not only five centuries,"}}, {"model": "tour.tourdetailru", "pk": 65, "fields": {"tour": 52, "title_ru": "test 1", "text_ru": "Tour Description in Russia:"}}, {"model": "tour.tourdetailru", "pk": 66, "fields": {"tour": 52, "title_ru": "test 2", "text_ru": "Tour Description in Russia:"}}, {"model": "tour.tourdetailru", "pk": 67, "fields": {"tour": 52, "title_ru": "test 3", "text_ru": "Tour Description in Russia:"}}, {"model": "tour.tourdetailru", "pk": 68, "fields": {"tour": 52, "title_ru": "test 4", "text_ru": "Tour Description in Russia:"}}, {"model": "tour.tourimage", "pk": 5, "fields": {"tour": 5, "image": "tour/image/open_top_london_bus_tour_640x360.jpg"}}, {"model": "tour.tourimage", "pk": 13, "fields": {"tour": 14, "image": "tour/image/bmw_gT8ZGUr.jpg"}}, {"model": "tour.tourimage", "pk": 14, "fields": {"tour": 14, "image": "tour/image/big-cat_naMcvdT.jpg"}}, {"model": "tour.tourimage", "pk": 15, "fields": {"tour": 14, "image": "tour/image/dark-road_VjTwo3s.jpg"}}, {"model": "tour.tourimage", "pk": 16, "fields": {"tour": 15, "image": "tour/image/bmw_RsKXY3I.jpg"}}, {"model": "tour.tourimage", "pk": 17, "fields": {"tour": 16, "image": "tour/image/bmw_NfD80ZP.jpg"}}, {"model": "tour.tourimage", "pk": 18, "fields": {"tour": 18, "image": "tour/image/bmw_mwKcpt3.jpg"}}, {"model": "tour.tourimage", "pk": 19, "fields": {"tour": 18, "image": "tour/image/bmw_1_EzXhsmp.jpg"}}, {"model": "tour.tourimage", "pk": 20, "fields": {"tour": 18, "image": "tour/image/international-tour-packages_2t6XWJC.jpg"}}, {"model": "tour.tourimage", "pk": 21, "fields": {"tour": 18, "image": "tour/image/dark-road_ZljBWac.jpg"}}, {"model": "tour.tourimage", "pk": 23, "fields": {"tour": 33, "image": "tour/image/big-cat_ONPu1EA.jpg"}}, {"model": "tour.tourimage", "pk": 24, "fields": {"tour": 33, "image": "tour/image/bmw_nQHaTrG.jpg"}}, {"model": "tour.tourimage", "pk": 25, "fields": {"tour": 34, "image": "tour/image/bmw_43sKl7K.jpg"}}, {"model": "tour.tourimage", "pk": 26, "fields": {"tour": 9, "image": "tour/image/bmw_QGZpbf4.jpg"}}, {"model": "tour.tourimage", "pk": 27, "fields": {"tour": 51, "image": "tour/image/big-cat_7N6gBvV.jpg"}}, {"model": "tour.tourimage", "pk": 29, "fields": {"tour": 52, "image": "tour/image/big-cat_zGGqYPZ.jpg"}}, {"model": "tour.tourimage", "pk": 30, "fields": {"tour": 52, "image": "tour/image/bmw_1_BbNSTUT.jpg"}}, {"model": "tour.tourimage", "pk": 31, "fields": {"tour": 52, "image": "tour/image/dark-road_LiemNNq.jpg"}}, {"model": "tour.tourimage", "pk": 32, "fields": {"tour": 52, "image": "tour/image/open_top_london_bus_tour_640x360_aHVF2kD.jpg"}}, {"model": "tour.tourschedule", "pk": 5, "fields": {"tour": 5, "schedule_image": "tour/schedule/open_top_london_bus_tour_640x360_b9tQTBG.jpg"}}, {"model": "tour.tourschedule", "pk": 8, "fields": {"tour": 14, "schedule_image": "tour/schedule/bmw_V8onpbE.jpg"}}, {"model": "tour.tourschedule", "pk": 9, "fields": {"tour": 14, "schedule_image": "tour/schedule/big-cat_1qES3kE.jpg"}}, {"model": "tour.tourschedule", "pk": 10, "fields": {"tour": 14, "schedule_image": "tour/schedule/dark-road_gEnPIlf.jpg"}}, {"model": "tour.tourschedule", "pk": 11, "fields": {"tour": 15, "schedule_image": "tour/schedule/bmw_goYVlRj.jpg"}}, {"model": "tour.tourschedule", "pk": 12, "fields": {"tour": 16, "schedule_image": "tour/schedule/bmw_AWZQq20.jpg"}}, {"model": "tour.tourschedule", "pk": 13, "fields": {"tour": 17, "schedule_image": "tour/schedule/AdobeStock_66932447_xY4FuAQ.jpeg"}}, {"model": "tour.tourschedule", "pk": 14, "fields": {"tour": 17, "schedule_image": "tour/schedule/bmw_1_r8xpyOc.jpg"}}, {"model": "tour.tourschedule", "pk": 15, "fields": {"tour": 18, "schedule_image": "tour/schedule/big-cat_8ug1h9q.jpg"}}, {"model": "tour.tourschedule", "pk": 16, "fields": {"tour": 18, "schedule_image": "tour/schedule/bmw_1_6Q90rGJ.jpg"}}, {"model": "tour.tourschedule", "pk": 17, "fields": {"tour": 18, "schedule_image": "tour/schedule/bmw_tExz692.jpg"}}, {"model": "tour.tourschedule", "pk": 18, "fields": {"tour": 33, "schedule_image": "tour/schedule/bmw_1_xQEtUPM.jpg"}}, {"model": "tour.tourschedule", "pk": 19, "fields": {"tour": 33, "schedule_image": "tour/schedule/family-tour-odisha.jpg"}}, {"model": "tour.tourschedule", "pk": 20, "fields": {"tour": 34, "schedule_image": "tour/schedule/dark-road_xOs2XlC.jpg"}}, {"model": "tour.tourschedule", "pk": 21, "fields": {"tour": 9, "schedule_image": "tour/schedule/big-cat_yhRpnhf.jpg"}}, {"model": "tour.tourschedule", "pk": 22, "fields": {"tour": 9, "schedule_image": "tour/schedule/bmw_1ehXDvs.jpg"}}, {"model": "tour.tourschedule", "pk": 23, "fields": {"tour": 52, "schedule_image": "tour/schedule/tour-operator-business-plan.jpg"}}, {"model": "tour.tourschedule", "pk": 24, "fields": {"tour": 52, "schedule_image": "tour/schedule/dark-road_zA2aq7z.jpg"}}, {"model": "tour.tourschedule", "pk": 25, "fields": {"tour": 52, "schedule_image": "tour/schedule/AdobeStock_66932447_wHPZJNd.jpeg"}}, {"model": "tour.tourschedule", "pk": 26, "fields": {"tour": 52, "schedule_image": "tour/schedule/bmw_qosnmtX.jpg"}}, {"model": "tour.tourschedule", "pk": 27, "fields": {"tour": 52, "schedule_image": "tour/schedule/international-tour-packages.jpg"}}, {"model": "tour.tourschedule", "pk": 28, "fields": {"tour": 52, "schedule_image": "tour/schedule/family-tour-odisha_IVVGMGL.jpg"}}, {"model": "tour.tourschedule", "pk": 29, "fields": {"tour": 52, "schedule_image": "tour/schedule/tour-operator-business-plan_bb4MTgH.jpg"}}, {"model": "tour.toururl", "pk": 4, "fields": {"tour": 4, "url": "https://soundcloud.com/discover"}}, {"model": "tour.toururl", "pk": 5, "fields": {"tour": 4, "url": "https://soundcloud.com/discover"}}, {"model": "tour.toururl", "pk": 8, "fields": {"tour": 4, "url": "https://soundcloud.com/discover"}}, {"model": "tour.toururl", "pk": 9, "fields": {"tour": 4, "url": "https://soundcloud.com/discover"}}, {"model": "tour.toururl", "pk": 10, "fields": {"tour": 4, "url": "https://soundcloud.com/discover"}}, {"model": "tour.toururl", "pk": 11, "fields": {"tour": 4, "url": "https://soundcloud.com/discover"}}, {"model": "tour.toururl", "pk": 12, "fields": {"tour": 4, "url": "https://soundcloud.com/discover"}}, {"model": "tour.toururl", "pk": 13, "fields": {"tour": 4, "url": "https://soundcloud.com/discover"}}, {"model": "tour.toururl", "pk": 14, "fields": {"tour": 5, "url": "https://soundcloud.com/discover"}}, {"model": "tour.toururl", "pk": 15, "fields": {"tour": 5, "url": "https://soundcloud.com/discover"}}, {"model": "tour.toururl", "pk": 16, "fields": {"tour": 5, "url": "https://soundcloud.com/discover"}}, {"model": "tour.toururl", "pk": 22, "fields": {"tour": 18, "url": "https://soundcloud.com/discover"}}, {"model": "tour.toururl", "pk": 23, "fields": {"tour": 18, "url": "https://soundcloud.com/discover"}}, {"model": "tour.toururl", "pk": 24, "fields": {"tour": 18, "url": "https://soundcloud.com/discover"}}, {"model": "tour.toururl", "pk": 25, "fields": {"tour": 18, "url": "https://soundcloud.com/discover"}}, {"model": "tour.toururl", "pk": 26, "fields": {"tour": 18, "url": "https://soundcloud.com/discover"}}, {"model": "tour.toururl", "pk": 27, "fields": {"tour": 18, "url": "https://soundcloud.com/discover"}}, {"model": "tour.toururl", "pk": 71, "fields": {"tour": 33, "url": "https://soundcloud.com/discover"}}, {"model": "tour.toururl", "pk": 72, "fields": {"tour": 33, "url": "https://soundcloud.com/discover"}}, {"model": "tour.toururl", "pk": 73, "fields": {"tour": 33, "url": "https://soundcloud.com/discover"}}, {"model": "tour.toururl", "pk": 74, "fields": {"tour": 34, "url": "https://soundcloud.com/discover"}}, {"model": "tour.toururl", "pk": 75, "fields": {"tour": 34, "url": "https://soundcloud.com/discover"}}, {"model": "tour.toururl", "pk": 76, "fields": {"tour": 34, "url": "https://soundcloud.com/discover"}}, {"model": "tour.toururl", "pk": 77, "fields": {"tour": 52, "url": "https://soundcloud.com/discover"}}, {"model": "tour.toururl", "pk": 78, "fields": {"tour": 52, "url": "https://soundcloud.com/discover"}}, {"model": "tour.toururl", "pk": 79, "fields": {"tour": 52, "url": "https://soundcloud.com/discover"}}, {"model": "tour.toururl", "pk": 80, "fields": {"tour": 52, "url": "https://soundcloud.com/discover"}}, {"model": "tour.toururl", "pk": 81, "fields": {"tour": 52, "url": "https://soundcloud.com/discover"}}, {"model": "tour.toururl", "pk": 82, "fields": {"tour": 52, "url": "https://soundcloud.com/discover"}}, {"model": "tour.toururl", "pk": 83, "fields": {"tour": 52, "url": "https://soundcloud.com/discover"}}, {"model": "tour.tourcomment", "pk": 40, "fields": {"message": "test comment", "commented_at": "2021-01-01", "rating": 4, "comment_reply": null, "tour": 6, "user": ["muradmemmedli"]}}, {"model": "tour.tourcomment", "pk": 41, "fields": {"message": "reply", "commented_at": "2021-01-01", "rating": null, "comment_reply": 40, "tour": 6, "user": ["muradmemmedli"]}}, {"model": "tour.tourcomment", "pk": 42, "fields": {"message": "reply reply", "commented_at": "2021-01-01", "rating": null, "comment_reply": 41, "tour": 6, "user": ["muradmemmedli"]}}, {"model": "tour.tourcomment", "pk": 43, "fields": {"message": "test comment 2", "commented_at": "2021-01-01", "rating": 0, "comment_reply": null, "tour": 6, "user": ["muradmemmedli"]}}, {"model": "tour.tourcomment", "pk": 44, "fields": {"message": "new test comment", "commented_at": "2021-02-16", "rating": null, "comment_reply": 43, "tour": 6, "user": ["ruhinshukurlu"]}}, {"model": "tour.tourcomment", "pk": 45, "fields": {"message": "new test comment reply", "commented_at": "2021-02-16", "rating": null, "comment_reply": 44, "tour": 6, "user": ["ruhinshukurlu"]}}, {"model": "tour.tourcomment", "pk": 46, "fields": {"message": "new reply", "commented_at": "2021-02-19", "rating": null, "comment_reply": 40, "tour": 6, "user": ["ruhinshukurlu"]}}, {"model": "tour.tourcomment", "pk": 47, "fields": {"message": "new reply 2", "commented_at": "2021-02-19", "rating": null, "comment_reply": 40, "tour": 6, "user": ["ruhinshukurlu"]}}, {"model": "tour.tourcomment", "pk": 48, "fields": {"message": "reply 3", "commented_at": "2021-02-19", "rating": null, "comment_reply": 40, "tour": 6, "user": ["ruhinshukurlu"]}}, {"model": "tour.tourcomment", "pk": 49, "fields": {"message": "new comment 3", "commented_at": "2021-02-19", "rating": 5, "comment_reply": null, "tour": 6, "user": ["muradmemmedli"]}}, {"model": "tour.tourcomment", "pk": 50, "fields": {"message": "new reply", "commented_at": "2021-02-19", "rating": null, "comment_reply": 49, "tour": 6, "user": ["muradmemmedli"]}}, {"model": "tour.tourcomment", "pk": 51, "fields": {"message": "reply 2", "commented_at": "2021-02-19", "rating": null, "comment_reply": 49, "tour": 6, "user": ["muradmemmedli"]}}, {"model": "tour.tourcomment", "pk": 52, "fields": {"message": "test 1", "commented_at": "2021-02-21", "rating": 5, "comment_reply": null, "tour": 4, "user": ["muradmemmedli"]}}, {"model": "tour.tourcomment", "pk": 53, "fields": {"message": "test 2", "commented_at": "2021-02-21", "rating": 4, "comment_reply": null, "tour": 4, "user": ["muradmemmedli"]}}, {"model": "activity.activity", "pk": 1, "fields": {"organizer": 1, "title": "activity 1 update", "keyword": null, "descriptionaz": "Lorem Ipsum is simply dummy text of the printing and typesetting industry. Lorem Ipsum has been the industry's standard dummy text ever since the 1500s, when an unknown printer took a galley of type and scrambled it to make a typ", "descriptionen": "Lorem Ipsum is simply dummy text of the printing and typesetting industry. Lorem Ipsum has been the industry's standard dummy text ever since the 1500s, when an unknown printer took a galley of type and scrambled it to make a typ", "descriptionru": "Lorem Ipsum is simply dummy text of the printing and typesetting industry. Lorem Ipsum has been the industry's standard dummy text ever since the 1500s, when an unknown printer took a galley of type and scrambled it to make a typ", "activity_type": 1, "country": "Azerbaijan", "city": "Baku", "address": "28 May Street", "price": 343, "pricefor": 1, "currency": "AZN", "discount": null, "distance": null, "durationday": 3, "durationnight": 3, "datefrom": "2020-11-16", "dateto": "2020-12-04", "viewcount": 1, "avatar": "activity/avatar/open_top_london_bus_tour_640x360.jpg", "cover": "activity/cover/bmw.jpg", "guide": "Mirvari", "availabledays": null, "status": 4, "rating": 4, "map_link": null, "activated": true}}, {"model": "activity.activity", "pk": 2, "fields": {"organizer": 1, "title": "test 1", "keyword": null, "descriptionaz": "Activity Description in Azerbaijan:", "descriptionen": "Activity Description in English:", "descriptionru": "Activity Description in Russia:", "activity_type": 1, "country": "Azerbaijan", "city": "Baku", "address": "28 May Street", "price": 22, "pricefor": 1, "currency": "AZN", "discount": null, "distance": null, "durationday": null, "durationnight": null, "datefrom": "2021-02-24", "dateto": "2021-02-27", "viewcount": 1, "avatar": "activity/avatar/bmw_1OhDn2g.jpg", "cover": "activity/cover/tour-operator-business-plan.jpg", "guide": "ruhin", "availabledays": null, "status": 3, "rating": null, "map_link": "https://www.google.com/maps/d/u/0/embed?mid=1AO8_s0SB_PgUR4Tzh9e4CCwNqwx2zSoP", "activated": false}}, {"model": "activity.activity", "pk": 3, "fields": {"organizer": 1, "title": "test", "keyword": null, "descriptionaz": "Activity Description in Azerbaijan:", "descriptionen": "Activity Description in English:", "descriptionru": "Activity Description in Russia:", "activity_type": 1, "country": "Azerbaijan", "city": "Baku", "address": "28 May Street", "price": 22, "pricefor": 1, "currency": "AZN", "discount": null, "distance": null, "durationday": null, "durationnight": null, "datefrom": "2001-12-12", "dateto": "2001-12-12", "viewcount": 1, "avatar": "", "cover": "", "guide": "ruhin", "availabledays": null, "status": 2, "rating": null, "map_link": "https://www.google.com/maps/d/u/0/embed?mid=1AO8_s0SB_PgUR4Tzh9e4CCwNqwx2zSoP", "activated": false}}, {"model": "activity.activity", "pk": 4, "fields": {"organizer": 1, "title": "general test update 4", "keyword": null, "descriptionaz": "Activity Description in Azerbaijan:", "descriptionen": "Activity Description in English:", "descriptionru": "Activity Description in Russia:", "activity_type": 1, "country": "Azerbaijan", "city": "Baku", "address": "28 May Street", "price": 22, "pricefor": 1, "currency": "AZN", "discount": null, "distance": null, "durationday": 2, "durationnight": 3, "datefrom": "2020-12-12", "dateto": "2012-12-12", "viewcount": 0, "avatar": "activity/avatar/bmw_wUELg3Q.jpg", "cover": "activity/cover/big-cat_oIopOIu.jpg", "guide": "Mirvari", "availabledays": null, "status": 1, "rating": 4, "map_link": "https://www.google.com/maps/d/u/0/embed?mid=1AO8_s0SB_PgUR4Tzh9e4CCwNqwx2zSoP", "activated": true}}, {"model": "activity.activity", "pk": 5, "fields": {"organizer": 1, "title": "general test 2", "keyword": null, "descriptionaz": "Activity Description in Azerbaijan:", "descriptionen": "Activity Description in English:", "descriptionru": "Activity Description in Russia:", "activity_type": 1, "country": "Turkey", "city": "Baku", "address": "28 May Street", "price": 22, "pricefor": 1, "currency": "AZN", "discount": 21, "distance": null, "durationday": 2, "durationnight": 3, "datefrom": "2021-02-24", "dateto": "2021-03-06", "viewcount": 1, "avatar": "activity/avatar/bmw_cYpwIck.jpg", "cover": "activity/cover/big-cat_Wi8SMCJ.jpg", "guide": "Mirvari", "availabledays": null, "status": 1, "rating": 4, "map_link": "https://www.google.com/maps/d/u/0/embed?mid=1AO8_s0SB_PgUR4Tzh9e4CCwNqwx2zSoP", "activated": true}}, {"model": "activity.activitydetailaz", "pk": 1, "fields": {"activity": 1, "title_az": "test", "text_az": "Lorem Ipsum is simply dummy text of the printing and typesetting industry. Lorem Ipsum has been the industry's standard dummy text ever since the 1500s, when an unknown printer took a galley of type and scrambled it to make a typLorem Ipsum is simply dummy text of the printing and typesetting industry. Lorem Ipsum has been the industry's standard dummy text ever since the 1500s, when an unknown printer took a galley of type and scrambled it to make a typ"}}, {"model": "activity.activitydetailaz", "pk": 2, "fields": {"activity": 1, "title_az": "test", "text_az": "Lorem Ipsum is simply dummy text of the printing and typesetting industry. Lorem Ipsum has been the industry's standard dummy text ever since the 1500s, when an unknown printer took a galley of type and scrambled it to make a typLorem Ipsum is simply dummy text of the printing and typesetting industry. Lorem Ipsum has been the industry's standard dummy text ever since the 1500s, when an unknown printer took a galley of type and scrambled it to make a typ"}}, {"model": "activity.activitydetailaz", "pk": 3, "fields": {"activity": 1, "title_az": "test", "text_az": "Lorem Ipsum is simply dummy text of the printing and typesetting industry. Lorem Ipsum has been the industry's standard dummy text ever since the 1500s, when an unknown printer took a galley of type and scrambled it to make a typLorem Ipsum is simply dummy text of the printing and typesetting industry. Lorem Ipsum has been the industry's standard dummy text ever since the 1500s, when an unknown printer took a galley of type and scrambled it to make a typ"}}, {"model": "activity.activitydetailaz", "pk": 4, "fields": {"activity": 3, "title_az": "test 1", "text_az": "Activity Description in Azerbaijan:"}}, {"model": "activity.activitydetailaz", "pk": 5, "fields": {"activity": 4, "title_az": "test 1 up", "text_az": "Activity Description in Azerbaijan: 1"}}, {"model": "activity.activitydetailaz", "pk": 6, "fields": {"activity": 4, "title_az": "test 2", "text_az": "Activity Description in Azerbaijan: 2"}}, {"model": "activity.activitydetailaz", "pk": 7, "fields": {"activity": 4, "title_az": "test 3", "text_az": "Activity Description in Azerbaijan: 3"}}, {"model": "activity.activitydetailaz", "pk": 8, "fields": {"activity": 4, "title_az": "test 4", "text_az": "Activity Description in Azerbaijan: 4"}}, {"model": "activity.activitydetailaz", "pk": 9, "fields": {"activity": 5, "title_az": "test 1", "text_az": "Activity Description in Azerbaijan:"}}, {"model": "activity.activitydetailen", "pk": 2, "fields": {"activity": 1, "title_en": "test", "text_en": "Lorem Ipsum is simply dummy text of the printing and typesetting industry. Lorem Ipsum has been the industry's standard dummy text ever since the 1500s, when an unknown printer took a galley of type and scrambled it to make a typLorem Ipsum is simply dummy text of the printing and typesetting industry. Lorem Ipsum has been the industry's standard dummy text ever since the 1500s, when an unknown printer took a galley of type and scrambled it to make a typ"}}, {"model": "activity.activitydetailen", "pk": 3, "fields": {"activity": 1, "title_en": "test", "text_en": "Lorem Ipsum is simply dummy text of the printing and typesetting industry. Lorem Ipsum has been the industry's standard dummy text ever since the 1500s, when an unknown printer took a galley of type and scrambled it to make a typLorem Ipsum is simply dummy text of the printing and typesetting industry. Lorem Ipsum has been the industry's standard dummy text ever since the 1500s, when an unknown printer took a galley of type and scrambled it to make a typ"}}, {"model": "activity.activitydetailen", "pk": 4, "fields": {"activity": 1, "title_en": "test", "text_en": "Lorem Ipsum is simply dummy text of the printing and typesetting industry. Lorem Ipsum has been the industry's standard dummy text ever since the 1500s, when an unknown printer took a galley of type and scrambled it to make a Lorem Ipsum is simply dummy text of the printing and typesetting industry. Lorem Ipsum has been the industry's standard dummy text ever since the 1500s, when an unknown printer took a galley of type and scrambled it to make a typ"}}, {"model": "activity.activitydetailen", "pk": 6, "fields": {"activity": 3, "title_en": "test 1", "text_en": "Activity Description in English:"}}, {"model": "activity.activitydetailen", "pk": 7, "fields": {"activity": 4, "title_en": "test 1", "text_en": "Activity Description in English: 1"}}, {"model": "activity.activitydetailen", "pk": 8, "fields": {"activity": 4, "title_en": "test 2", "text_en": "Activity Description in English: 2"}}, {"model": "activity.activitydetailen", "pk": 9, "fields": {"activity": 4, "title_en": "test 3", "text_en": "Activity Description in English: 3"}}, {"model": "activity.activitydetailen", "pk": 10, "fields": {"activity": 4, "title_en": "test 4", "text_en": "Activity Description in English: 4"}}, {"model": "activity.activitydetailen", "pk": 11, "fields": {"activity": 5, "title_en": "test 1", "text_en": "Activity Description in English:"}}, {"model": "activity.activitydetailru", "pk": 1, "fields": {"activity": 3, "title_ru": "test 1", "text_ru": "Activity Description in Russia:"}}, {"model": "activity.activitydetailru", "pk": 2, "fields": {"activity": 4, "title_ru": "test 1", "text_ru": "Activity Description in Russia: 1"}}, {"model": "activity.activitydetailru", "pk": 3, "fields": {"activity": 4, "title_ru": "test 2", "text_ru": "Activity Description in Russia: 2"}}, {"model": "activity.activitydetailru", "pk": 4, "fields": {"activity": 4, "title_ru": "test 3", "text_ru": "Activity Description in Russia: 3"}}, {"model": "activity.activitydetailru", "pk": 5, "fields": {"activity": 4, "title_ru": "test 4", "text_ru": "Activity Description in Russia: 4"}}, {"model": "activity.activitydetailru", "pk": 6, "fields": {"activity": 5, "title_ru": "test 1", "text_ru": "Activity Description in Russia:"}}, {"model": "activity.activityimage", "pk": 1, "fields": {"activity": 4, "image": "activity/image/AdobeStock_66932447.jpeg"}}, {"model": "activity.activityimage", "pk": 2, "fields": {"activity": 4, "image": "activity/image/bmw_1.jpg"}}, {"model": "activity.activityimage", "pk": 3, "fields": {"activity": 4, "image": "activity/image/family-tour-odisha.jpg"}}, {"model": "activity.activityimage", "pk": 5, "fields": {"activity": 5, "image": "activity/image/AdobeStock_66932447_IZ6U5QA.jpeg"}}, {"model": "activity.activityimage", "pk": 6, "fields": {"activity": 5, "image": "activity/image/bmw.jpg"}}, {"model": "activity.activityimage", "pk": 7, "fields": {"activity": 5, "image": "activity/image/bmw_1_ppmSXcU.jpg"}}, {"model": "activity.activityimage", "pk": 8, "fields": {"activity": 2, "image": "activity/image/big-cat_RHHsHmZ.jpg"}}, {"model": "activity.activityimage", "pk": 9, "fields": {"activity": 2, "image": "activity/image/bmw_wtK0CrU.jpg"}}, {"model": "activity.activityschedule", "pk": 1, "fields": {"activity": 5, "schedule_image": "activity/schedule/dark-road_rdNKV96.jpg"}}, {"model": "activity.activityschedule", "pk": 2, "fields": {"activity": 5, "schedule_image": "activity/schedule/international-tour-packages.jpg"}}, {"model": "activity.activityschedule", "pk": 3, "fields": {"activity": 5, "schedule_image": "activity/schedule/international-tour-packages_LbVs4W6.jpg"}}, {"model": "activity.activityschedule", "pk": 4, "fields": {"activity": 2, "schedule_image": "activity/schedule/dark-road_0atndNf.jpg"}}, {"model": "activity.activityschedule", "pk": 5, "fields": {"activity": 2, "schedule_image": "activity/schedule/AdobeStock_66932447.jpeg"}}, {"model": "activity.activityurl", "pk": 1, "fields": {"activity": 1, "url": "https://lipsum.com/"}}, {"model": "activity.activityurl", "pk": 2, "fields": {"activity": 1, "url": "https://lipsum.com/"}}, {"model": "activity.activityurl", "pk": 3, "fields": {"activity": 1, "url": "https://lipsum.com/"}}, {"model": "activity.activityurl", "pk": 4, "fields": {"activity": 4, "url": "https://soundcloud.com/discover"}}, {"model": "activity.activityurl", "pk": 5, "fields": {"activity": 4, "url": "https://soundcloud.com/discover"}}, {"model": "activity.activityurl", "pk": 6, "fields": {"activity": 4, "url": "https://soundcloud.com/discover"}}, {"model": "activity.activityurl", "pk": 7, "fields": {"activity": 4, "url": "https://soundcloud.com/discover"}}, {"model": "activity.activityurl", "pk": 8, "fields": {"activity": 4, "url": "https://soundcloud.com/discover"}}, {"model": "activity.activityurl", "pk": 9, "fields": {"activity": 4, "url": "https://soundcloud.com/discover"}}, {"model": "activity.activityurl", "pk": 10, "fields": {"activity": 5, "url": "https://soundcloud.com/discover"}}, {"model": "activity.activityurl", "pk": 11, "fields": {"activity": 5, "url": "https://soundcloud.com/discover"}}, {"model": "activity.activityurl", "pk": 12, "fields": {"activity": 5, "url": "https://soundcloud.com/discover"}}, {"model": "activity.activitycomment", "pk": 17, "fields": {"message": "activity 1", "commented_at": "2020-11-13", "rating": 4, "comment_reply": null, "activity": 1, "user": ["muradmemmedli"]}}, {"model": "activity.activitycomment", "pk": 18, "fields": {"message": "activity 2", "commented_at": "2020-11-13", "rating": 4, "comment_reply": null, "activity": 1, "user": ["muradmemmedli"]}}, {"model": "activity.activitycomment", "pk": 19, "fields": {"message": "activity 1 reply", "commented_at": "2020-11-13", "rating": null, "comment_reply": 17, "activity": 1, "user": ["muradmemmedli"]}}, {"model": "activity.activitycomment", "pk": 20, "fields": {"message": "activity 1 reply 2", "commented_at": "2020-11-13", "rating": null, "comment_reply": 17, "activity": 1, "user": ["muradmemmedli"]}}, {"model": "activity.activitycomment", "pk": 21, "fields": {"message": "activity 2 reply", "commented_at": "2020-11-13", "rating": null, "comment_reply": 18, "activity": 1, "user": ["muradmemmedli"]}}, {"model": "activity.activitycomment", "pk": 22, "fields": {"message": "activity 2 reply reply", "commented_at": "2020-11-14", "rating": null, "comment_reply": 21, "activity": 1, "user": ["ruhinshukurlu054"]}}, {"model": "activity.activitycomment", "pk": 23, "fields": {"message": "test", "commented_at": "2021-02-21", "rating": 5, "comment_reply": null, "activity": 5, "user": ["muradmemmedli"]}}, {"model": "activity.activitycomment", "pk": 24, "fields": {"message": "test 2", "commented_at": "2021-02-21", "rating": 4, "comment_reply": null, "activity": 5, "user": ["muradmemmedli"]}}, {"model": "activity.activitycomment", "pk": 25, "fields": {"message": "test 3", "commented_at": "2021-02-21", "rating": 3, "comment_reply": null, "activity": 5, "user": ["muradmemmedli"]}}, {"model": "activity.activitycomment", "pk": 26, "fields": {"message": "test", "commented_at": "2021-02-21", "rating": 4, "comment_reply": null, "activity": 4, "user": ["muradmemmedli"]}}, {"model": "activity.activitycomment", "pk": 27, "fields": {"message": "test 2", "commented_at": "2021-02-21", "rating": 5, "comment_reply": null, "activity": 4, "user": ["muradmemmedli"]}}, {"model": "activity.activitycomment", "pk": 28, "fields": {"message": "test 4", "commented_at": "2021-02-21", "rating": 5, "comment_reply": null, "activity": 5, "user": ["muradmemmedli"]}}, {"model": "activity.activitycomment", "pk": 29, "fields": {"message": "test 5", "commented_at": "2021-02-21", "rating": 5, "comment_reply": null, "activity": 5, "user": ["muradmemmedli"]}}, {"model": "training.training", "pk": 1, "fields": {"organizer": 1, "title": "training 1", "keyword": null, "descriptionaz": "Lorem Ipsum is simply dummy text of the printing and typesetting industry. Lorem Ipsum has been the industry's standard dummy text ever since the 1500s, when an unknown printer took a galley of type and scrambled it to make a type specimen book. It has survived not only five centuries,", "descriptionen": "Lorem Ipsum is simply dummy text of the printing and typesetting industry. Lorem Ipsum has been the industry's standard dummy text ever since the 1500s, when an unknown printer took a galley of type and scrambled it to make a type specimen book. It has survived not only five centuries,", "descriptionru": "Lorem Ipsum is simply dummy text of the printing and typesetting industry. Lorem Ipsum has been the industry's standard dummy text ever since the 1500s, when an unknown printer took a galley of type and scrambled it to make a type specimen book. It has survived not only five centuries,", "training_type": 1, "country": "Azerbaijan", "city": "Baku", "address": "28 May Street", "price": 345, "pricefor": 1, "currency": "AZN", "discount": null, "distance": null, "durationday": 4, "durationnight": 5, "datefrom": "2021-02-18", "dateto": "2021-02-26", "viewcount": 1, "avatar": "training/avatar/international-tour-packages.jpg", "cover": "training/cover/big-cat_EMoAbse.jpg", "trainer": null, "availabledays": null, "status": 1, "rating": 3, "start_hour": "08:30:00", "finish_hour": "21:00:00", "map_link": null, "activated": true}}, {"model": "training.training", "pk": 2, "fields": {"organizer": 1, "title": "training 2 update", "keyword": null, "descriptionaz": "Lorem Ipsum is simply dummy text of the printing and typesetting industry. Lorem Ipsum has been the industry's standard dummy text ever since the 1500s, when an unknown printer took a galley of type and scrambled it to make a type specimen book. It has survived not only five centuries,", "descriptionen": "Lorem Ipsum is simply dummy text of the printing and typesetting industry. Lorem Ipsum has been the industry's standard dummy text ever since the 1500s, when an unknown printer took a galley of type and scrambled it to make a type specimen book. It has survived not only five centuries,", "descriptionru": "Lorem Ipsum is simply dummy text of the printing and typesetting industry. Lorem Ipsum has been the industry's standard dummy text ever since the 1500s, when an unknown printer took a galley of type and scrambled it to make a type specimen book. It has survived not only five centuries,", "training_type": 1, "country": "Turkey", "city": "Baku", "address": "28 May Street", "price": 43, "pricefor": 1, "currency": "AZN", "discount": null, "distance": null, "durationday": 3, "durationnight": 4, "datefrom": "2020-11-23", "dateto": "2020-11-27", "viewcount": 0, "avatar": "training/avatar/open_top_london_bus_tour_640x360.jpg", "cover": "training/cover/dark-road.jpg", "trainer": null, "availabledays": null, "status": 1, "rating": 3, "start_hour": "23:34:00", "finish_hour": "12:34:00", "map_link": null, "activated": true}}, {"model": "training.training", "pk": 3, "fields": {"organizer": 1, "title": "task 1", "keyword": null, "descriptionaz": "Lorem Ipsum is simply dummy text of the printing and typesetting industry. Lorem Ipsum has been the industry's standard dummy text ever since the 1500s, when an unknown printer took a galley of type and scrambled it to make a type specimen book. It has survived not only five centuries, but also the leap into electronic typesetting, remaining essentially unchanged. It was popularised in the 1960s with the release", "descriptionen": "Lorem Ipsum is simply dummy text of the printing and typesetting industry. Lorem Ipsum has been the industry's standard dummy text ever since the 1500s, when an unknown printer took a galley of type and scrambled it to make a type specimen book. It has survived not only five centuries, but also the leap into electronic typesetting, remaining essentially unchanged. It was popularised in the 1960s with the release", "descriptionru": "Lorem Ipsum is simply dummy text of the printing and typesetting industry. Lorem Ipsum has been the industry's standard dummy text ever since the 1500s, when an unknown printer took a galley of type and scrambled it to make a type specimen book. It has survived not only five centuries, but also the leap into electronic typesetting, remaining essentially unchanged. It was popularised in the 1960s with the release", "training_type": 1, "country": "Turkey", "city": "Ankara", "address": "Garabagh", "price": 22, "pricefor": 1, "currency": "AZN", "discount": null, "distance": null, "durationday": null, "durationnight": null, "datefrom": "2021-01-13", "dateto": "2021-01-27", "viewcount": 0, "avatar": "", "cover": "", "trainer": "Mirvari", "availabledays": null, "status": 3, "rating": null, "start_hour": "19:38:00", "finish_hour": "19:40:00", "map_link": null, "activated": false}}, {"model": "training.training", "pk": 4, "fields": {"organizer": 1, "title": "test 2", "keyword": null, "descriptionaz": "Lorem Ipsum is simply dummy text of the printing and typesetting industry. Lorem Ipsum has been the industry's standard dummy text ever since the 1500s, when an unknown printer took a galley of type and scrambled it to make a type specimen book. It has survived not only five centuries, but also the leap into electronic typesetting, remaining essentially unchanged. It was popularised in the 1960s with the release", "descriptionen": "Lorem Ipsum is simply dummy text of the printing and typesetting industry. Lorem Ipsum has been the industry's standard dummy text ever since the 1500s, when an unknown printer took a galley of type and scrambled it to make a type specimen book. It has survived not only five centuries, but also the leap into electronic typesetting, remaining essentially unchanged. It was popularised in the 1960s with the release", "descriptionru": "Lorem Ipsum is simply dummy text of the printing and typesetting industry. Lorem Ipsum has been the industry's standard dummy text ever since the 1500s, when an unknown printer took a galley of type and scrambled it to make a type specimen book. It has survived not only five centuries, but also the leap into electronic typesetting, remaining essentially unchanged. It was popularised in the 1960s with the release", "training_type": 1, "country": "Turkey", "city": "Ankara", "address": "Garabagh", "price": 22, "pricefor": 1, "currency": "AZN", "discount": null, "distance": null, "durationday": null, "durationnight": null, "datefrom": "2021-01-13", "dateto": "2021-01-22", "viewcount": 1, "avatar": "training/avatar/dark-road_2mhnq8g.jpg", "cover": "training/cover/bmw.jpg", "trainer": "Mirvari", "availabledays": null, "status": 2, "rating": null, "start_hour": "21:31:00", "finish_hour": "21:32:00", "map_link": "https://www.google.com/maps/d/u/0/embed?mid=1AO8_s0SB_PgUR4Tzh9e4CCwNqwx2zSoP", "activated": false}}, {"model": "training.training", "pk": 5, "fields": {"organizer": 1, "title": "test", "keyword": null, "descriptionaz": "Training Description in Azerbaijan:", "descriptionen": "Training Description in English:", "descriptionru": "Training Description in Russia:", "training_type": 1, "country": "Turkey", "city": "Baku", "address": "28 May Street", "price": 22, "pricefor": 1, "currency": "AZN", "discount": null, "distance": null, "durationday": null, "durationnight": null, "datefrom": "2021-02-19", "dateto": "2021-02-25", "viewcount": 0, "avatar": "", "cover": "", "trainer": null, "availabledays": null, "status": 2, "rating": null, "start_hour": "01:43:00", "finish_hour": "04:42:00", "map_link": "https://www.google.com/maps/d/u/0/embed?mid=1AO8_s0SB_PgUR4Tzh9e4CCwNqwx2zSoP", "activated": false}}, {"model": "training.training", "pk": 6, "fields": {"organizer": 1, "title": "test 2", "keyword": null, "descriptionaz": "Training Description in Azerbaijan:", "descriptionen": "Training Description in English:", "descriptionru": "Training Description in Russia:", "training_type": 1, "country": "Azerbaijan", "city": "Baku", "address": "28 May Street", "price": 22, "pricefor": 1, "currency": "AZN", "discount": 20, "distance": null, "durationday": null, "durationnight": null, "datefrom": "2021-01-13", "dateto": "2021-01-29", "viewcount": 0, "avatar": "", "cover": "", "trainer": null, "availabledays": null, "status": 2, "rating": null, "start_hour": "06:50:00", "finish_hour": "01:48:00", "map_link": "https://www.google.com/maps/d/u/0/embed?mid=1AO8_s0SB_PgUR4Tzh9e4CCwNqwx2zSoP", "activated": false}}, {"model": "training.training", "pk": 7, "fields": {"organizer": 1, "title": "test 3", "keyword": null, "descriptionaz": "Training Description in English:", "descriptionen": "Training Description in English:", "descriptionru": "Training Description in English:", "training_type": 1, "country": "Azerbaijan", "city": "Baku", "address": "28 May Street", "price": 22, "pricefor": 1, "currency": "AZN", "discount": null, "distance": null, "durationday": null, "durationnight": null, "datefrom": "2021-01-15", "dateto": "2021-01-22", "viewcount": 1, "avatar": "", "cover": "", "trainer": null, "availabledays": null, "status": 2, "rating": null, "start_hour": "01:54:00", "finish_hour": "01:52:00", "map_link": "https://www.google.com/maps/d/u/0/embed?mid=1AO8_s0SB_PgUR4Tzh9e4CCwNqwx2zSoP", "activated": false}}, {"model": "training.training", "pk": 8, "fields": {"organizer": 1, "title": "test 4", "keyword": null, "descriptionaz": "Training Description in English:", "descriptionen": "Training Description in English:", "descriptionru": "Training Description in English:", "training_type": 1, "country": "Turkey", "city": "Ankara", "address": "28 May Street", "price": 22, "pricefor": 1, "currency": "AZN", "discount": null, "distance": null, "durationday": null, "durationnight": null, "datefrom": "2021-01-20", "dateto": "2021-01-29", "viewcount": 0, "avatar": "", "cover": "", "trainer": "Mirvari", "availabledays": null, "status": 2, "rating": null, "start_hour": "01:56:00", "finish_hour": "01:58:00", "map_link": "https://www.google.com/maps/d/u/0/embed?mid=1AO8_s0SB_PgUR4Tzh9e4CCwNqwx2zSoP", "activated": false}}, {"model": "training.training", "pk": 9, "fields": {"organizer": 1, "title": "test 5", "keyword": null, "descriptionaz": "Training Description in English:", "descriptionen": "Training Description in English:", "descriptionru": "Training Description in English:", "training_type": 1, "country": "Azerbaijan", "city": "Baku", "address": "28 May Street", "price": 22, "pricefor": 1, "currency": "AZN", "discount": null, "distance": null, "durationday": null, "durationnight": null, "datefrom": "2021-01-08", "dateto": "2021-01-15", "viewcount": 1, "avatar": "", "cover": "", "trainer": "Mirvari", "availabledays": null, "status": 3, "rating": null, "start_hour": "05:58:00", "finish_hour": "01:57:00", "map_link": "https://www.google.com/maps/d/u/0/embed?mid=1AO8_s0SB_PgUR4Tzh9e4CCwNqwx2zSoP", "activated": false}}, {"model": "training.training", "pk": 10, "fields": {"organizer": 1, "title": "test 6", "keyword": null, "descriptionaz": "Training Description in English:", "descriptionen": "Training Description in English:", "descriptionru": "Training Description in English:", "training_type": 1, "country": "Azerbaijan", "city": "Baku", "address": "28 May Street", "price": 22, "pricefor": 1, "currency": "AZN", "discount": null, "distance": null, "durationday": null, "durationnight": null, "datefrom": "2021-01-19", "dateto": "2021-01-29", "viewcount": 0, "avatar": "", "cover": "", "trainer": "Mirvari", "availabledays": null, "status": 2, "rating": null, "start_hour": "14:33:00", "finish_hour": "14:13:00", "map_link": "https://www.google.com/maps/d/u/0/embed?mid=1AO8_s0SB_PgUR4Tzh9e4CCwNqwx2zSoP", "activated": false}}, {"model": "training.training", "pk": 11, "fields": {"organizer": 1, "title": "test 7", "keyword": null, "descriptionaz": "Training Description in Azerbaijan:", "descriptionen": "Training Description in English:", "descriptionru": "Training Description in Azerbaijan:", "training_type": 1, "country": "Azerbaijan", "city": "Baku", "address": "28 May Street", "price": 22, "pricefor": 1, "currency": "AZN", "discount": null, "distance": null, "durationday": null, "durationnight": null, "datefrom": "2021-01-28", "dateto": "2021-01-26", "viewcount": 0, "avatar": "", "cover": "", "trainer": "Mirvari", "availabledays": null, "status": 2, "rating": null, "start_hour": "12:23:00", "finish_hour": "00:32:00", "map_link": "https://www.google.com/maps/d/u/0/embed?mid=1AO8_s0SB_PgUR4Tzh9e4CCwNqwx2zSoP", "activated": false}}, {"model": "training.training", "pk": 12, "fields": {"organizer": 1, "title": "test 7", "keyword": null, "descriptionaz": "Training Description in Azerbaijan:", "descriptionen": "Training Description in English:", "descriptionru": "Training Description in Azerbaijan:", "training_type": 1, "country": "Azerbaijan", "city": "Baku", "address": "28 May Street", "price": 22, "pricefor": 1, "currency": "AZN", "discount": null, "distance": null, "durationday": null, "durationnight": null, "datefrom": "2021-01-28", "dateto": "2021-01-26", "viewcount": 0, "avatar": "", "cover": "", "trainer": "Mirvari", "availabledays": null, "status": 2, "rating": null, "start_hour": "12:23:00", "finish_hour": "00:32:00", "map_link": "https://www.google.com/maps/d/u/0/embed?mid=1AO8_s0SB_PgUR4Tzh9e4CCwNqwx2zSoP", "activated": false}}, {"model": "training.training", "pk": 13, "fields": {"organizer": 1, "title": "test 8", "keyword": null, "descriptionaz": "Training Description in English:", "descriptionen": "Training Description in English:", "descriptionru": "Training Description in English:", "training_type": 1, "country": "Turkey", "city": "Ankara", "address": "28 May Street", "price": 22, "pricefor": 1, "currency": "AZN", "discount": null, "distance": null, "durationday": null, "durationnight": null, "datefrom": "2021-01-20", "dateto": "2021-01-30", "viewcount": 0, "avatar": "", "cover": "", "trainer": "Mirvari", "availabledays": null, "status": 2, "rating": null, "start_hour": "14:07:00", "finish_hour": "14:07:00", "map_link": "https://www.google.com/maps/d/u/0/embed?mid=1AO8_s0SB_PgUR4Tzh9e4CCwNqwx2zSoP", "activated": false}}, {"model": "training.training", "pk": 14, "fields": {"organizer": 1, "title": "task 1", "keyword": null, "descriptionaz": "Training Description in English:", "descriptionen": "Training Description in English:", "descriptionru": "Training Description in English:", "training_type": 1, "country": "Azerbaijan", "city": "Ankara", "address": "28 May Street", "price": 22, "pricefor": 1, "currency": "AZN", "discount": null, "distance": null, "durationday": null, "durationnight": null, "datefrom": "2021-02-04", "dateto": "2021-01-23", "viewcount": 0, "avatar": "", "cover": "", "trainer": "Mirvari", "availabledays": null, "status": 2, "rating": null, "start_hour": "12:21:00", "finish_hour": "00:24:00", "map_link": "https://www.google.com/maps/d/u/0/embed?mid=1AO8_s0SB_PgUR4Tzh9e4CCwNqwx2zSoP", "activated": false}}, {"model": "training.training", "pk": 15, "fields": {"organizer": 1, "title": "task 2", "keyword": null, "descriptionaz": "Training Description in English:", "descriptionen": "Training Description in English:", "descriptionru": "Training Description in English:", "training_type": 1, "country": "Azerbaijan", "city": "Baku", "address": "28 May Street", "price": 22, "pricefor": 1, "currency": "AZN", "discount": null, "distance": null, "durationday": null, "durationnight": null, "datefrom": "2021-01-28", "dateto": "2021-01-29", "viewcount": 0, "avatar": "", "cover": "", "trainer": "Mirvari", "availabledays": null, "status": 2, "rating": null, "start_hour": "12:12:00", "finish_hour": "12:12:00", "map_link": "https://www.google.com/maps/d/u/0/embed?mid=1AO8_s0SB_PgUR4Tzh9e4CCwNqwx2zSoP", "activated": false}}, {"model": "training.training", "pk": 16, "fields": {"organizer": 1, "title": "task 3", "keyword": null, "descriptionaz": "Training Description in English:", "descriptionen": "Training Description in English:", "descriptionru": "Training Description in English:", "training_type": 1, "country": "Azerbaijan", "city": "Baku", "address": "28 May Street", "price": 22, "pricefor": 1, "currency": "AZN", "discount": null, "distance": null, "durationday": null, "durationnight": null, "datefrom": "2021-01-27", "dateto": "2021-01-29", "viewcount": 0, "avatar": "", "cover": "", "trainer": "Mirvari", "availabledays": null, "status": 2, "rating": null, "start_hour": "12:21:00", "finish_hour": "15:44:00", "map_link": "https://www.google.com/maps/d/u/0/embed?mid=1AO8_s0SB_PgUR4Tzh9e4CCwNqwx2zSoP", "activated": false}}, {"model": "training.training", "pk": 17, "fields": {"organizer": 1, "title": "task 4", "keyword": null, "descriptionaz": "Training Description in English:", "descriptionen": "Training Description in English:", "descriptionru": "Training Description in English:", "training_type": 1, "country": "Azerbaijan", "city": "Baku", "address": "28 May Street", "price": 22, "pricefor": 1, "currency": "AZN", "discount": null, "distance": null, "durationday": null, "durationnight": null, "datefrom": "2021-01-28", "dateto": "2021-01-28", "viewcount": 0, "avatar": "", "cover": "", "trainer": "Mirvari", "availabledays": null, "status": 2, "rating": null, "start_hour": "02:01:00", "finish_hour": "12:12:00", "map_link": "https://www.google.com/maps/d/u/0/embed?mid=1AO8_s0SB_PgUR4Tzh9e4CCwNqwx2zSoP", "activated": false}}, {"model": "training.training", "pk": 18, "fields": {"organizer": 1, "title": "task 6", "keyword": null, "descriptionaz": "Training Description in English:", "descriptionen": "Training Description in English:", "descriptionru": "Training Description in English:", "training_type": 1, "country": "Azerbaijan", "city": "Baku", "address": "28 May Street", "price": 22, "pricefor": 1, "currency": "AZN", "discount": null, "distance": null, "durationday": null, "durationnight": null, "datefrom": "2021-01-05", "dateto": "2021-01-29", "viewcount": 0, "avatar": "", "cover": "", "trainer": "Mirvari", "availabledays": null, "status": 2, "rating": null, "start_hour": "12:33:00", "finish_hour": "12:33:00", "map_link": "https://www.google.com/maps/d/u/0/embed?mid=1AO8_s0SB_PgUR4Tzh9e4CCwNqwx2zSoP", "activated": false}}, {"model": "training.training", "pk": 19, "fields": {"organizer": 1, "title": "test", "keyword": null, "descriptionaz": "Training Description in Azerbaijan:", "descriptionen": "Training Description in English:", "descriptionru": "Training Description in Russia:", "training_type": 1, "country": "Azerbaijan", "city": "Baku", "address": "28 May Street", "price": 22, "pricefor": 1, "currency": "AZN", "discount": null, "distance": null, "durationday": null, "durationnight": null, "datefrom": "2001-12-12", "dateto": "2001-12-12", "viewcount": 0, "avatar": "", "cover": "", "trainer": "Mirvari", "availabledays": null, "status": 2, "rating": null, "start_hour": "12:12:00", "finish_hour": "12:12:00", "map_link": "https://www.google.com/maps/d/u/0/embed?mid=1AO8_s0SB_PgUR4Tzh9e4CCwNqwx2zSoP", "activated": false}}, {"model": "training.training", "pk": 20, "fields": {"organizer": 1, "title": "general test", "keyword": null, "descriptionaz": "Training Description in Azerbaijan:", "descriptionen": "Training Description in English:", "descriptionru": "Training Description in Russia:", "training_type": 1, "country": "Azerbaijan", "city": "Baku", "address": "28 May Street", "price": 22, "pricefor": 1, "currency": "EUR", "discount": null, "distance": null, "durationday": 2, "durationnight": 3, "datefrom": "2021-02-19", "dateto": "2021-02-26", "viewcount": 2, "avatar": "training/avatar/international-tour-packages_xsq203s.jpg", "cover": "training/cover/tour-operator-business-plan.jpg", "trainer": null, "availabledays": null, "status": 1, "rating": null, "start_hour": "12:12:00", "finish_hour": "12:12:00", "map_link": "https://www.google.com/maps/d/u/0/embed?mid=1AO8_s0SB_PgUR4Tzh9e4CCwNqwx2zSoP", "activated": true}}, {"model": "training.training", "pk": 21, "fields": {"organizer": 1, "title": "story 1", "keyword": null, "descriptionaz": "Training Description in English:", "descriptionen": "Training Description in English:", "descriptionru": "Training Description in English:", "training_type": 1, "country": "Azerbaijan", "city": "Baku", "address": "28 May Street", "price": 22, "pricefor": 1, "currency": "AZN", "discount": null, "distance": null, "durationday": 3, "durationnight": 5, "datefrom": "2001-12-12", "dateto": "2001-12-12", "viewcount": 0, "avatar": "", "cover": "", "trainer": "Mirvari", "availabledays": null, "status": 2, "rating": null, "start_hour": "12:12:00", "finish_hour": "12:12:00", "map_link": "https://www.google.com/maps/d/u/0/embed?mid=1AO8_s0SB_PgUR4Tzh9e4CCwNqwx2zSoP", "activated": false}}, {"model": "training.training", "pk": 23, "fields": {"organizer": 1, "title": "task 1", "keyword": null, "descriptionaz": "Training Description in English:", "descriptionen": "Training Description in English:", "descriptionru": "Training Description in English:", "training_type": 1, "country": "Azerbaijan", "city": "Baku", "address": "28 May Street", "price": 22, "pricefor": 1, "currency": "AZN", "discount": null, "distance": null, "durationday": null, "durationnight": null, "datefrom": "2001-12-12", "dateto": "2001-12-12", "viewcount": 0, "avatar": "", "cover": "", "trainer": "Mirvari", "availabledays": null, "status": 2, "rating": null, "start_hour": "12:12:00", "finish_hour": "12:12:00", "map_link": "https://www.google.com/maps/d/u/0/embed?mid=1AO8_s0SB_PgUR4Tzh9e4CCwNqwx2zSoP", "activated": false}}, {"model": "training.training", "pk": 24, "fields": {"organizer": 1, "title": "test 2", "keyword": null, "descriptionaz": "Training Description in English:Training Description in English:", "descriptionen": "Training Description in English:", "descriptionru": "Training Description in English:", "training_type": 1, "country": "Turkey", "city": "Baku", "address": "28 May Street", "price": 22, "pricefor": 1, "currency": "AZN", "discount": null, "distance": null, "durationday": null, "durationnight": null, "datefrom": "2001-12-12", "dateto": "2001-12-12", "viewcount": 0, "avatar": "", "cover": "", "trainer": "Mirvari", "availabledays": null, "status": 2, "rating": null, "start_hour": "12:12:00", "finish_hour": "12:12:00", "map_link": "https://www.google.com/maps/d/u/0/embed?mid=1AO8_s0SB_PgUR4Tzh9e4CCwNqwx2zSoP", "activated": false}}, {"model": "training.training", "pk": 25, "fields": {"organizer": 1, "title": "task 1", "keyword": null, "descriptionaz": "Training Description in English:", "descriptionen": "Training Description in English:", "descriptionru": "Training Description in English:", "training_type": 1, "country": "Turkey", "city": "Baku", "address": "28 May Street", "price": 22, "pricefor": 1, "currency": "AZN", "discount": null, "distance": null, "durationday": null, "durationnight": null, "datefrom": "2002-12-12", "dateto": "2001-12-12", "viewcount": 0, "avatar": "", "cover": "", "trainer": "Mirvari", "availabledays": null, "status": 2, "rating": null, "start_hour": "12:12:00", "finish_hour": "12:12:00", "map_link": "https://www.google.com/maps/d/u/0/embed?mid=1AO8_s0SB_PgUR4Tzh9e4CCwNqwx2zSoP", "activated": false}}, {"model": "training.trainingdetailaz", "pk": 1, "fields": {"training": 19, "title_az": "test 1", "text_az": "Training Description in Azerbaijan:"}}, {"model": "training.trainingdetailaz", "pk": 2, "fields": {"training": 20, "title_az": "test 1", "text_az": "Training Description in Azerbaijan:"}}, {"model": "training.trainingdetailaz", "pk": 3, "fields": {"training": 21, "title_az": "test 1", "text_az": "Training Description in English:"}}, {"model": "training.trainingdetailen", "pk": 10, "fields": {"training": 19, "title_en": "test 1", "text_en": "Training Description in English:"}}, {"model": "training.trainingdetailen", "pk": 11, "fields": {"training": 20, "title_en": "test 1", "text_en": "Training Description in English:"}}, {"model": "training.trainingdetailen", "pk": 12, "fields": {"training": 21, "title_en": "test 1", "text_en": "Training Description in English:"}}, {"model": "training.trainingdetailen", "pk": 13, "fields": {"training": 2, "title_en": "test 1", "text_en": "Text en:Text en:Text en:Text en:Text en:Text en:Text en:Text en:Text en:Text en:Text en:"}}, {"model": "training.trainingdetailru", "pk": 1, "fields": {"training": 19, "title_ru": "test 1", "text_ru": "Training Description in Russia:"}}, {"model": "training.trainingdetailru", "pk": 2, "fields": {"training": 20, "title_ru": "test 1", "text_ru": "Training Description in Russia:"}}, {"model": "training.trainingdetailru", "pk": 3, "fields": {"training": 21, "title_ru": "test 1", "text_ru": "Training Description in English:"}}, {"model": "training.trainingimage", "pk": 1, "fields": {"training": 1, "image": "training/image/family-tour-odisha.jpg"}}, {"model": "training.trainingimage", "pk": 2, "fields": {"training": 1, "image": "training/image/open_top_london_bus_tour_640x360.jpg"}}, {"model": "training.trainingimage", "pk": 3, "fields": {"training": 1, "image": "training/image/tour-operator-business-plan.jpg"}}, {"model": "training.trainingimage", "pk": 7, "fields": {"training": 2, "image": "training/image/big-cat_K1ymbZK.jpg"}}, {"model": "training.trainingimage", "pk": 8, "fields": {"training": 20, "image": "training/image/AdobeStock_66932447.jpeg"}}, {"model": "training.trainingimage", "pk": 9, "fields": {"training": 20, "image": "training/image/bmw_Od16YHD.jpg"}}, {"model": "training.trainingimage", "pk": 10, "fields": {"training": 20, "image": "training/image/dark-road_WpWN13j.jpg"}}, {"model": "training.trainingimage", "pk": 11, "fields": {"training": 1, "image": "training/image/bmw_zIVSGxM.jpg"}}, {"model": "training.trainingimage", "pk": 13, "fields": {"training": 5, "image": "training/image/big-cat_HyuzAfR.jpg"}}, {"model": "training.trainingimage", "pk": 14, "fields": {"training": 7, "image": "training/image/bmw_sQPVBkL.jpg"}}, {"model": "training.trainingschedule", "pk": 1, "fields": {"training": 1, "schedule_image": "training/schedule/bmw_1.jpg"}}, {"model": "training.trainingschedule", "pk": 2, "fields": {"training": 1, "schedule_image": "training/schedule/international-tour-packages.jpg"}}, {"model": "training.trainingschedule", "pk": 3, "fields": {"training": 2, "schedule_image": "training/schedule/big-cat_uUaaGcJ.jpg"}}, {"model": "training.trainingschedule", "pk": 4, "fields": {"training": 2, "schedule_image": "training/schedule/dark-road.jpg"}}, {"model": "training.trainingschedule", "pk": 5, "fields": {"training": 2, "schedule_image": "training/schedule/bmw.jpg"}}, {"model": "training.trainingschedule", "pk": 6, "fields": {"training": 20, "schedule_image": "training/schedule/big-cat_t7B1u1I.jpg"}}, {"model": "training.trainingschedule", "pk": 7, "fields": {"training": 20, "schedule_image": "training/schedule/international-tour-packages_2fUxDAM.jpg"}}, {"model": "training.trainingschedule", "pk": 8, "fields": {"training": 20, "schedule_image": "training/schedule/msid-67382051width-96height-65.cms"}}, {"model": "training.trainingschedule", "pk": 9, "fields": {"training": 1, "schedule_image": "training/schedule/bmw_EyhHZ56.jpg"}}, {"model": "training.trainingschedule", "pk": 10, "fields": {"training": 5, "schedule_image": "training/schedule/bmw_hUEFpjG.jpg"}}, {"model": "training.trainingschedule", "pk": 11, "fields": {"training": 7, "schedule_image": "training/schedule/big-cat_HZC9X9L.jpg"}}, {"model": "training.trainingurl", "pk": 1, "fields": {"training": 20, "url": "https://soundcloud.com/discover"}}, {"model": "training.trainingurl", "pk": 2, "fields": {"training": 20, "url": "https://soundcloud.com/discover"}}, {"model": "training.trainingurl", "pk": 3, "fields": {"training": 20, "url": "https://soundcloud.com/discover"}}, {"model": "training.comment", "pk": 29, "fields": {"message": "training 1", "commented_at": "2020-11-13", "rating": 3, "comment_reply": null, "training": 1, "user": ["muradmemmedli"]}}, {"model": "training.comment", "pk": 30, "fields": {"message": "training 2", "commented_at": "2020-11-13", "rating": 4, "comment_reply": null, "training": 1, "user": ["muradmemmedli"]}}, {"model": "training.comment", "pk": 31, "fields": {"message": "training 1 reply", "commented_at": "2020-11-13", "rating": null, "comment_reply": 29, "training": 1, "user": ["muradmemmedli"]}}, {"model": "training.comment", "pk": 32, "fields": {"message": "training 1 reply 2", "commented_at": "2020-11-13", "rating": null, "comment_reply": 29, "training": 1, "user": ["muradmemmedli"]}}, {"model": "training.comment", "pk": 33, "fields": {"message": "training 1 reply reply", "commented_at": "2020-11-13", "rating": null, "comment_reply": 31, "training": 1, "user": ["muradmemmedli"]}}, {"model": "training.comment", "pk": 34, "fields": {"message": "training 1 reply reply 2", "commented_at": "2020-11-13", "rating": null, "comment_reply": 31, "training": 1, "user": ["muradmemmedli"]}}, {"model": "training.comment", "pk": 35, "fields": {"message": "training 1 reply 2 reply", "commented_at": "2020-11-13", "rating": null, "comment_reply": 32, "training": 1, "user": ["muradmemmedli"]}}, {"model": "training.comment", "pk": 36, "fields": {"message": "training 3", "commented_at": "2020-11-19", "rating": 3, "comment_reply": null, "training": 1, "user": ["muradmemmedli"]}}, {"model": "training.comment", "pk": 37, "fields": {"message": "training 1", "commented_at": "2020-11-19", "rating": 5, "comment_reply": null, "training": 2, "user": ["muradmemmedli"]}}, {"model": "training.comment", "pk": 38, "fields": {"message": "training 2", "commented_at": "2020-11-19", "rating": 1, "comment_reply": null, "training": 2, "user": ["muradmemmedli"]}}, {"model": "training.comment", "pk": 39, "fields": {"message": "training  reply", "commented_at": "2020-11-19", "rating": null, "comment_reply": 37, "training": 2, "user": ["ruhinshukurlu"]}}, {"model": "training.comment", "pk": 40, "fields": {"message": "new test comment", "commented_at": "2021-02-16", "rating": null, "comment_reply": 29, "training": 1, "user": ["ruhinshukurlu"]}}, {"model": "notifications.notification", "pk": 1, "fields": {"level": "info", "recipient": ["ruhinshukurlu"], "unread": false, "actor_content_type": ["tour", "tour"], "actor_object_id": "<property object at 0x7f7d0c987530>", "verb": "Your <i>\"tour\"</i> Tour was activated by Admin <br> <a href=\"/tour/1\" class=\"full\">Go to tour Tour</a>", "description": null, "target_content_type": null, "target_object_id": null, "action_object_content_type": null, "action_object_object_id": null, "timestamp": "2020-12-29T18:02:18.208Z", "public": true, "deleted": false, "emailed": false, "data": null}}, {"model": "notifications.notification", "pk": 2, "fields": {"level": "info", "recipient": ["ruhinshukurlu"], "unread": false, "actor_content_type": ["tour", "tour"], "actor_object_id": "<property object at 0x7f7d0c987530>", "verb": "Your <i>\"tour\"</i> Tour was activated by Admin <br> <a href=\"/tour/1\" class=\"full\">Go to tour Tour</a>", "description": null, "target_content_type": null, "target_object_id": null, "action_object_content_type": null, "action_object_object_id": null, "timestamp": "2020-12-29T18:02:18.279Z", "public": true, "deleted": false, "emailed": false, "data": null}}, {"model": "notifications.notification", "pk": 3, "fields": {"level": "info", "recipient": ["ruhinshukurlu"], "unread": false, "actor_content_type": ["tour", "tour"], "actor_object_id": "<property object at 0x7fef7193b530>", "verb": "Your <i>\"tour\"</i> Tour was activated by Admin <br> <a href=\"/tour/1\" class=\"full\">Go to tour Tour</a>", "description": null, "target_content_type": null, "target_object_id": null, "action_object_content_type": null, "action_object_object_id": null, "timestamp": "2020-12-29T18:13:14.406Z", "public": true, "deleted": false, "emailed": false, "data": null}}, {"model": "notifications.notification", "pk": 4, "fields": {"level": "info", "recipient": ["ruhid.shukurlu"], "unread": true, "actor_content_type": ["tour", "tour"], "actor_object_id": "<property object at 0x7fef7193b530>", "verb": "Your <i>\"tour 6\"</i> Tour was activated by Admin <br> <a href=\"/tour/6\" class=\"full\">Go to tour 6 Tour</a>", "description": null, "target_content_type": null, "target_object_id": null, "action_object_content_type": null, "action_object_object_id": null, "timestamp": "2020-12-29T18:16:48.952Z", "public": true, "deleted": false, "emailed": false, "data": null}}, {"model": "notifications.notification", "pk": 5, "fields": {"level": "info", "recipient": ["ruhinshukurlu"], "unread": false, "actor_content_type": ["tour", "tour"], "actor_object_id": "<property object at 0x7f7f15444530>", "verb": "Your <i>\"tour\"</i> Tour was activated by Admin <br> <a href=\"/tour/1\" class=\"full\">Go to tour Tour</a>", "description": null, "target_content_type": null, "target_object_id": null, "action_object_content_type": null, "action_object_object_id": null, "timestamp": "2020-12-30T09:21:33.729Z", "public": true, "deleted": false, "emailed": false, "data": null}}, {"model": "notifications.notification", "pk": 6, "fields": {"level": "info", "recipient": ["ruhinshukurlu"], "unread": false, "actor_content_type": ["tour", "tour"], "actor_object_id": "<property object at 0x7f7f15444530>", "verb": "Your <i>\"tour\"</i> Tour was activated by Admin <br> <a href=\"/tour/1\" class=\"full\">Go to tour Tour</a>", "description": null, "target_content_type": null, "target_object_id": null, "action_object_content_type": null, "action_object_object_id": null, "timestamp": "2020-12-30T09:21:52.683Z", "public": true, "deleted": false, "emailed": false, "data": null}}, {"model": "notifications.notification", "pk": 7, "fields": {"level": "info", "recipient": ["ruhinshukurlu"], "unread": false, "actor_content_type": ["tour", "tour"], "actor_object_id": "<property object at 0x7fd09dbf1530>", "verb": "Your <i>\"tour 7\"</i> Tour was activated by Admin <br> <a href=\"/tour/7\" class=\"full\">Go to tour 7 Tour</a>", "description": null, "target_content_type": null, "target_object_id": null, "action_object_content_type": null, "action_object_object_id": null, "timestamp": "2020-12-30T17:43:50.206Z", "public": true, "deleted": false, "emailed": false, "data": null}}, {"model": "notifications.notification", "pk": 8, "fields": {"level": "info", "recipient": ["ruhinshukurlu"], "unread": false, "actor_content_type": ["tour", "tour"], "actor_object_id": "<property object at 0x7fd09dbf1530>", "verb": "Your <i>\"tour 7\"</i> Tour was activated by Admin <br> <a href=\"/tour/7\" class=\"full\">Go to tour 7 Tour</a>", "description": null, "target_content_type": null, "target_object_id": null, "action_object_content_type": null, "action_object_object_id": null, "timestamp": "2020-12-30T17:44:15.029Z", "public": true, "deleted": false, "emailed": false, "data": null}}, {"model": "notifications.notification", "pk": 9, "fields": {"level": "info", "recipient": ["ruhinshukurlu"], "unread": false, "actor_content_type": ["tour", "tour"], "actor_object_id": "<property object at 0x7fd8a5631530>", "verb": "Your <i>\"tour 7\"</i> Tour was activated by Admin <br> <a href=\"/tour/7\" class=\"full\">Go to tour 7 Tour</a>", "description": null, "target_content_type": null, "target_object_id": null, "action_object_content_type": null, "action_object_object_id": null, "timestamp": "2020-12-30T18:03:51.631Z", "public": true, "deleted": false, "emailed": false, "data": null}}, {"model": "notifications.notification", "pk": 10, "fields": {"level": "info", "recipient": ["ruhinshukurlu"], "unread": false, "actor_content_type": ["tour", "tour"], "actor_object_id": "<property object at 0x7fb7b1b55530>", "verb": "Your <i>\"task 8\"</i> Tour was activated by Admin <br> <a href=\"/tour/8\" class=\"full\">Go to task 8 Tour</a>", "description": null, "target_content_type": null, "target_object_id": null, "action_object_content_type": null, "action_object_object_id": null, "timestamp": "2020-12-30T18:19:39.467Z", "public": true, "deleted": false, "emailed": false, "data": null}}, {"model": "notifications.notification", "pk": 11, "fields": {"level": "info", "recipient": ["ruhinshukurlu054"], "unread": true, "actor_content_type": ["tour", "tour"], "actor_object_id": "<property object at 0x7fb7b1b55530>", "verb": "Your <i>\"tour 3\"</i> Tour was activated by Admin <br> <a href=\"/tour/3\" class=\"full\">Go to tour 3 Tour</a>", "description": null, "target_content_type": null, "target_object_id": null, "action_object_content_type": null, "action_object_object_id": null, "timestamp": "2020-12-30T18:20:53.145Z", "public": true, "deleted": false, "emailed": false, "data": null}}, {"model": "notifications.notification", "pk": 12, "fields": {"level": "info", "recipient": ["ruhinshukurlu"], "unread": false, "actor_content_type": ["tour", "tour"], "actor_object_id": "<property object at 0x7fb7b1b55530>", "verb": "Your <i>\"tour\"</i> Tour was activated by Admin <br> <a href=\"/tour/1\" class=\"full\">Go to tour Tour</a>", "description": null, "target_content_type": null, "target_object_id": null, "action_object_content_type": null, "action_object_object_id": null, "timestamp": "2020-12-30T18:21:35.538Z", "public": true, "deleted": false, "emailed": false, "data": null}}, {"model": "notifications.notification", "pk": 13, "fields": {"level": "info", "recipient": ["ruhid.shukurlu"], "unread": true, "actor_content_type": ["tour", "tour"], "actor_object_id": "<property object at 0x7f2b77748530>", "verb": "Your <i>\"tour 5\"</i> Tour was activated by Admin <br> <a href=\"/tour/5\" class=\"full\">Go to tour 5 Tour</a>", "description": null, "target_content_type": null, "target_object_id": null, "action_object_content_type": null, "action_object_object_id": null, "timestamp": "2021-01-01T11:54:09.530Z", "public": true, "deleted": false, "emailed": false, "data": null}}, {"model": "notifications.notification", "pk": 14, "fields": {"level": "info", "recipient": ["ruhinshukurlu"], "unread": false, "actor_content_type": ["activity", "activity"], "actor_object_id": "<property object at 0x7fbe801d4530>", "verb": "Your <i>\"activity 1\"</i> Activity was activated by Admin <br> <a href=\"/activity/1\" class=\"full\">Go to activity 1 Activity</a>", "description": null, "target_content_type": null, "target_object_id": null, "action_object_content_type": null, "action_object_object_id": null, "timestamp": "2021-01-01T16:49:06.303Z", "public": true, "deleted": false, "emailed": false, "data": null}}, {"model": "notifications.notification", "pk": 15, "fields": {"level": "info", "recipient": ["ruhinshukurlu"], "unread": false, "actor_content_type": ["activity", "activity"], "actor_object_id": "<property object at 0x7fbe801d4530>", "verb": "Your <i>\"activity 1\"</i> Activity was activated by Admin <br> <a href=\"/activity/1\" class=\"full\">Go to activity 1 Activity</a>", "description": null, "target_content_type": null, "target_object_id": null, "action_object_content_type": null, "action_object_object_id": null, "timestamp": "2021-01-01T17:29:28.092Z", "public": true, "deleted": false, "emailed": false, "data": null}}, {"model": "notifications.notification", "pk": 16, "fields": {"level": "info", "recipient": ["ruhinshukurlu"], "unread": false, "actor_content_type": ["tour", "tour"], "actor_object_id": "<property object at 0x7fe19ae35530>", "verb": "Your <i>\"tour 9\"</i> Tour was activated by Admin <br> <a href=\"/tour/9\" class=\"full\">Go to tour 9 Tour</a>", "description": null, "target_content_type": null, "target_object_id": null, "action_object_content_type": null, "action_object_object_id": null, "timestamp": "2021-01-02T12:11:15.907Z", "public": true, "deleted": false, "emailed": false, "data": null}}, {"model": "notifications.notification", "pk": 17, "fields": {"level": "info", "recipient": ["ruhinshukurlu"], "unread": false, "actor_content_type": ["tour", "tour"], "actor_object_id": "<property object at 0x7fe011e09530>", "verb": "Your <i>\"task 1\"</i> Tour was activated by Admin <br> <a href=\"/tour/10\" class=\"full\">Go to task 1 Tour</a>", "description": null, "target_content_type": null, "target_object_id": null, "action_object_content_type": null, "action_object_object_id": null, "timestamp": "2021-01-02T15:27:50.339Z", "public": true, "deleted": false, "emailed": false, "data": null}}, {"model": "notifications.notification", "pk": 18, "fields": {"level": "info", "recipient": ["ruhinshukurlu"], "unread": false, "actor_content_type": ["tour", "tour"], "actor_object_id": "<property object at 0x7ff91ebc8530>", "verb": "Your <i>\"test 3\"</i> Tour was activated by Admin <br> <a href=\"/tour/14\" class=\"full\">Go to test 3 Tour</a>", "description": null, "target_content_type": null, "target_object_id": null, "action_object_content_type": null, "action_object_object_id": null, "timestamp": "2021-01-02T17:34:54.443Z", "public": true, "deleted": false, "emailed": false, "data": null}}, {"model": "notifications.notification", "pk": 19, "fields": {"level": "info", "recipient": ["ruhinshukurlu"], "unread": false, "actor_content_type": ["tour", "tour"], "actor_object_id": "<property object at 0x7fe03d6a2530>", "verb": "Your <i>\"test 7\"</i> Tour was activated by Admin <br> <a href=\"/tour/18\" class=\"full\">Go to test 7 Tour</a>", "description": null, "target_content_type": null, "target_object_id": null, "action_object_content_type": null, "action_object_object_id": null, "timestamp": "2021-01-02T19:05:48.558Z", "public": true, "deleted": false, "emailed": false, "data": null}}, {"model": "notifications.notification", "pk": 20, "fields": {"level": "info", "recipient": ["ruhinshukurlu"], "unread": false, "actor_content_type": ["activity", "activity"], "actor_object_id": "<property object at 0x7f6466be4ef0>", "verb": "Your <i>\"activity 1\"</i> Activity was activated by Admin <br> <a href=\"/activity/1\" class=\"full\">Go to activity 1 Activity</a>", "description": null, "target_content_type": null, "target_object_id": null, "action_object_content_type": null, "action_object_object_id": null, "timestamp": "2021-01-03T08:58:54.937Z", "public": true, "deleted": false, "emailed": false, "data": null}}, {"model": "notifications.notification", "pk": 21, "fields": {"level": "info", "recipient": ["ruhinshukurlu"], "unread": false, "actor_content_type": ["activity", "activity"], "actor_object_id": "<property object at 0x7fb69fdb4ef0>", "verb": "Your <i>\"activity 1\"</i> Activity was activated by Admin <br> <a href=\"/activity/1\" class=\"full\">Go to activity 1 Activity</a>", "description": null, "target_content_type": null, "target_object_id": null, "action_object_content_type": null, "action_object_object_id": null, "timestamp": "2021-01-03T08:59:45.687Z", "public": true, "deleted": false, "emailed": false, "data": null}}, {"model": "notifications.notification", "pk": 22, "fields": {"level": "info", "recipient": ["ruhinshukurlu"], "unread": false, "actor_content_type": ["activity", "activity"], "actor_object_id": "<property object at 0x7fb69fdb4ef0>", "verb": "Your <i>\"activity 1\"</i> Activity was activated by Admin <br> <a href=\"/activity/1\" class=\"full\">Go to activity 1 Activity</a>", "description": null, "target_content_type": null, "target_object_id": null, "action_object_content_type": null, "action_object_object_id": null, "timestamp": "2021-01-03T09:00:03.668Z", "public": true, "deleted": false, "emailed": false, "data": null}}, {"model": "notifications.notification", "pk": 23, "fields": {"level": "info", "recipient": ["ruhinshukurlu"], "unread": false, "actor_content_type": ["activity", "activity"], "actor_object_id": "<property object at 0x7f0a08eb4ef0>", "verb": "Your <i>\"activity 1\"</i> Activity was activated by Admin <br> <a href=\"/activity/1\" class=\"full\">Go to activity 1 Activity</a>", "description": null, "target_content_type": null, "target_object_id": null, "action_object_content_type": null, "action_object_object_id": null, "timestamp": "2021-01-03T09:00:50.821Z", "public": true, "deleted": false, "emailed": false, "data": null}}, {"model": "notifications.notification", "pk": 24, "fields": {"level": "info", "recipient": ["ruhinshukurlu"], "unread": false, "actor_content_type": ["activity", "activity"], "actor_object_id": "<property object at 0x7fce52daaef0>", "verb": "Your <i>\"activity 1\"</i> Activity was activated by Admin <br> <a href=\"/activity/1\" class=\"full\">Go to activity 1 Activity</a>", "description": null, "target_content_type": null, "target_object_id": null, "action_object_content_type": null, "action_object_object_id": null, "timestamp": "2021-01-03T09:01:33.104Z", "public": true, "deleted": false, "emailed": false, "data": null}}, {"model": "notifications.notification", "pk": 25, "fields": {"level": "info", "recipient": ["ruhinshukurlu"], "unread": false, "actor_content_type": ["activity", "activity"], "actor_object_id": "<property object at 0x7fce52daaef0>", "verb": "Your <i>\"activity 1\"</i> Activity was activated by Admin <br> <a href=\"/activity/1\" class=\"full\">Go to activity 1 Activity</a>", "description": null, "target_content_type": null, "target_object_id": null, "action_object_content_type": null, "action_object_object_id": null, "timestamp": "2021-01-03T12:16:41.494Z", "public": true, "deleted": false, "emailed": false, "data": null}}, {"model": "notifications.notification", "pk": 26, "fields": {"level": "info", "recipient": ["ruhinshukurlu"], "unread": false, "actor_content_type": ["activity", "activity"], "actor_object_id": "<property object at 0x7fce52daaef0>", "verb": "Your <i>\"activity 1\"</i> Activity was activated by Admin <br> <a href=\"/activity/1\" class=\"full\">Go to activity 1 Activity</a>", "description": null, "target_content_type": null, "target_object_id": null, "action_object_content_type": null, "action_object_object_id": null, "timestamp": "2021-01-03T12:42:12.770Z", "public": true, "deleted": false, "emailed": false, "data": null}}, {"model": "notifications.notification", "pk": 27, "fields": {"level": "info", "recipient": ["ruhinshukurlu"], "unread": false, "actor_content_type": ["activity", "activity"], "actor_object_id": "<property object at 0x7fb87d801ef0>", "verb": "Your <i>\"activity 1\"</i> Activity was activated by Admin <br> <a href=\"/activity/1\" class=\"full\">Go to activity 1 Activity</a>", "description": null, "target_content_type": null, "target_object_id": null, "action_object_content_type": null, "action_object_object_id": null, "timestamp": "2021-01-03T12:50:54.955Z", "public": true, "deleted": false, "emailed": false, "data": null}}, {"model": "notifications.notification", "pk": 28, "fields": {"level": "info", "recipient": ["ruhinshukurlu"], "unread": false, "actor_content_type": ["training", "training"], "actor_object_id": "<property object at 0x7f0646b52ef0>", "verb": "Your <i>\"general test\"</i> Training was activated by Admin <br> <a href=\"/training/20\" class=\"full\">Go to general test Training</a>", "description": null, "target_content_type": null, "target_object_id": null, "action_object_content_type": null, "action_object_object_id": null, "timestamp": "2021-01-03T17:47:50.850Z", "public": true, "deleted": false, "emailed": false, "data": null}}, {"model": "notifications.notification", "pk": 29, "fields": {"level": "info", "recipient": ["ruhid.shukurlu"], "unread": true, "actor_content_type": ["tour", "tour"], "actor_object_id": "<property object at 0x7f0646b52ef0>", "verb": "Your <i>\"tour 6\"</i> Tour was activated by Admin <br> <a href=\"/tour/6\" class=\"full\">Go to tour 6 Tour</a>", "description": null, "target_content_type": null, "target_object_id": null, "action_object_content_type": null, "action_object_object_id": null, "timestamp": "2021-01-03T19:25:02.837Z", "public": true, "deleted": false, "emailed": false, "data": null}}, {"model": "notifications.notification", "pk": 30, "fields": {"level": "info", "recipient": ["ruhinshukurlu"], "unread": false, "actor_content_type": ["tour", "tour"], "actor_object_id": "<property object at 0x7f0646b52ef0>", "verb": "Your <i>\"tour 2\"</i> Tour was activated by Admin <br> <a href=\"/tour/2\" class=\"full\">Go to tour 2 Tour</a>", "description": null, "target_content_type": null, "target_object_id": null, "action_object_content_type": null, "action_object_object_id": null, "timestamp": "2021-01-03T19:25:20.142Z", "public": true, "deleted": false, "emailed": false, "data": null}}, {"model": "notifications.notification", "pk": 31, "fields": {"level": "info", "recipient": ["togrulmemmedli"], "unread": true, "actor_content_type": ["tour", "tour"], "actor_object_id": "<property object at 0x7fed5b9d5ef0>", "verb": "Your <i>\"test 18\"</i> Tour was activated by Admin <br> <a href=\"/tour/30\" class=\"full\">Go to test 18 Tour</a>", "description": null, "target_content_type": null, "target_object_id": null, "action_object_content_type": null, "action_object_object_id": null, "timestamp": "2021-01-03T20:50:25.805Z", "public": true, "deleted": false, "emailed": false, "data": null}}, {"model": "notifications.notification", "pk": 32, "fields": {"level": "info", "recipient": ["ruhinshukurlu"], "unread": false, "actor_content_type": ["tour", "tour"], "actor_object_id": "<property object at 0x7fbbebe24ef0>", "verb": "Your <i>\"tour 7 update\"</i> Tour was activated by Admin <br> <a href=\"/tour/7\" class=\"full\">Go to tour 7 update Tour</a>", "description": null, "target_content_type": null, "target_object_id": null, "action_object_content_type": null, "action_object_object_id": null, "timestamp": "2021-01-04T22:14:27.264Z", "public": true, "deleted": false, "emailed": false, "data": null}}, {"model": "notifications.notification", "pk": 33, "fields": {"level": "info", "recipient": ["ruhinshukurlu054"], "unread": true, "actor_content_type": ["tour", "tour"], "actor_object_id": "<property object at 0x7f4d9e51aef0>", "verb": "Your <i>\"tour 4\"</i> Tour was activated by Admin <br> <a href=\"/tour/4\" class=\"full\">Go to tour 4 Tour</a>", "description": null, "target_content_type": null, "target_object_id": null, "action_object_content_type": null, "action_object_object_id": null, "timestamp": "2021-01-06T09:28:48.185Z", "public": true, "deleted": false, "emailed": false, "data": null}}, {"model": "notifications.notification", "pk": 34, "fields": {"level": "info", "recipient": ["ruhinshukurlu"], "unread": false, "actor_content_type": ["training", "training"], "actor_object_id": "<property object at 0x7fd3b197def0>", "verb": "Your <i>\"training 2 update\"</i> Training was activated by Admin <br> <a href=\"/training/2\" class=\"full\">Go to training 2 update Training</a>", "description": null, "target_content_type": null, "target_object_id": null, "action_object_content_type": null, "action_object_object_id": null, "timestamp": "2021-01-06T21:33:29.066Z", "public": true, "deleted": false, "emailed": false, "data": null}}, {"model": "notifications.notification", "pk": 35, "fields": {"level": "info", "recipient": ["ruhinshukurlu"], "unread": false, "actor_content_type": ["training", "training"], "actor_object_id": "<property object at 0x7f1a004aaef0>", "verb": "Your <i>\"training 1\"</i> Training was activated by Admin <br> <a href=\"/training/1\" class=\"full\">Go to training 1 Training</a>", "description": null, "target_content_type": null, "target_object_id": null, "action_object_content_type": null, "action_object_object_id": null, "timestamp": "2021-01-11T14:33:26.427Z", "public": true, "deleted": false, "emailed": false, "data": null}}, {"model": "notifications.notification", "pk": 36, "fields": {"level": "info", "recipient": ["ruhinshukurlu"], "unread": false, "actor_content_type": ["activity", "activity"], "actor_object_id": "<property object at 0x7fc4c9fcbef0>", "verb": "Your <i>\"general test 2\"</i> Activity was activated by Admin <br> <a href=\"/activity/5\" class=\"full\">Go to general test 2 Activity</a>", "description": null, "target_content_type": null, "target_object_id": null, "action_object_content_type": null, "action_object_object_id": null, "timestamp": "2021-01-11T14:46:07.150Z", "public": true, "deleted": false, "emailed": false, "data": null}}, {"model": "notifications.notification", "pk": 37, "fields": {"level": "info", "recipient": ["ruhinshukurlu"], "unread": false, "actor_content_type": ["activity", "activity"], "actor_object_id": "<property object at 0x7fc4c9fcbef0>", "verb": "Your <i>\"general test update 4\"</i> Activity was activated by Admin <br> <a href=\"/activity/4\" class=\"full\">Go to general test update 4 Activity</a>", "description": null, "target_content_type": null, "target_object_id": null, "action_object_content_type": null, "action_object_object_id": null, "timestamp": "2021-01-11T14:46:25.783Z", "public": true, "deleted": false, "emailed": false, "data": null}}, {"model": "notifications.notification", "pk": 38, "fields": {"level": "info", "recipient": ["ruhinshukurlu"], "unread": false, "actor_content_type": ["tour", "tour"], "actor_object_id": "<property object at 0x7f8e585b8ef0>", "verb": "Your <i>\"task 1\"</i> Tour was activated by Admin <br> <a href=\"/tour/33\" class=\"full\">Go to task 1 Tour</a>", "description": null, "target_content_type": null, "target_object_id": null, "action_object_content_type": null, "action_object_object_id": null, "timestamp": "2021-01-15T20:16:16.933Z", "public": true, "deleted": false, "emailed": false, "data": null}}, {"model": "notifications.notification", "pk": 39, "fields": {"level": "info", "recipient": ["ruhinshukurlu"], "unread": false, "actor_content_type": ["tour", "tour"], "actor_object_id": "<property object at 0x7f162ad05ef0>", "verb": "Your <i>\"new test\"</i> Tour was activated by Admin <br> <a href=\"/tour/34\" class=\"full\">Go to new test Tour</a>", "description": null, "target_content_type": null, "target_object_id": null, "action_object_content_type": null, "action_object_object_id": null, "timestamp": "2021-02-10T20:12:52.955Z", "public": true, "deleted": false, "emailed": false, "data": null}}, {"model": "notifications.notification", "pk": 40, "fields": {"level": "info", "recipient": ["ruhinshukurlu"], "unread": false, "actor_content_type": ["tour", "tour"], "actor_object_id": "<property object at 0x7f3d96e10ef0>", "verb": "Your <i>\"task 1\"</i> Tour was activated by Admin <br> <a href=\"/tour/41\" class=\"full\">Go to task 1 Tour</a>", "description": null, "target_content_type": null, "target_object_id": null, "action_object_content_type": null, "action_object_object_id": null, "timestamp": "2021-02-17T16:35:05.046Z", "public": true, "deleted": false, "emailed": false, "data": null}}, {"model": "notifications.notification", "pk": 41, "fields": {"level": "info", "recipient": ["ruhinshukurlu"], "unread": false, "actor_content_type": ["tour", "tour"], "actor_object_id": "<property object at 0x7f00f9ee5ef0>", "verb": "Your <i>\"general test\"</i> Tour was activated by Admin <br> <a href=\"/tour/52\" class=\"full\">Go to general test Tour</a>", "description": null, "target_content_type": null, "target_object_id": null, "action_object_content_type": null, "action_object_object_id": null, "timestamp": "2021-02-18T21:57:35.604Z", "public": true, "deleted": false, "emailed": false, "data": null}}, {"model": "social_django.usersocialauth", "pk": 1, "fields": {"user": ["ruhid.sukurlu2001"], "provider": "google-oauth2", "uid": "ruhid.sukurlu2001@gmail.com", "extra_data": "{\"auth_time\": 1613813819, \"expires\": 3599, \"token_type\": \"Bearer\", \"access_token\": \"ya29.A0AfH6SMCR6oEBzPZjqdtqkTgKpfEPKlYGdCxlt2iOVzCoLABCjBqL8sUrpB6ISg27JZRiahzWIGs5Wii2PLpF-LvnAnMR26G0pb-y0tnO9bch4o8keeuY4NP3XL1vwKKAsVvuVziMyTDMxUpxN6gsu9YCrYel\"}", "created": "2021-02-20T09:36:59.585Z", "modified": "2021-02-20T09:36:59.592Z"}}]