[{"model": "sessions.session", "pk": "fprrtilghm0h100pitchn0cu7gwewxo3", "fields": {"session_data": "ZDgwOTlkZGY3ODYxM2MzMGZjNjZiNGVlMmRiMzA0ZjZjZDUxM2Y3NTp7Il9hdXRoX3VzZXJfaWQiOiIzIiwiX2F1dGhfdXNlcl9iYWNrZW5kIjoiZGphbmdvLmNvbnRyaWIuYXV0aC5iYWNrZW5kcy5Nb2RlbEJhY2tlbmQiLCJfYXV0aF91c2VyX2hhc2giOiI1NzQyNTQ2NzdhMTQ2NDMyZDM4MmM2MTVlOTQ4ZmY2MWNlZDkxODg4In0=", "expire_date": "2020-12-03T04:55:15.613Z"}}, {"model": "sessions.session", "pk": "go40p0nyskrnqe33iiskmcahr6cv8mzb", "fields": {"session_data": "NzZmOTFlYzZlNjEzMTA1ZmY2MDM5ZGViN2JiZTFmMmNlZmNjZDIzNjp7Il9hdXRoX3VzZXJfaWQiOiIxIiwiX2F1dGhfdXNlcl9iYWNrZW5kIjoiZGphbmdvLmNvbnRyaWIuYXV0aC5iYWNrZW5kcy5Nb2RlbEJhY2tlbmQiLCJfYXV0aF91c2VyX2hhc2giOiI0MTUyNzJlZmU0NWU2MjgxNDNlYmYxMGRjNWYxZjJhY2NiYWQzYmQ5In0=", "expire_date": "2020-11-24T20:18:26.396Z"}}, {"model": "sessions.session", "pk": "oddma2x6bfy22gj6k0ascnvm5jg0rlr1", "fields": {"session_data": "NzZmOTFlYzZlNjEzMTA1ZmY2MDM5ZGViN2JiZTFmMmNlZmNjZDIzNjp7Il9hdXRoX3VzZXJfaWQiOiIxIiwiX2F1dGhfdXNlcl9iYWNrZW5kIjoiZGphbmdvLmNvbnRyaWIuYXV0aC5iYWNrZW5kcy5Nb2RlbEJhY2tlbmQiLCJfYXV0aF91c2VyX2hhc2giOiI0MTUyNzJlZmU0NWU2MjgxNDNlYmYxMGRjNWYxZjJhY2NiYWQzYmQ5In0=", "expire_date": "2020-11-29T14:57:09.816Z"}}, {"model": "sessions.session", "pk": "seub5qaua4sswmy7pwy48dm38b7ccxwl", "fields": {"session_data": "YmFhZmFiMDhiNTE1OTY2NjhhNmY5ZWI2ZTBjNWIyODk1NjRhMWRmNjp7Il9hdXRoX3VzZXJfaWQiOiIyIiwiX2F1dGhfdXNlcl9iYWNrZW5kIjoiZGphbmdvLmNvbnRyaWIuYXV0aC5iYWNrZW5kcy5Nb2RlbEJhY2tlbmQiLCJfYXV0aF91c2VyX2hhc2giOiI2ZThhMTQ1MDA5ZjllY2ViODZiMTQ2YzIwMjk1NmE5OWNmODk3ZTVlIn0=", "expire_date": "2020-12-03T05:22:37.565Z"}}, {"model": "account.user", "pk": 1, "fields": {"password": "pbkdf2_sha256$180000$bv1Wc1HiPsB2$2GJUdnK+rKxlad4kIF/HJFRgVy6HNdqKgW4HxYPabJc=", "last_login": "2020-11-15T14:57:09.815Z", "is_superuser": true, "first_name": "", "last_name": "", "is_user": false, "is_organizer": false, "email": "", "username": "admin", "profile_img": "", "date_joined": "2020-11-10T20:16:26.636Z", "is_staff": true, "is_active": true, "groups": [], "user_permissions": []}}, {"model": "account.user", "pk": 2, "fields": {"password": "pbkdf2_sha256$180000$KjxrmOHzmmQH$Mbb0hThW0vwUMbBoDvqIHTJdIAcqrCV2NY3TeMU4IHY=", "last_login": "2020-11-19T05:22:27.857Z", "is_superuser": false, "first_name": "", "last_name": "", "is_user": false, "is_organizer": true, "email": "ruhinshukurlu@gmail.com", "username": "ruhinshukurlu", "profile_img": "", "date_joined": "2020-11-10T20:19:09.805Z", "is_staff": false, "is_active": true, "groups": [], "user_permissions": []}}, {"model": "account.user", "pk": 3, "fields": {"password": "pbkdf2_sha256$180000$ok9wFq4quauW$19iy9uf84QibTqALRL9PT3VYgA14ofWPDRWzz8OnaTw=", "last_login": "2020-11-19T05:02:30.325Z", "is_superuser": false, "first_name": "", "last_name": "", "is_user": true, "is_organizer": false, "email": "murad@gmail.com", "username": "muradmemmedli", "profile_img": "profile-pictures/bmw_EAH4X4p.jpg", "date_joined": "2020-11-10T20:27:22.492Z", "is_staff": false, "is_active": true, "groups": [], "user_permissions": []}}, {"model": "account.user", "pk": 4, "fields": {"password": "pbkdf2_sha256$180000$fMlrupp91HEc$JLdcct78VnhfqgvGZUSxGVTzK42/cT/VykLz9z5IrKo=", "last_login": "2020-11-14T16:12:33.762Z", "is_superuser": false, "first_name": "", "last_name": "", "is_user": false, "is_organizer": true, "email": "ruhin@gmail.com", "username": "ruhinshukurlu054", "profile_img": "profile-pictures/open_top_london_bus_tour_640x360.jpg", "date_joined": "2020-11-14T16:11:21.896Z", "is_staff": false, "is_active": true, "groups": [], "user_permissions": []}}, {"model": "account.user", "pk": 5, "fields": {"password": "pbkdf2_sha256$180000$drjGUtkSqPDX$nxvw2af5hjfrbmj4nYaDlxdGbd0KGJ9ikvN59xvn3OU=", "last_login": "2020-11-15T15:03:17.642Z", "is_superuser": false, "first_name": "", "last_name": "", "is_user": false, "is_organizer": true, "email": "togrul@gmail.com", "username": "togrulmemmedli", "profile_img": "", "date_joined": "2020-11-15T15:03:17.634Z", "is_staff": false, "is_active": true, "groups": [], "user_permissions": []}}, {"model": "account.user", "pk": 6, "fields": {"password": "pbkdf2_sha256$180000$kilIUn81E9MW$qOaAhnM1Sv1ncAJcy78lhSeKDPi7q9Q8htaaH2PscLs=", "last_login": "2020-11-19T04:55:54.604Z", "is_superuser": false, "first_name": "", "last_name": "", "is_user": false, "is_organizer": true, "email": "ruhidshukurlu@gmail.com", "username": "ruhid.shukurlu", "profile_img": "", "date_joined": "2020-11-17T20:19:08.232Z", "is_staff": false, "is_active": true, "groups": [], "user_permissions": []}}, {"model": "account.customer", "pk": 3, "fields": {}}, {"model": "main.partner", "pk": 1, "fields": {"partner_url": null, "partner_logo": "partner-images/bmw_1.jpg"}}, {"model": "main.partner", "pk": 2, "fields": {"partner_url": null, "partner_logo": "partner-images/big-cat.jpg"}}, {"model": "organizer.organizer", "pk": 1, "fields": {"user": ["ruhinshukurlu"], "email": "wetravel@gmail.com", "organizer_name": "We Travel", "descriptionaz": "Lorem Ipsum is simply dummy text of the printing and typesetting industry. Lorem Ipsum has been the industry's standard dummy text ever since the 1500s, when an unknown printer took a galley of type and scrambled it to make a type specimen book. It h", "descriptionen": "", "descriptionru": "", "website": "http://www.thestarongrand.com/", "facebook": "https://lipsum.com/", "instagram": "https://lipsum.com/", "keyword": null, "organizer_type": null, "about": "Lorem Ipsum is simply dummy text of the printing and typesetting industry. Lorem Ipsum has been the industry's standard dummy text ever since the 1500s, when an unknown printer took a galley of type and scrambled it to make a type specimen book. It h", "address": null, "contact_number_1": null, "contact_number_2": null, "profile_photo": "None/tour-operator-business-plan.jpg", "cover": "organizer/cover/big-cat_nVPYaAW.jpg", "viewcount": 0}}, {"model": "organizer.organizer", "pk": 2, "fields": {"user": ["ruhinshukurlu054"], "email": "", "organizer_name": "Ovcular", "descriptionaz": "Lorem Ipsum is simply dummy text of the printing and typesetting industry. Lorem Ipsum has been the industry's standard dummy text ever since the 1500s, when an unknown printer took a galley of type and scrambled it to make a type specimen book. It h", "descriptionen": null, "descriptionru": null, "website": "http://www.watergrill.com/", "facebook": "https://lipsum.com/", "instagram": "https://lipsum.com/", "keyword": null, "organizer_type": null, "about": "Lorem Ipsum is simply dummy text of the printing and typesetting industry. Lorem Ipsum has been the industry's standard dummy text ever since the 1500s, when an unknown printer took a galley of type and scrambled it to make a type specimen book. It h", "address": null, "contact_number_1": null, "contact_number_2": null, "profile_photo": "", "cover": "organizer/cover/bmw_H3oTWNH.jpg", "viewcount": 0}}, {"model": "organizer.organizer", "pk": 3, "fields": {"user": ["togrulmemmedli"], "email": null, "organizer_name": "Wactop", "descriptionaz": "Lorem Ipsum is simply dummy text of the printing and typesetting industry. Lorem Ipsum has been the industry's standard dummy text ever since the 1500s, when an unknown printer took a galley of type and scrambled it to make a type specimen book. It h", "descriptionen": null, "descriptionru": null, "website": "http://www.empiresteakhousenyc.com/", "facebook": "https://lipsum.com/", "instagram": "https://lipsum.com/", "keyword": null, "organizer_type": null, "about": "Lorem Ipsum is simply dummy text of the printing and typesetting industry. Lorem Ipsum has been the industry's standard dummy text ever since the 1500s, when an unknown printer took a galley of type and scrambled it to make a type specimen book. It h", "address": "28 May Street", "contact_number_1": "8743948394", "contact_number_2": "87439483", "profile_photo": "organizer/cover/bmw_dI05FuI.jpg", "cover": "organizer/cover/big-cat_y4XJGmM.jpg", "viewcount": 0}}, {"model": "organizer.organizer", "pk": 4, "fields": {"user": ["ruhid.shukurlu"], "email": null, "organizer_name": "New organizer", "descriptionaz": "Lorem Ipsum is simply dummy text of the printing and typesetting industry. Lorem Ipsum has been the industry's standard dummy text ever since the 1500s, when an unknown printer took a galley of type and scrambled it to make a type specimen book. It h", "descriptionen": null, "descriptionru": null, "website": "http://www.thestarongrand.com/", "facebook": "https://lipsum.com/", "instagram": "https://lipsum.com/", "keyword": null, "organizer_type": null, "about": "Lorem Ipsum is simply dummy text of the printing and typesetting industry. Lorem Ipsum has been the industry's standard dummy text ever since the 1500s, when an unknown printer took a galley of type and scrambled it to make a type specimen book. It h", "address": "28 May Street", "contact_number_1": "8743948394", "contact_number_2": "87439483", "profile_photo": "organizer/cover/bmw_ZsifXb3.jpg", "cover": "organizer/cover/dark-road.jpg", "viewcount": 0}}, {"model": "organizer.organizerimage", "pk": 1, "fields": {"organizer": 1, "image": "organizer/image/family-tour-odisha_3hM9X8x.jpg"}}, {"model": "organizer.organizerimage", "pk": 2, "fields": {"organizer": 1, "image": "organizer/image/international-tour-packages_4fcVBgH.jpg"}}, {"model": "organizer.organizerimage", "pk": 3, "fields": {"organizer": 1, "image": "organizer/image/open_top_london_bus_tour_640x360_u8dAZL5.jpg"}}, {"model": "organizer.organizerimage", "pk": 4, "fields": {"organizer": 1, "image": "organizer/image/swiezmifobyjibudd4cc.webp"}}, {"model": "organizer.organizerimage", "pk": 5, "fields": {"organizer": 1, "image": "organizer/image/tour-operator-business-plan_RbpOiKr.jpg"}}, {"model": "organizer.contact", "pk": 1, "fields": {"first_name": "Ruhin", "last_name": "Shukurlu", "email": "ruhinshukurlu@gmail.com", "phone_number": "0519031166", "message": "Lorem Ipsum is simply dummy text of the printing and typesetting industry. Lorem Ipsum has been the industry's standard dummy text ever since the 1500s, when an unknown printer took a galley of type and scrambled it to make a type specimen book. It has survived not only five centuries,"}}, {"model": "tour.tourtype", "pk": 1, "fields": {"title": "Hiking"}}, {"model": "tour.type", "pk": 1, "fields": {"type": "Hiking"}}, {"model": "tour.tour", "pk": 1, "fields": {"organizer": 1, "title": "tour", "keyword": null, "descriptionaz": "Lorem Ipsum is simply dummy text of the printing and typesetting industry. Lorem Ipsum has been the industry's standard dummy text ever since the 1500s, when an unknown printer took a galley of type and scrambled it to make a type specimen book. It has survived not only five centuries, but", "descriptionen": "Lorem Ipsum is simply dummy text of the printing and typesetting industry. Lorem Ipsum has been the industry's standard dummy text ever since the 1500s, when an unknown printer took a galley of type and scrambled it to make a type specimen book. It has survived not only five centuries, but", "descriptionru": "Lorem Ipsum is simply dummy text of the printing and typesetting industry. Lorem Ipsum has been the industry's standard dummy text ever since the 1500s, when an unknown printer took a galley of type and scrambled it to make a type specimen book. It has survived not only five centuries, but", "tour_type": 1, "country": "Azerbaijan", "city": "Baku", "address": "28 may", "price": 34, "pricefor": 1, "currency": "AZN", "discount": null, "distance": null, "durationday": 4, "durationnight": 3, "datefrom": "2020-11-17", "dateto": "2020-11-27", "viewcount": 2, "avatar": "tour/avatar/family-tour-odisha.jpg", "cover": "tour/cover/open_top_london_bus_tour_640x360.jpg", "guide": "ruhin", "status": 1, "rating": 3, "map_link": null}}, {"model": "tour.tour", "pk": 2, "fields": {"organizer": 1, "title": "tour 2", "keyword": null, "descriptionaz": "Lorem Ipsum is simply dummy text of the printing and typesetting industry. Lorem Ipsum has been the industry's standard dummy text ever since the 1500s, when an unknown printer took a galley of type and scrambled it to make a type specimen book. It has survived not only five centuries,", "descriptionen": "Lorem Ipsum is simply dummy text of the printing and typesetting industry. Lorem Ipsum has been the industry's standard dummy text ever since the 1500s, when an unknown printer took a galley of type and scrambled it to make a type specimen book. It has survived not only five centuries,", "descriptionru": "Lorem Ipsum is simply dummy text of the printing and typesetting industry. Lorem Ipsum has been the industry's standard dummy text ever since the 1500s, when an unknown printer took a galley of type and scrambled it to make a type specimen book. It has survived not only five centuries,", "tour_type": 1, "country": "Turkey", "city": "Baku", "address": null, "price": 344, "pricefor": 1, "currency": "AZN", "discount": null, "distance": null, "durationday": 3, "durationnight": 4, "datefrom": "2020-11-17", "dateto": "2020-11-27", "viewcount": 1, "avatar": "tour/avatar/international-tour-packages.jpg", "cover": "tour/cover/bmw_yplGgE7.jpg", "guide": "Mirvari", "status": 1, "rating": 3, "map_link": null}}, {"model": "tour.tour", "pk": 3, "fields": {"organizer": 2, "title": "tour 3", "keyword": null, "descriptionaz": "Lorem Ipsum is simply dummy text of the printing and typesetting industry. Lorem Ipsum has been the industry's standard dummy text ever since the 1500s, when an unknown printer took a galley of type and scrambled it to make a type specimen book. It has survived not only five centuries,", "descriptionen": "Lorem Ipsum is simply dummy text of the printing and typesetting industry. Lorem Ipsum has been the industry's standard dummy text ever since the 1500s, when an unknown printer took a galley of type and scrambled it to make a type specimen book. It has survived not only five centuries,", "descriptionru": "Lorem Ipsum is simply dummy text of the printing and typesetting industry. Lorem Ipsum has been the industry's standard dummy text ever since the 1500s, when an unknown printer took a galley of type and scrambled it to make a type specimen book. It has survived not only five centuries,", "tour_type": 1, "country": "Pakistan", "city": "islamabad", "address": "Garabagh", "price": 323, "pricefor": 1, "currency": "AZN", "discount": null, "distance": null, "durationday": 3, "durationnight": 4, "datefrom": "2020-11-16", "dateto": "2020-11-26", "viewcount": 1, "avatar": "tour/avatar/swiezmifobyjibudd4cc.webp", "cover": "tour/cover/tour-operator-business-plan.jpg", "guide": "Mirvari", "status": 1, "rating": null, "map_link": null}}, {"model": "tour.tour", "pk": 4, "fields": {"organizer": 2, "title": "tour 4", "keyword": null, "descriptionaz": "Lorem Ipsum is simply dummy text of the printing and typesetting industry. Lorem Ipsum has been the industry's standard dummy text ever since the 1500s, when an unknown printer took a galley of type and scrambled it to make a type specimen book. It has survived not only five centuries,", "descriptionen": "Lorem Ipsum is simply dummy text of the printing and typesetting industry. Lorem Ipsum has been the industry's standard dummy text ever since the 1500s, when an unknown printer took a galley of type and scrambled it to make a type specimen book. It has survived not only five centuries,", "descriptionru": "Lorem Ipsum is simply dummy text of the printing and typesetting industry. Lorem Ipsum has been the industry's standard dummy text ever since the 1500s, when an unknown printer took a galley of type and scrambled it to make a type specimen book. It has survived not only five centuries,", "tour_type": 1, "country": "Turkey", "city": "Ankara", "address": "28 May Street", "price": 23, "pricefor": 1, "currency": "AZN", "discount": null, "distance": null, "durationday": 2, "durationnight": 3, "datefrom": "2020-11-24", "dateto": "2020-11-27", "viewcount": 1, "avatar": "tour/avatar/open_top_london_bus_tour_640x360.jpg", "cover": "tour/cover/bmw_1_QO50MI0.jpg", "guide": "Mirvari", "status": 1, "rating": null, "map_link": null}}, {"model": "tour.tour", "pk": 5, "fields": {"organizer": 4, "title": "tour 5", "keyword": null, "descriptionaz": "Lorem Ipsum is simply dummy text of the printing and typesetting industry. Lorem Ipsum has been the industry's standard dummy text ever since the 1500s, when an unknown printer took a galley of type and scrambled it to make a type specimen book. It has survived not only five centuries,", "descriptionen": "Lorem Ipsum is simply dummy text of the printing and typesetting industry. Lorem Ipsum has been the industry's standard dummy text ever since the 1500s, when an unknown printer took a galley of type and scrambled it to make a type specimen book. It has survived not only five centuries,", "descriptionru": "Lorem Ipsum is simply dummy text of the printing and typesetting industry. Lorem Ipsum has been the industry's standard dummy text ever since the 1500s, when an unknown printer took a galley of type and scrambled it to make a type specimen book. It has survived not only five centuries,", "tour_type": 1, "country": "Turkey", "city": "Ankara", "address": "28 May Street", "price": 324, "pricefor": 1, "currency": "AZN", "discount": null, "distance": null, "durationday": 3, "durationnight": 4, "datefrom": "2020-11-16", "dateto": "2020-11-26", "viewcount": 1, "avatar": "tour/avatar/bmw_8SMqoBW.jpg", "cover": "tour/cover/big-cat_2zR20yC.jpg", "guide": "ruhin", "status": 1, "rating": null, "map_link": null}}, {"model": "tour.tour", "pk": 6, "fields": {"organizer": 4, "title": "tour 6", "keyword": null, "descriptionaz": "Lorem Ipsum is simply dummy text of the printing and typesetting industry. Lorem Ipsum has been the industry's standard dummy text ever since the 1500s, when an unknown printer took a galley of type and scrambled it to make a type specimen book. It has survived not only five centuries,", "descriptionen": "Lorem Ipsum is simply dummy text of the printing and typesetting industry. Lorem Ipsum has been the industry's standard dummy text ever since the 1500s, when an unknown printer took a galley of type and scrambled it to make a type specimen book. It has survived not only five centuries,", "descriptionru": "Lorem Ipsum is simply dummy text of the printing and typesetting industry. Lorem Ipsum has been the industry's standard dummy text ever since the 1500s, when an unknown printer took a galley of type and scrambled it to make a type specimen book. It has survived not only five centuries,", "tour_type": 1, "country": "Azerbaijan", "city": "Baku", "address": "Garabagh", "price": 23, "pricefor": 1, "currency": "AZN", "discount": null, "distance": null, "durationday": 3, "durationnight": 4, "datefrom": "2020-11-16", "dateto": "2020-11-27", "viewcount": 1, "avatar": "tour/avatar/bmw_1.jpg", "cover": "tour/cover/big-cat_Xzrjdn8.jpg", "guide": "Mirvari", "status": 1, "rating": null, "map_link": "https://www.google.com/maps/d/u/0/embed?mid=1AO8_s0SB_PgUR4Tzh9e4CCwNqwx2zSoP"}}, {"model": "tour.tourdetailaz", "pk": 1, "fields": {"tour": 2, "title": "test 1", "text": "Lorem Ipsum is simply dummy text of the printing and typesetting industry. Lorem Ipsum has been the industry's standard dummy text ever since the 1500s, when an unknown printer took a galley of type and scrambled it to make a type specimen book. It has survived not only five centuries,"}}, {"model": "tour.tourdetailaz", "pk": 2, "fields": {"tour": 3, "title": "test 1", "text": "Lorem Ipsum is simply dummy text of the printing and typesetting industry. Lorem Ipsum has been the industry's standard dummy text ever since the 1500s, when an unknown printer took a galley of type and scrambled it to make a type specimen book. It has survived not only five centuries,"}}, {"model": "tour.tourdetailen", "pk": 1, "fields": {"tour": 2, "title": "test 1", "text": "Lorem Ipsum is simply dummy text of the printing and typesetting industry. Lorem Ipsum has been the industry's standard dummy text ever since the 1500s, when an unknown printer took a galley of type and scrambled it to make a type specimen book. It has survived not only five centuries,"}}, {"model": "tour.tourdetailen", "pk": 2, "fields": {"tour": 3, "title": "test 1", "text": "Lorem Ipsum is simply dummy text of the printing and typesetting industry. Lorem Ipsum has been the industry's standard dummy text ever since the 1500s, when an unknown printer took a galley of type and scrambled it to make a type specimen book. It has survived not only five centuries,"}}, {"model": "tour.tourdetailru", "pk": 1, "fields": {"tour": 2, "title": "test 1", "text": "Lorem Ipsum is simply dummy text of the printing and typesetting industry. Lorem Ipsum has been the industry's standard dummy text ever since the 1500s, when an unknown printer took a galley of type and scrambled it to make a type specimen book. It has survived not only five centuries,"}}, {"model": "tour.tourdetailru", "pk": 2, "fields": {"tour": 3, "title": "test 1", "text": "Lorem Ipsum is simply dummy text of the printing and typesetting industry. Lorem Ipsum has been the industry's standard dummy text ever since the 1500s, when an unknown printer took a galley of type and scrambled it to make a type specimen book. It has survived not only five centuries,"}}, {"model": "tour.tourimage", "pk": 1, "fields": {"tour": 1, "image": "tour/image/bmw_iBCWQiU.jpg"}}, {"model": "tour.tourimage", "pk": 2, "fields": {"tour": 1, "image": "tour/image/international-tour-packages.jpg"}}, {"model": "tour.tourimage", "pk": 3, "fields": {"tour": 1, "image": "tour/image/family-tour-odisha.jpg"}}, {"model": "tour.tourimage", "pk": 4, "fields": {"tour": 2, "image": "tour/image/bmw_1_ECG7Gvx.jpg"}}, {"model": "tour.tourimage", "pk": 5, "fields": {"tour": 5, "image": "tour/image/open_top_london_bus_tour_640x360.jpg"}}, {"model": "tour.tourschedule", "pk": 1, "fields": {"tour": 1, "image": "tour/schedule/bmw_sT9RkJl.jpg"}}, {"model": "tour.tourschedule", "pk": 2, "fields": {"tour": 1, "image": "tour/schedule/dark-road_6RzjHTa.jpg"}}, {"model": "tour.tourschedule", "pk": 3, "fields": {"tour": 1, "image": "tour/schedule/open_top_london_bus_tour_640x360.jpg"}}, {"model": "tour.tourschedule", "pk": 4, "fields": {"tour": 2, "image": "tour/schedule/bmw_1_uZ5KKGH.jpg"}}, {"model": "tour.tourschedule", "pk": 5, "fields": {"tour": 5, "image": "tour/schedule/open_top_london_bus_tour_640x360_b9tQTBG.jpg"}}, {"model": "tour.toururl", "pk": 1, "fields": {"tour": 2, "url": "https://soundcloud.com/discover"}}, {"model": "tour.toururl", "pk": 2, "fields": {"tour": 2, "url": "https://soundcloud.com/discover"}}, {"model": "tour.toururl", "pk": 3, "fields": {"tour": 2, "url": "https://soundcloud.com/discover"}}, {"model": "tour.toururl", "pk": 4, "fields": {"tour": 4, "url": "https://soundcloud.com/discover"}}, {"model": "tour.toururl", "pk": 5, "fields": {"tour": 4, "url": "https://soundcloud.com/discover"}}, {"model": "tour.toururl", "pk": 6, "fields": {"tour": 4, "url": "https://soundcloud.com/discover"}}, {"model": "tour.toururl", "pk": 7, "fields": {"tour": 4, "url": "https://soundcloud.com/discover"}}, {"model": "tour.toururl", "pk": 8, "fields": {"tour": 4, "url": "https://soundcloud.com/discover"}}, {"model": "tour.toururl", "pk": 9, "fields": {"tour": 4, "url": "https://soundcloud.com/discover"}}, {"model": "tour.toururl", "pk": 10, "fields": {"tour": 4, "url": "https://soundcloud.com/discover"}}, {"model": "tour.toururl", "pk": 11, "fields": {"tour": 4, "url": "https://soundcloud.com/discover"}}, {"model": "tour.toururl", "pk": 12, "fields": {"tour": 4, "url": "https://soundcloud.com/discover"}}, {"model": "tour.toururl", "pk": 13, "fields": {"tour": 4, "url": "https://soundcloud.com/discover"}}, {"model": "tour.toururl", "pk": 14, "fields": {"tour": 5, "url": "https://soundcloud.com/discover"}}, {"model": "tour.toururl", "pk": 15, "fields": {"tour": 5, "url": "https://soundcloud.com/discover"}}, {"model": "tour.toururl", "pk": 16, "fields": {"tour": 5, "url": "https://soundcloud.com/discover"}}, {"model": "tour.tourcomment", "pk": 34, "fields": {"message": "tour 1", "commented_at": "2020-11-13", "rating": 3, "comment_reply": null, "tour": 1, "user": ["muradmemmedli"]}}, {"model": "tour.tourcomment", "pk": 35, "fields": {"message": "tour 2", "commented_at": "2020-11-13", "rating": 4, "comment_reply": null, "tour": 1, "user": ["muradmemmedli"]}}, {"model": "tour.tourcomment", "pk": 36, "fields": {"message": "tour 1 reply", "commented_at": "2020-11-13", "rating": null, "comment_reply": 34, "tour": 1, "user": ["muradmemmedli"]}}, {"model": "tour.tourcomment", "pk": 37, "fields": {"message": "tour 1 reply 2", "commented_at": "2020-11-13", "rating": null, "comment_reply": 34, "tour": 1, "user": ["muradmemmedli"]}}, {"model": "tour.tourcomment", "pk": 38, "fields": {"message": "tour 2 reply", "commented_at": "2020-11-13", "rating": null, "comment_reply": 35, "tour": 1, "user": ["muradmemmedli"]}}, {"model": "tour.tourcomment", "pk": 39, "fields": {"message": "tour 1\n", "commented_at": "2020-11-19", "rating": 3, "comment_reply": null, "tour": 2, "user": ["muradmemmedli"]}}, {"model": "activity.activity", "pk": 1, "fields": {"organizer": 1, "title": "activity 1", "keyword": null, "descriptionaz": "Lorem Ipsum is simply dummy text of the printing and typesetting industry. Lorem Ipsum has been the industry's standard dummy text ever since the 1500s, when an unknown printer took a galley of type and scrambled it to make a typ", "descriptionen": "Lorem Ipsum is simply dummy text of the printing and typesetting industry. Lorem Ipsum has been the industry's standard dummy text ever since the 1500s, when an unknown printer took a galley of type and scrambled it to make a typ", "descriptionru": "Lorem Ipsum is simply dummy text of the printing and typesetting industry. Lorem Ipsum has been the industry's standard dummy text ever since the 1500s, when an unknown printer took a galley of type and scrambled it to make a typ", "activity_type": 1, "country": "Azerbaijan", "city": "Baku", "address": "28 May Street", "price": 343, "pricefor": 1, "currency": "AZN", "discount": null, "distance": null, "durationday": 3, "durationnight": 3, "datefrom": "2020-11-16", "dateto": "2020-12-04", "viewcount": 0, "avatar": "activity/avatar/open_top_london_bus_tour_640x360.jpg", "cover": "activity/cover/bmw.jpg", "guide": "Mirvari", "availabledays": null, "status": 1, "rating": 4, "map_link": null}}, {"model": "activity.activitydetailaz", "pk": 1, "fields": {"activity": 1, "title": "test", "text": "Lorem Ipsum is simply dummy text of the printing and typesetting industry. Lorem Ipsum has been the industry's standard dummy text ever since the 1500s, when an unknown printer took a galley of type and scrambled it to make a typLorem Ipsum is simply dummy text of the printing and typesetting industry. Lorem Ipsum has been the industry's standard dummy text ever since the 1500s, when an unknown printer took a galley of type and scrambled it to make a typ"}}, {"model": "activity.activitydetailaz", "pk": 2, "fields": {"activity": 1, "title": "test", "text": "Lorem Ipsum is simply dummy text of the printing and typesetting industry. Lorem Ipsum has been the industry's standard dummy text ever since the 1500s, when an unknown printer took a galley of type and scrambled it to make a typLorem Ipsum is simply dummy text of the printing and typesetting industry. Lorem Ipsum has been the industry's standard dummy text ever since the 1500s, when an unknown printer took a galley of type and scrambled it to make a typ"}}, {"model": "activity.activitydetailaz", "pk": 3, "fields": {"activity": 1, "title": "test", "text": "Lorem Ipsum is simply dummy text of the printing and typesetting industry. Lorem Ipsum has been the industry's standard dummy text ever since the 1500s, when an unknown printer took a galley of type and scrambled it to make a typLorem Ipsum is simply dummy text of the printing and typesetting industry. Lorem Ipsum has been the industry's standard dummy text ever since the 1500s, when an unknown printer took a galley of type and scrambled it to make a typ"}}, {"model": "activity.activitydetailen", "pk": 2, "fields": {"activity": 1, "title": "test", "text": "Lorem Ipsum is simply dummy text of the printing and typesetting industry. Lorem Ipsum has been the industry's standard dummy text ever since the 1500s, when an unknown printer took a galley of type and scrambled it to make a typLorem Ipsum is simply dummy text of the printing and typesetting industry. Lorem Ipsum has been the industry's standard dummy text ever since the 1500s, when an unknown printer took a galley of type and scrambled it to make a typ"}}, {"model": "activity.activitydetailen", "pk": 3, "fields": {"activity": 1, "title": "test", "text": "Lorem Ipsum is simply dummy text of the printing and typesetting industry. Lorem Ipsum has been the industry's standard dummy text ever since the 1500s, when an unknown printer took a galley of type and scrambled it to make a typLorem Ipsum is simply dummy text of the printing and typesetting industry. Lorem Ipsum has been the industry's standard dummy text ever since the 1500s, when an unknown printer took a galley of type and scrambled it to make a typ"}}, {"model": "activity.activitydetailen", "pk": 4, "fields": {"activity": 1, "title": "test", "text": "Lorem Ipsum is simply dummy text of the printing and typesetting industry. Lorem Ipsum has been the industry's standard dummy text ever since the 1500s, when an unknown printer took a galley of type and scrambled it to make a Lorem Ipsum is simply dummy text of the printing and typesetting industry. Lorem Ipsum has been the industry's standard dummy text ever since the 1500s, when an unknown printer took a galley of type and scrambled it to make a typ"}}, {"model": "activity.activityurl", "pk": 1, "fields": {"activity": 1, "url": "https://lipsum.com/"}}, {"model": "activity.activityurl", "pk": 2, "fields": {"activity": 1, "url": "https://lipsum.com/"}}, {"model": "activity.activityurl", "pk": 3, "fields": {"activity": 1, "url": "https://lipsum.com/"}}, {"model": "activity.activitycomment", "pk": 17, "fields": {"message": "activity 1", "commented_at": "2020-11-13", "rating": 4, "comment_reply": null, "activity": 1, "user": ["muradmemmedli"]}}, {"model": "activity.activitycomment", "pk": 18, "fields": {"message": "activity 2", "commented_at": "2020-11-13", "rating": 4, "comment_reply": null, "activity": 1, "user": ["muradmemmedli"]}}, {"model": "activity.activitycomment", "pk": 19, "fields": {"message": "activity 1 reply", "commented_at": "2020-11-13", "rating": null, "comment_reply": 17, "activity": 1, "user": ["muradmemmedli"]}}, {"model": "activity.activitycomment", "pk": 20, "fields": {"message": "activity 1 reply 2", "commented_at": "2020-11-13", "rating": null, "comment_reply": 17, "activity": 1, "user": ["muradmemmedli"]}}, {"model": "activity.activitycomment", "pk": 21, "fields": {"message": "activity 2 reply", "commented_at": "2020-11-13", "rating": null, "comment_reply": 18, "activity": 1, "user": ["muradmemmedli"]}}, {"model": "activity.activitycomment", "pk": 22, "fields": {"message": "activity 2 reply reply", "commented_at": "2020-11-14", "rating": null, "comment_reply": 21, "activity": 1, "user": ["ruhinshukurlu054"]}}, {"model": "training.training", "pk": 1, "fields": {"organizer": 1, "title": "training 1", "keyword": null, "descriptionaz": "Lorem Ipsum is simply dummy text of the printing and typesetting industry. Lorem Ipsum has been the industry's standard dummy text ever since the 1500s, when an unknown printer took a galley of type and scrambled it to make a type specimen book. It has survived not only five centuries,", "descriptionen": "Lorem Ipsum is simply dummy text of the printing and typesetting industry. Lorem Ipsum has been the industry's standard dummy text ever since the 1500s, when an unknown printer took a galley of type and scrambled it to make a type specimen book. It has survived not only five centuries,", "descriptionru": "Lorem Ipsum is simply dummy text of the printing and typesetting industry. Lorem Ipsum has been the industry's standard dummy text ever since the 1500s, when an unknown printer took a galley of type and scrambled it to make a type specimen book. It has survived not only five centuries,", "training_type": 1, "country": "Azerbaijan", "city": "Baku", "address": "28 May Street", "price": 345, "pricefor": 1, "currency": "AZN", "discount": null, "distance": null, "durationday": 4, "durationnight": 5, "datefrom": "2020-11-23", "dateto": "2020-11-27", "viewcount": 0, "avatar": "training/avatar/international-tour-packages.jpg", "cover": "training/cover/big-cat_EMoAbse.jpg", "trainer": "Mirvari", "availabledays": null, "status": 1, "rating": 3, "start_hour": "08:30:00", "finish_hour": "21:00:00", "map_link": null}}, {"model": "training.training", "pk": 2, "fields": {"organizer": 1, "title": "training 2", "keyword": null, "descriptionaz": "Lorem Ipsum is simply dummy text of the printing and typesetting industry. Lorem Ipsum has been the industry's standard dummy text ever since the 1500s, when an unknown printer took a galley of type and scrambled it to make a type specimen book. It has survived not only five centuries,", "descriptionen": "Lorem Ipsum is simply dummy text of the printing and typesetting industry. Lorem Ipsum has been the industry's standard dummy text ever since the 1500s, when an unknown printer took a galley of type and scrambled it to make a type specimen book. It has survived not only five centuries,", "descriptionru": "Lorem Ipsum is simply dummy text of the printing and typesetting industry. Lorem Ipsum has been the industry's standard dummy text ever since the 1500s, when an unknown printer took a galley of type and scrambled it to make a type specimen book. It has survived not only five centuries,", "training_type": 1, "country": "Turkey", "city": "Baku", "address": "28 May Street", "price": 43, "pricefor": 1, "currency": "AZN", "discount": null, "distance": null, "durationday": 3, "durationnight": 4, "datefrom": "2020-11-23", "dateto": "2020-11-27", "viewcount": 0, "avatar": "training/avatar/open_top_london_bus_tour_640x360.jpg", "cover": "training/cover/dark-road.jpg", "trainer": "Mirvari", "availabledays": null, "status": 1, "rating": 3, "start_hour": "23:34:00", "finish_hour": "12:34:00", "map_link": null}}, {"model": "training.trainingimage", "pk": 1, "fields": {"training": 1, "image": "training/image/family-tour-odisha.jpg"}}, {"model": "training.trainingimage", "pk": 2, "fields": {"training": 1, "image": "training/image/open_top_london_bus_tour_640x360.jpg"}}, {"model": "training.trainingimage", "pk": 3, "fields": {"training": 1, "image": "training/image/tour-operator-business-plan.jpg"}}, {"model": "training.trainingimage", "pk": 7, "fields": {"training": 2, "image": "training/image/big-cat_K1ymbZK.jpg"}}, {"model": "training.trainingschedule", "pk": 1, "fields": {"training": 1, "image": "training/schedule/bmw_1.jpg"}}, {"model": "training.trainingschedule", "pk": 2, "fields": {"training": 1, "image": "training/schedule/international-tour-packages.jpg"}}, {"model": "training.trainingschedule", "pk": 3, "fields": {"training": 2, "image": "training/schedule/big-cat_uUaaGcJ.jpg"}}, {"model": "training.trainingschedule", "pk": 4, "fields": {"training": 2, "image": "training/schedule/dark-road.jpg"}}, {"model": "training.trainingschedule", "pk": 5, "fields": {"training": 2, "image": "training/schedule/bmw.jpg"}}, {"model": "training.comment", "pk": 29, "fields": {"message": "training 1", "commented_at": "2020-11-13", "rating": 3, "comment_reply": null, "training": 1, "user": ["muradmemmedli"]}}, {"model": "training.comment", "pk": 30, "fields": {"message": "training 2", "commented_at": "2020-11-13", "rating": 4, "comment_reply": null, "training": 1, "user": ["muradmemmedli"]}}, {"model": "training.comment", "pk": 31, "fields": {"message": "training 1 reply", "commented_at": "2020-11-13", "rating": null, "comment_reply": 29, "training": 1, "user": ["muradmemmedli"]}}, {"model": "training.comment", "pk": 32, "fields": {"message": "training 1 reply 2", "commented_at": "2020-11-13", "rating": null, "comment_reply": 29, "training": 1, "user": ["muradmemmedli"]}}, {"model": "training.comment", "pk": 33, "fields": {"message": "training 1 reply reply", "commented_at": "2020-11-13", "rating": null, "comment_reply": 31, "training": 1, "user": ["muradmemmedli"]}}, {"model": "training.comment", "pk": 34, "fields": {"message": "training 1 reply reply 2", "commented_at": "2020-11-13", "rating": null, "comment_reply": 31, "training": 1, "user": ["muradmemmedli"]}}, {"model": "training.comment", "pk": 35, "fields": {"message": "training 1 reply 2 reply", "commented_at": "2020-11-13", "rating": null, "comment_reply": 32, "training": 1, "user": ["muradmemmedli"]}}, {"model": "training.comment", "pk": 36, "fields": {"message": "training 3", "commented_at": "2020-11-19", "rating": 3, "comment_reply": null, "training": 1, "user": ["muradmemmedli"]}}, {"model": "training.comment", "pk": 37, "fields": {"message": "training 1", "commented_at": "2020-11-19", "rating": 5, "comment_reply": null, "training": 2, "user": ["muradmemmedli"]}}, {"model": "training.comment", "pk": 38, "fields": {"message": "training 2", "commented_at": "2020-11-19", "rating": 1, "comment_reply": null, "training": 2, "user": ["muradmemmedli"]}}, {"model": "training.comment", "pk": 39, "fields": {"message": "training  reply", "commented_at": "2020-11-19", "rating": null, "comment_reply": 37, "training": 2, "user": ["ruhinshukurlu"]}}]